Order number,Email,Financial Status,Paid at,Fulfillment Status,Fulfilled at,Accepts Marketing,Currency,Subtotal,Shipping,Taxes,Total,Discount Code,Discount Amount,Shipping Method,Created at,Lineitem quantity,Product,Lineitem price,Lineitem compare at price,Product number,Lineitem fulfillment status,Billing Name,Billing Street,Billing Address1,Billing Address2,Billing City,Billing Zip,Billing Province Code,Billing Country,Billing Phone,Shipping Name,Shipping Street,Shipping Address1,Shipping Address2,Shipping City,Shipping Zip,Shipping Province,Shipping Country,Shipping Phone,Payment Method,Refunded Amount,Outstanding Balance,Id,Risk Level,Source,Lineitem discount,Tax 1 Name,Tax 1 Value,Phone,Payment ID,Payment References
UKW1501592,ceebennett@hotmail.com,paid,2026-08-31 13:17:10 +0100,unfulfilled,,yes,GBP,11.99,0,2,11.99,,0,UK Standard Tracked,2026-08-31 13:17:09 +0100,1,Blue Ribbon Football Gifts Phone Case - iPhone 14 / Jelly Case,11.99,,KD13865,pending,BennettClaire,48 Castlehill Avenue,48 Castlehill Avenue,,Port Glasgow,PA14 6NY,SCT,GB,,BennettClaire,"48 CASTLEHILL AVENUE, PORT GLASGOW RENFREWSHIRE",48 CASTLEHILL AVENUE,PORT GLASGOW RENFREWSHIRE,RENFREWSHIRE,PA14 6NY,SCT,GB,7432120481,PayPal Express Checkout,0,0,7693194330441,Low,web,0,GB VAT 20%,2,,rvYyprpUehe1oMpnEN4LI2EjZ,rvYyprpUehe1oMpnEN4LI2EjZ
UKW1501591,sarah.karimova22@outlook.com,paid,2026-08-28 22:23:26 +0100,fulfilled,2026-08-31 11:09:33 +0100,yes,GBP,17,0,2.83,17,SHOPPAY15,2.99,UK Standard Tracked,2026-08-28 22:23:25 +0100,1,Stylish Clear Protective iPhone Case - iPhone 17 Air / Protective Magsafe Case,19.99,,PT100388,fulfilled,KarimovSarah,"Bramcote Road, 10 Bramcote Road",Bramcote Road,10 Bramcote Road,Birmingham,B32 1PE,ENG,GB,+447933180011,KarimovaSarah,10 Bramcote Road,10 Bramcote Road,,Birmingham,B32 1PE,ENG,GB,+447933180011,Shopify Payments,0,0,7686105399625,Low,3890849,0,GB VAT 20%,2.83,,r6TqWpYQTB3iiyocRgBIENsLG,r6TqWpYQTB3iiyocRgBIENsLG
UKW1501590,lizsmith298@icloud.com,paid,2026-08-28 21:57:16 +0100,fulfilled,2026-08-31 10:59:07 +0100,no,GBP,19.55,0,3.26,19.55,EXTRA15,6.43,UK Standard Tracked,2026-08-28 21:57:15 +0100,1,Amethyst Gemstone Phone Grip - Basic Phone Grip,5.99,,KD110017,fulfilled,SmithElizabeth,"9 Ness Walk, Allestree",9 Ness Walk,Allestree,Derby,DE22 2RY,ENG,GB,7904555257,SmithElizabeth,"9 Ness Walk, Allestree",9 Ness Walk,Allestree,Derby,DE22 2RY,ENG,GB,7904555257,PayPal Express Checkout,0,0,7686067224905,Low,web,2.99,GB VAT 20%,3.26,,rgrMhgE22RXaD98J2trGDsdb1,rgrMhgE22RXaD98J2trGDsdb1
UKW1501590,lizsmith298@icloud.com,,,,,,,,,,,,,,2026-08-28 21:57:15 +0100,1,Stylish Clear Protective Phone Case - iPhone 17 / Bumper Case (MagSafe),19.99,,KD20233,fulfilled,,,,,,,,,,,,,,,,,,,,,,,,,0,,,,,
UKW1501589,jakedennisgrady@gmail.com,paid,2026-08-28 09:58:11 +0100,fulfilled,2026-08-28 12:10:26 +0100,yes,GBP,16.99,5.99,3.83,22.98,,0,"UK EXPRESS(Evri,Royalmail 24)",2026-08-28 09:58:10 +0100,1,Girly Daily Fashion Items Sticker Phone Case - iPhone 15 / Bumper Case,16.99,,KD42664,fulfilled,Dennis GradyJake,37 Alderley Drive,37 Alderley Drive,,Stockport,SK6 2PN,ENG,GB,,Dennis GradyJake,37 Alderley Drive,37 Alderley Drive,,Stockport,SK6 2PN,ENG,GB,+44 7305 454676,Shopify Payments,0,0,7684328620361,Low,web,0,GB VAT 20%,3.83,,reKIJuZiEiY3KN4V5Mo2i9szF,reKIJuZiEiY3KN4V5Mo2i9szF
UKW1501588,billiewhitehouse23@gmail.com,paid,2026-08-28 00:54:00 +0100,fulfilled,2026-08-28 11:38:34 +0100,yes,GBP,22.99,0,3.83,22.99,,5.99,UK Standard Tracked,2026-08-28 00:53:59 +0100,1,Petite Red Ribbon Bow and Heart Phone Case - iPhone 15 Plus / Jelly Case,11.99,,KD25739,fulfilled,whitehouseBillie,"wenfro, 22 wenfro",wenfro,22 wenfro,abergele,LL22 7LE,WLS,GB,,WhitehouseBillie,18 Ellis Avenue,18 Ellis Avenue,,Rhyl,LL18 1DN,WLS,GB,7403137601,Shopify Payments,0,0,7683863216457,Low,web,5.99,GB VAT 20%,3.83,,rqn8XDZNNFJgowReHxCW6oW5W,rqn8XDZNNFJgowReHxCW6oW5W
UKW1501588,billiewhitehouse23@gmail.com,,,,,,,,,,,,,,2026-08-28 00:53:59 +0100,1,Colourful Polka Dot Phone Case - iPhone 15 Plus / Bumper Case,16.99,,KD16434,fulfilled,,,,,,,,,,,,,,,,,,,,,,,,,0,,,,,
UKW1501587,garan.subscriptions@gmail.com,paid,2026-08-26 09:42:13 +0100,fulfilled,2026-08-26 11:31:44 +0100,yes,GBP,14.45,0,2.41,14.45,EXTRA15,2.54,UK Standard Tracked,2026-08-26 09:42:12 +0100,1,Petite White Bows Phone Case - iPhone 13 / Bumper Case,16.99,,KD25890,fulfilled,SpillerGaran,24 Ffynone Drive,24 Ffynone Drive,,Swansea,SA1 6DD,WLS,GB,,SpillerGaran,24 Ffynone Road,24 Ffynone Road,,Swansea,SA1 6DD,WLS,GB,7540386979,Shopify Payments,0,0,7680400097609,Low,web,0,GB VAT 20%,2.41,,rTh1UlYZqOlP7ZgwaZgHoyWl8,rTh1UlYZqOlP7ZgwaZgHoyWl8
UKW1501586,alexandra.greaves@tiscali.co.uk,paid,2026-08-23 16:09:22 +0100,fulfilled,2026-08-23 17:07:38 +0100,yes,GBP,3.99,2.99,1.17,6.98,,0,UK Standard Tracked,2026-08-23 16:09:21 +0100,1,White Slim Hard Phone Case - iPhone 13 / 14,3.99,18,KD116619,fulfilled,GreavesAlex,"37 Bicester Road, Long Crendon",37 Bicester Road,Long Crendon,Aylesbury,HP18 9BP,ENG,GB,+447879841745,GreavesAlex,"37 Bicester Road, Long Crendon",37 Bicester Road,Long Crendon,Aylesbury,HP18 9BP,ENG,GB,+447879841745,Shopify Payments,0,0,7674004701513,Low,web,0,GB VAT 20%,1.17,,rZpURY2U6HjKbefzhulV8TlMT,rZpURY2U6HjKbefzhulV8TlMT
UKW1501585,laurenstandish@icloud.com,paid,2026-08-23 12:50:02 +0100,fulfilled,2026-08-23 17:22:22 +0100,yes,GBP,19.99,2.99,3.83,22.98,,0,UK Standard Tracked,2026-08-23 12:50:01 +0100,1,Personalised Instant Camera Photo with Petite Navy Bows Phone case - iPhone 13 / Bumper Case,19.99,,PSN0253,fulfilled,StandishLauren,78 Ivy Leigh,78 Ivy Leigh,,Liverpool,L13 7ER,ENG,GB,,AthertonMike,84 Easton Road,84 Easton Road,,Liverpool,L36 4PB,ENG,GB,7710591099,Shopify Payments,0,0,7673601851721,Low,web,0,GB VAT 20%,3.83,,rqHKbT8KXVi8PQAxc4CaVrHzV,rqHKbT8KXVi8PQAxc4CaVrHzV
UKW1501584,v4bcbuwcg4i2kd5ejrjhd3aumpp3y@scs3.tiktok.com,paid,2026-08-22 21:29:44 +0100,fulfilled,2026-08-23 17:03:36 +0100,no,GBP,3.99,0,0,3.99,,0,Shipped by Seller: Shipped by seller,2026-08-22 21:29:43 +0100,1,White Slim Hard Phone Case - iPhone 13 / 14,3.99,,KD116619,fulfilled,BenkhaledLeila,,,,,,,,,BenkhaledLeila,19 Goff street,19 Goff street,,Oxfordshire,OX2 8FW,ENG,GB,(+44)7928821009,tiktok_shop,0,0,7672676122953,Low,tiktok,0,Product Sales tax: White Slim Hard Phone Case 0%,0,,UKW1501584.1,UKW1501584.1
UKW1501583,amym1998@hotmail.co.uk,paid,2026-08-19 20:05:46 +0100,fulfilled,2026-08-20 11:38:46 +0100,yes,GBP,19.99,2.99,3.83,22.98,,0,UK Standard Tracked,2026-08-19 20:05:45 +0100,1,Petite Navy Ribbon Bows Phone Case - iPhone 17 Pro / Bumper Case (MagSafe),19.99,,KD25387,fulfilled,MarchantAmy,"43, Moyle House, Little Brights Road","43, Moyle House",Little Brights Road,Belvedere,DA17 6BF,ENG,GB,,MorpurgoAmy,60 Albany Road,60 Albany Road,,Chislehurst,BR7 6BQ,ENG,GB,7849630423,Shopify Payments,0,0,7666446762313,Low,web,0,GB VAT 20%,3.83,,rITzYc9aX3yxj5tE7jJTKKYxf,rITzYc9aX3yxj5tE7jJTKKYxf
UKW1501582,bertie.nedas@gmail.com,paid,2026-08-18 23:41:19 +0100,fulfilled,2026-08-19 11:23:03 +0100,yes,GBP,5.94,2.99,1.5,8.93,EXTRA15,1.04,UK Standard Tracked,2026-08-18 23:41:18 +0100,1,White Slim Hard Phone Case - iPhone 15 Pro,3.99,18,KD116616,fulfilled,NedasBertie,Test lodge,Test lodge,,Longstock,SO20 6DP,ENG,GB,+447464736536,NedasBertie,"So206dp, Test lodge",So206dp,Test lodge,Stockbridge,SO20 6DP,ENG,GB,+447464736536,Shopify Payments,0,0,7664621224265,Low,web,0,GB VAT 20%,1.5,,re2tVfDVRQepitbwgQbuSprB0,re2tVfDVRQepitbwgQbuSprB0
UKW1501582,bertie.nedas@gmail.com,,,,,,,,,,,,,,2026-08-18 23:41:18 +0100,1,Transparent 9H Premium Tempered Glass Pro Screen Protector For iPhone - iPhone 15 Pro,2.99,10,KD116528,fulfilled,,,,,,,,,,,,,,,,,,,,,,,,,0,,,,,
UKW1501581,hollypops17@yahoo.co.uk,paid,2026-08-16 23:57:02 +0100,fulfilled,2026-08-17 11:36:17 +0100,yes,GBP,9.99,2.99,2.17,12.98,,0,UK Standard Tracked,2026-08-16 23:57:01 +0100,1,Daisy Smile Phone Grip - Pink Magsafe Phone Grip,9.99,,KD110064,fulfilled,TharmeHolly,32 Sandcroft Avenue,32 Sandcroft Avenue,,Ryde,PO33 2TT,ENG,GB,,TharmeHolly,32 Sandcroft Avenue,32 Sandcroft Avenue,,Ryde,PO33 2TT,ENG,GB,7488327920,Shopify Payments,0,0,7660368724297,Low,web,0,GB VAT 20%,2.17,,rtPF0tQuGDBhzUzzCwaLgNUc1,rtPF0tQuGDBhzUzzCwaLgNUc1
UKW1501580,anna_olechowska@hotmail.com,paid,2026-08-14 08:50:47 +0100,fulfilled,2026-08-14 11:27:29 +0100,yes,GBP,11.99,2.99,2.5,14.98,,0,UK Standard Tracked,2026-08-14 08:50:46 +0100,1,Sakura Flower Aesthetic Phone Case - iPhone 16 / Jelly Case,11.99,,KD42783,fulfilled,OlechowskaAnna,52 Firefly Road,52 Firefly Road,,Upper Cambourne,CB23 6FW,ENG,GB,,OlechowskaAnna,52 Firefly Road,52 Firefly Road,,Cambridge,CB23 6FW,ENG,GB,+447821436707,Shopify Payments,0,0,7654958760265,Low,web,0,GB VAT 20%,2.5,,rBEv7uJ2pFr65SasSyiQCzfNb,rBEv7uJ2pFr65SasSyiQCzfNb
UKW1501579,sharikay790@hotmail.com,paid,2026-08-13 23:18:04 +0100,fulfilled,2026-08-14 11:08:50 +0100,yes,GBP,16.99,2.99,3.33,19.98,,0,UK Standard Tracked,2026-08-13 23:18:03 +0100,1,Oil Painting Leopard Print Phone Case - iPhone 14 / Bumper Case,16.99,,KD46225,fulfilled,Baxter-DoreSharon,4 Allen Green Close,4 Allen Green Close,,Radcliffe,M26 3BR,ENG,GB,,Baxter-DoreSharon,"4 Allen Green Close, Radcliffe",4 Allen Green Close,Radcliffe,Manchester,M26 3BR,ENG,GB,7943421429,Shopify Payments,0,0,7654517637449,Low,web,0,GB VAT 20%,3.33,,rCT9PJBNNjB3XEpURXSvGm5Lh,rCT9PJBNNjB3XEpURXSvGm5Lh
UKW1501578,garethperryef@gmail.com,paid,2026-08-12 19:46:45 +0100,fulfilled,2026-08-13 11:31:43 +0100,yes,GBP,16.99,2.99,3.33,19.98,,0,UK Standard Tracked,2026-08-12 19:46:44 +0100,1,Tiny Navy Bows Phone Case - iPhone 12 / Bumper Case,16.99,,KD31443,fulfilled,PerryGareth,"5 Llwyn Onn, Ponthir",5 Llwyn Onn,Ponthir,Newport,NP18 1PZ,WLS,GB,7836694542,PerryGareth,"5 Llwyn Onn, Ponthir",5 Llwyn Onn,Ponthir,Newport,NP18 1PZ,WLS,GB,7836694542,Shopify Payments,0,0,7652011966793,Low,web,0,GB VAT 20%,3.33,,rSyuij2IcKojlBs3PVeQPNVll,rSyuij2IcKojlBs3PVeQPNVll
UKW1501577,aliyusef.althonayan@gmail.com,paid,2026-08-10 11:50:21 +0100,fulfilled,2026-08-10 13:37:44 +0100,yes,GBP,70.95,0,11.83,70.95,,15.98,UK Standard Tracked,2026-08-10 11:50:20 +0100,1,Daisy Smile Phone Grip - Basic Phone Grip,5.99,,KD110061,fulfilled,AlthonayanAli,"Nine Elms Lane, Apartment 83 riverlight 3",Nine Elms Lane,Apartment 83 riverlight 3,London,SW11 8BE,ENG,GB,+966534380099,AlthonayanAli,"Nine Elms Lane, Apartment 83 riverlight 3",Nine Elms Lane,Apartment 83 riverlight 3,London,SW11 8BE,ENG,GB,+44534380099,Shopify Payments,0,0,7642911965513,Low,web,5.99,GB VAT 20%,11.83,,rOCiIroff5mWatO8ZkcPJ096k,rOCiIroff5mWatO8ZkcPJ096k
UKW1501577,aliyusef.althonayan@gmail.com,,,,,,,,,,,,,,2026-08-10 11:50:20 +0100,1,Cute & Trendy Yellow Smile Phone Grip - Pink Magsafe Phone Grip,9.99,,KD110036,fulfilled,,,,,,,,,,,,,,,,,,,,,,,,,9.99,,,,,
UKW1501577,aliyusef.althonayan@gmail.com,,,,,,,,,,,,,,2026-08-10 11:50:20 +0100,1,Daisy Phone Grip - Pink Magsafe Phone Grip,9.99,,KD110048,fulfilled,,,,,,,,,,,,,,,,,,,,,,,,,0,,,,,
UKW1501577,aliyusef.althonayan@gmail.com,,,,,,,,,,,,,,2026-08-10 11:50:20 +0100,1,Daisy Smile Phone Grip - Pink Magsafe Phone Grip,9.99,,KD110064,fulfilled,,,,,,,,,,,,,,,,,,,,,,,,,0,,,,,
UKW1501577,aliyusef.althonayan@gmail.com,,,,,,,,,,,,,,2026-08-10 11:50:20 +0100,1,Good Luck Smiley Face in Black Clear iPhone Case - iPhone 17 Pro Max / Protective Case,16.99,,PT100406,fulfilled,,,,,,,,,,,,,,,,,,,,,,,,,0,,,,,
UKW1501577,aliyusef.althonayan@gmail.com,,,,,,,,,,,,,,2026-08-10 11:50:20 +0100,1,Cute Smile Daisy Flowers iPhone Case - iPhone 17 Pro Max / Protective Case,16.99,,PT100594,fulfilled,,,,,,,,,,,,,,,,,,,,,,,,,0,,,,,
UKW1501577,aliyusef.althonayan@gmail.com,,,,,,,,,,,,,,2026-08-10 11:50:20 +0100,1,Daisy Smile Faces iPhone Case - iPhone 17 Pro Max / Protective Case,16.99,,PT100519,fulfilled,,,,,,,,,,,,,,,,,,,,,,,,,0,,,,,
UKW1501576,younee0811@gmail.com,paid,2026-08-10 11:27:45 +0100,fulfilled,2026-08-10 12:46:22 +0100,no,GBP,5.99,2.99,1.5,8.98,,0,UK Standard Tracked,2026-08-10 11:27:44 +0100,1,Petite Navy Ribbon Bows Phone Grip - Basic Phone Grip,5.99,,KD110093,fulfilled,Nee GrmanYou,"Queich Place, 16",Queich Place,16,Kinross,KY13 8DF,SCT,GB,+44 7539 225436,GY,"7 Stuart Crescent, 5",7 Stuart Crescent,5,Edinburgh,EH12 8XR,SCT,GB,+44 7539 225436,Shopify Payments,0,0,7642862682441,Low,web,0,GB VAT 20%,1.5,,rZHdSSTkS4z5ANeXOLBv4egu0,rZHdSSTkS4z5ANeXOLBv4egu0
UKW1501575,natasharhiannon98@gmail.com,paid,2026-08-09 14:17:13 +0100,fulfilled,2026-08-10 12:20:46 +0100,yes,GBP,10.2,2.99,2.2,13.19,EXTRA15,1.79,UK Standard Tracked,2026-08-09 14:17:12 +0100,1,Mini Tulip Phone Case - iPhone 17 / Jelly Case,11.99,,KD24125,fulfilled,MclooneNatalie,"105, Well Road",105,Well Road,Barnet,EN5 3EA,ENG,GB,7572610868,MclooneNatalie,"105, Well Road",105,Well Road,Barnet,EN5 3EA,ENG,GB,7572610868,Shopify Payments,0,0,7641111527753,Low,web,0,GB VAT 20%,2.2,,rM3V7bEZejL2Ps0UJL7l07wDY,rM3V7bEZejL2Ps0UJL7l07wDY
UKW1501574,ogmwest11@gmail.com,paid,2026-08-08 21:10:53 +0100,fulfilled,2026-08-10 12:14:49 +0100,yes,GBP,19.54,2.99,3.76,22.53,EXTRA15,3.44,UK Standard Tracked,2026-08-08 21:10:52 +0100,1,Cute Skyblue Polka Dot Clear Phone Case - iPhone 15 Pro Max / Bumper Case (MagSafe),19.99,,KD18022,fulfilled,WestOtterly,"Broadhurst Cottage, Broadhurst Manor Road",Broadhurst Cottage,Broadhurst Manor Road,Haywards Heath,RH17 7BG,ENG,GB,,WestOtterly,"Broadhurst Cottage, Broadhurst Manor Road",Broadhurst Cottage,Broadhurst Manor Road,Haywards Heath,RH17 7BG,ENG,GB,7771107305,Shopify Payments,0,0,7639946527049,Low,web,0,GB VAT 20%,3.76,,rTaJ86Z7hpUQIC8rhI7goO8bn,rTaJ86Z7hpUQIC8rhI7goO8bn
UKW1501574,ogmwest11@gmail.com,,,,,,,,,,,,,,2026-08-08 21:10:52 +0100,1,Transparent 9H Premium Tempered Glass Pro Screen Protector For iPhone - iPhone 15 Pro Max,2.99,10,KD116530,fulfilled,,,,,,,,,,,,,,,,,,,,,,,,,0,,,,,
UKW1501573,baileymcguigan09@icloud.com,paid,2026-08-08 12:18:25 +0100,fulfilled,2026-08-10 11:47:52 +0100,yes,GBP,19.99,2.99,3.83,22.98,,0,UK Standard Tracked,2026-08-08 12:18:24 +0100,1,Tiny Navy Bows Phone Case - iPhone 17 Pro Max / Bumper Case (MagSafe),19.99,,KD31396,fulfilled,FurySissy,"23 Hartfordbridge, Caravan Site Bedlington",23 Hartfordbridge,Caravan Site Bedlington,Newcastle,NE22 6AD,ENG,GB,,McguiganBailey,"23 Hartfordbridge Bedlington, Caravan Site Bedlington",23 Hartfordbridge Bedlington,Caravan Site Bedlington,Newcastle,NE22 6AD,ENG,GB,7787414273,Shopify Payments,0,0,7638934257993,Low,web,0,GB VAT 20%,3.83,,rMXT1Lc08rS8W1DjIAs2ht4e0,rMXT1Lc08rS8W1DjIAs2ht4e0
UKW1501572,florinemma5@gmail.com,paid,2026-08-07 20:32:26 +0100,fulfilled,2026-08-10 11:21:05 +0100,no,GBP,24.49,0,4.08,24.49,,0,UK Standard Tracked,2026-08-07 20:32:25 +0100,1,Pink Fluffy Ribbon Magsafe Phone Case and Phone Grip Bundle - iPhone 15 Pro Max,24.49,,BD100030,fulfilled,ParvuFlorin,"2, Gladstone terrace",2,Gladstone terrace,Deeside,CH5 2DR,WLS,GB,+447512793369,ParvuFlorin,"2 Gladstone Terrace, Pentre",2 Gladstone Terrace,Pentre,Deeside,CH5 2DR,WLS,GB,7512793369,Shopify Payments,0,0,7637915402569,Low,web,0,GB VAT 20%,4.08,,rxY17Ciep0cc1qIPLT69Cu5PN,rVChwwXtslp6UGVKIJSAAuGuk + rxY17Ciep0cc1qIPLT69Cu5PN
UKW1501571,amy.baker2404@gmail.com,paid,2026-08-06 20:59:01 +0100,fulfilled,2026-08-07 11:38:48 +0100,no,GBP,17.99,2.99,3.5,20.98,,5.99,UK Standard Tracked,2026-08-06 20:59:00 +0100,1,Pink Bows and Hearts Phone case - iPhone 15 / Jelly Case,11.99,,KD47532,fulfilled,BakerAmy,10 Parkstone Ave,10 Parkstone Ave,,Cardiff,CF3 5TY,WLS,GB,+447493500578,BakerAmy,10 Parkstone Ave,10 Parkstone Ave,,Cardiff,CF3 5TY,WLS,GB,+447493500578,Shopify Payments,0,0,7634010308937,Low,web,5.99,GB VAT 20%,3.5,+447493500578,reBvgTrebcxAnf66hOsdt8ICj,reBvgTrebcxAnf66hOsdt8ICj
UKW1501571,amy.baker2404@gmail.com,,,,,,,,,,,,,,2026-08-06 20:59:00 +0100,1,Small Pink Ribbon Phone Case - iPhone 15 / Jelly Case,11.99,,KD29693,fulfilled,,,,,,,,,,,,,,,,,,,,,,,,,0,,,+447493500578,,
UKW1501570,adsmp90@gmail.com,paid,2026-08-04 09:40:53 +0100,fulfilled,2026-08-04 12:01:09 +0100,no,GBP,24.3,0,4.05,24.3,SUMMER10,11.68,UK Standard Tracked,2026-08-04 09:40:52 +0100,1,Ivory Embroidered Lace Flower Phone Case - iPhone 15 Pro / Bumper Case (MagSafe),17.99,,KD47669,fulfilled,PerezAlessandra,33 Brabazon Road,33 Brabazon Road,,Leicester,LE2 5HF,ENG,GB,,PerezA,"33 Brabazon Road, Oadby",33 Brabazon Road,Oadby,Leicester,LE2 5HF,ENG,GB,+447306447153,Shopify Payments,0,0,7627943051593,Low,web,8.99,GB VAT 20%,4.05,,rIFvlVTAF4bzjPIVP4WDsyHG2,rIFvlVTAF4bzjPIVP4WDsyHG2
UKW1501570,adsmp90@gmail.com,,,,,,,,,,,,,,2026-08-04 09:40:52 +0100,1,Secret Flower Garden Phone Case - iPhone 15 Pro / Bumper Case (MagSafe),17.99,,KD18874,fulfilled,,,,,,,,,,,,,,,,,,,,,,,,,0,,,,,
UKW1501569,laurenmccarthy391@gmail.com,paid,2026-08-02 19:40:19 +0100,fulfilled,2026-08-04 11:18:03 +0100,no,GBP,22.49,0,3.75,22.49,,7.49,UK Standard Tracked,2026-08-02 19:40:18 +0100,1,Colourful Smiles Phone Case - iPhone 14 Pro Max / Bumper Case,14.99,,KD16581,fulfilled,mccarthylauren,21 Westside Road,21 Westside Road,,Sleaford,NG34 8FL,ENG,GB,,mccarthylauren,"1 Cornwall Close, Scampton",1 Cornwall Close,Scampton,Lincoln,LN1 2UH,ENG,GB,7450367200,Shopify Payments,0,0,7624467284297,Low,web,7.49,GB VAT 20%,3.75,,rr309OL9LVyHv6NorlTmIxVp7,rr309OL9LVyHv6NorlTmIxVp7
UKW1501569,laurenmccarthy391@gmail.com,,,,,,,,,,,,,,2026-08-02 19:40:18 +0100,1,Daisy Smile Faces Phone Case - iPhone 14 Pro Max / Bumper Case,14.99,,KD18495,fulfilled,,,,,,,,,,,,,,,,,,,,,,,,,0,,,,,
UKW1501568,angeliredhead18@gmail.com,paid,2026-08-01 21:12:29 +0100,fulfilled,2026-08-03 11:38:37 +0100,yes,GBP,24.3,0,4.05,24.3,SUMMER10,11.68,UK Standard Tracked,2026-08-01 21:12:28 +0100,1,Petite Navy Ribbon Bows Phone Case - iPhone 17 Pro Max / Bumper Case (MagSafe),17.99,,KD25390,fulfilled,RedheadAngelique,"26 Gloucester Road, Sawtry",26 Gloucester Road,Sawtry,Huntingdon,PE28 5NB,ENG,GB,+447474990106,RedheadAngelique,"26 Gloucester Road, Sawtry",26 Gloucester Road,Sawtry,Huntingdon,PE28 5NB,ENG,GB,+447474990106,Shopify Payments,0,0,7622591643977,Low,web,8.99,GB VAT 20%,4.05,,r7hQPgb64YMs4nOS4anbQmtrN,r7hQPgb64YMs4nOS4anbQmtrN
UKW1501568,angeliredhead18@gmail.com,,,,,,,,,,,,,,2026-08-01 21:12:28 +0100,1,Brush Ink Polka Dot Clear Phone Case - iPhone 17 Pro Max / Bumper Case (MagSafe),17.99,,KD42320,fulfilled,,,,,,,,,,,,,,,,,,,,,,,,,0,,,,,
UKW1501567,tiernanmcgee@outlook.com,paid,2026-08-01 14:31:25 +0100,fulfilled,2026-08-03 11:36:07 +0100,no,GBP,9,2.99,2,11.99,SUMMER10,0.99,UK Standard Tracked,2026-08-01 14:31:24 +0100,1,Stylish Clear Protective Phone Case - iPhone 16 Pro / Jelly Case,9.99,,KD20246,fulfilled,McGeeTiernan,11 Corrainey Gardens,11 Corrainey Gardens,,Dungannon,BT70 1UE,NIR,GB,,McGeeTiernan,11 Corrainey Gardens,11 Corrainey Gardens,,Dungannon,BT70 1UE,NIR,GB,7464621886,Shopify Payments,0,0,7621832442185,Low,web,0,GB VAT 20%,2,,rjCKz5Ps1plWuCzoZIM6egtVY,rjCKz5Ps1plWuCzoZIM6egtVY
UKW1501566,rebeccawesthead13@gmail.com,paid,2026-07-31 09:16:10 +0100,fulfilled,2026-07-31 11:04:51 +0100,no,GBP,17.99,2.99,3.5,20.98,,0,UK Standard Tracked,2026-07-31 09:16:09 +0100,1,Mini Purple Butterflies iPhone Case - iPhone 17 / Protective Magsafe Case,17.99,,PT100330,fulfilled,WestheadRebecca,68 Brocklesby Road,68 Brocklesby Road,,Scunthorpe,DN17 2LP,ENG,GB,7963553606,WestheadRebecca,68 brocklesby road,68 brocklesby road,,scunthorpe,DN17 2LP,ENG,GB,7963553606,Shopify Payments,0,0,7618380661065,Low,web,0,GB VAT 20%,3.5,+447963553606,rWnEZbbHqKtIUKqLICbyiWhs6,rWnEZbbHqKtIUKqLICbyiWhs6
UKW1501565,Madlizzie06@icloud.com,paid,2026-07-28 13:29:03 +0100,fulfilled,2026-07-28 13:40:54 +0100,yes,GBP,13.5,2.99,2.75,16.49,SUMMER10,1.49,UK Standard Tracked,2026-07-28 13:29:02 +0100,1,Mini Purple Butterflies Phone Case - iPhone 17 / Bumper Case,14.99,,KD24060,fulfilled,StreetMaddy,64 Althrop Grove,64 Althrop Grove,,Stoke-on-Trent,ST3 1UF,ENG,GB,,StreetMaddy,64 Althrop Grove,64 Althrop Grove,,Stoke-on-Trent,ST3 1UF,ENG,GB,7786893150,Shopify Payments,0,0,7612448112969,Low,web,0,GB VAT 20%,2.75,,rZ1Cbc4dW21mwiEXwAUcymP5p,rZ1Cbc4dW21mwiEXwAUcymP5p
UKW1501564,bethanyduke@aol.com,paid,2026-07-28 11:35:42 +0100,fulfilled,2026-07-28 12:10:41 +0100,yes,GBP,8.99,2.99,2,11.98,,0,UK Standard Tracked,2026-07-28 11:35:41 +0100,1,Purple Smile Phone Grip - White Magsafe Phone Grip,8.99,,KD110038,fulfilled,DukeBeth,"Flat 3201, 68 Manilla Street",Flat 3201,68 Manilla Street,London,E14 8QW,ENG,GB,+447851038759,DukeBeth,8 valley gardens,8 valley gardens,,Leiston,IP16 4BS,ENG,GB,+447851038759,Shopify Payments,0,0,7612199076169,Low,web,0,GB VAT 20%,2,,raxMBmOkvMgi0ayFLwRp2WmQd,raxMBmOkvMgi0ayFLwRp2WmQd
UKW1501563,lod2712@gmail.com,paid,2026-07-26 17:15:49 +0100,fulfilled,2026-07-27 12:10:26 +0100,yes,GBP,19.98,2.99,3.84,22.97,,9.99,UK Standard Tracked,2026-07-26 17:15:49 +0100,1,Smiley Daisy Aesthetic Phone Case - iPhone 16 / Jelly Case,9.99,,KD46134,fulfilled,ODonnellLorna,"67 Portree Avenue, Broughty Ferry",67 Portree Avenue,Broughty Ferry,Dundee,DD5 3EG,SCT,GB,7787737029,O'DonnellLorna,"67 Portree Avenue, Broughty Ferry",67 Portree Avenue,Broughty Ferry,Dundee,DD5 3EG,SCT,GB,7787737029,Shopify Payments,0,0,7608043503945,Low,web,9.99,GB VAT 20%,3.84,+447787737029,rhSED2ZCVWTd0RFD3NMgOUahJ,rhSED2ZCVWTd0RFD3NMgOUahJ
UKW1501563,lod2712@gmail.com,,,,,,,,,,,,,,2026-07-26 17:15:49 +0100,1,Daisy Dreams Phone Case - iPhone 17 / Jelly Case,9.99,,KD18317,fulfilled,,,,,,,,,,,,,,,,,,,,,,,,,0,,,+447787737029,,
UKW1501563,lod2712@gmail.com,,,,,,,,,,,,,,2026-07-26 17:15:49 +0100,1,Cute Puppy Beware of the Dog Watercolor Phone Case - iPhone 16 / Jelly Case,9.99,,KD46926,fulfilled,,,,,,,,,,,,,,,,,,,,,,,,,0,,,+447787737029,,
UKW1501562,beckyanderson1405@gmail.com,paid,2026-07-26 14:19:21 +0100,fulfilled,2026-07-27 11:36:29 +0100,yes,GBP,6.99,2.99,1.67,9.98,,0,UK Standard Tracked,2026-07-26 14:19:20 +0100,1,White MagSafe Tough Phone Case - iPhone 15,6.99,26,KD116677,fulfilled,AndersonBecky,9 The Fairways,9 The Fairways,,Portadown,BT62 3FR,NIR,GB,,BeckyBecky,9 The Fairways,9 The Fairways,,Portadown,BT62 3FR,NIR,GB,+447734174149,Shopify Payments,0,0,7607658578249,Low,web,0,GB VAT 20%,1.67,,rdQy6Vzi6lwTWKBZJWAKGigim,rdQy6Vzi6lwTWKBZJWAKGigim
UKW1501561,ellenrose989@outlook.com,paid,2026-07-23 17:18:18 +0100,fulfilled,2026-07-24 11:23:37 +0100,no,GBP,22.49,0,3.75,22.49,,7.49,UK Standard Tracked,2026-07-23 17:18:17 +0100,1,Red Roses Phone Case - iPhone 17 Air / Bumper Case,14.99,,KD28617,fulfilled,RoseEllen,11 New Road Court,11 New Road Court,,Porthcawl,CF36 5DQ,WLS,GB,447562391826,RoseEllen,11 New Road Court,11 New Road Court,,"Porthcawl, Bridgend",CF36 5DQ,WLS,GB,447562391826,Shopify Payments,0,0,7601822630217,Low,web,7.49,GB VAT 20%,3.75,+447562391826,rl70viRobQvnYCC7p6Iv3mw5U,rl70viRobQvnYCC7p6Iv3mw5U
UKW1501561,ellenrose989@outlook.com,,,,,,,,,,,,,,2026-07-23 17:18:17 +0100,1,Pink Ribbon Phone Case - iPhone 17 Air / Bumper Case,14.99,,KD26703,fulfilled,,,,,,,,,,,,,,,,,,,,,,,,,0,,,+447562391826,,
UKW1501560,shelly.shaheen3@gmail.com,paid,2026-07-23 02:03:16 +0100,fulfilled,2026-07-23 12:20:21 +0100,no,GBP,16.82,15.7,0,32.52,HELLOKODDY10,1.87,USA DELIVERY,2026-07-23 02:03:13 +0100,1,Halloween Pumpkin and Ribbon Phone Case - iPhone 16 Plus / Bumper Case (MagSafe),18.69,,KD20713,fulfilled,ShaheenDavid,1668 E Classical Blvd,1668 E Classical Blvd,,Delray Beach,33445,FL,US,+12407509636,ShaheenShelly,1668 E Classical Blvd,1668 E Classical Blvd,,Delray Beach,33445,FL,US,+12407509636,Shopify Payments,0,0,7600518889801,Low,web,0,,,,rk7Te39lfEdiTmH8x6DKaNwGb,rk7Te39lfEdiTmH8x6DKaNwGb + aJMRIGtwRCB9QMYe9mf6t96yJ
UKW1501559,estherodusami@gmail.com,paid,2026-07-21 22:34:29 +0100,fulfilled,2026-07-22 11:31:43 +0100,yes,GBP,14.99,2.99,3,17.98,,0,UK Standard Tracked,2026-07-21 22:34:29 +0100,1,Seoul Korean Aesthetic Stickers Phone Case - iPhone 17 Pro Max / Bumper Case,14.99,,KD32055,fulfilled,OdusamiEsther,"79 Fords Park Road, Flat",79 Fords Park Road,Flat,London,E16 1PP,ENG,GB,7398770548,OdusamiEsther,"79 Fords Park Road, Flat",79 Fords Park Road,Flat,London,E16 1PP,ENG,GB,7398770548,Shopify Payments,0,0,7598480458057,Low,web,0,GB VAT 20%,3,,rTr0tJIDJnpXp7TWxODvzoS8N,rTr0tJIDJnpXp7TWxODvzoS8N
UKW1501558,claire_wood@live.co.uk,paid,2026-07-19 11:30:26 +0100,fulfilled,2026-07-19 12:34:09 +0100,yes,GBP,13.5,2.99,2.75,16.49,SUMMER10,1.49,UK Standard Tracked,2026-07-19 11:30:25 +0100,1,Petite Navy Ribbon Bows Phone Case - iPhone 14 Pro / Bumper Case,14.99,,KD25419,fulfilled,WoodClaire,31 Somersall Park Road,31 Somersall Park Road,,Chesterfield,S40 3LD,ENG,GB,,WoodClaire,31 Somersall Park Rd,31 Somersall Park Rd,,Chesterfield,S40 3LD,ENG,GB,7903110408,Shopify Payments,0,0,7592692547913,Low,web,0,GB VAT 20%,2.75,,rAa8NAhxqKyOLdEPgOi2T583r,rAa8NAhxqKyOLdEPgOi2T583r
UKW1501557,ameliawolczyk26@gmail.com,paid,2026-07-18 16:32:53 +0100,fulfilled,2026-07-19 12:27:08 +0100,yes,GBP,1.99,2.99,0.83,4.98,,0,UK Standard Tracked,2026-07-18 16:32:52 +0100,1,White Slim Hard Phone Case - iPhone 15,1.99,18,KD116615,fulfilled,wolczykamelia,214 shephall way,214 shephall way,,stevenage,SG2 9RE,ENG,GB,+447547065703,WolczykAmelia,"214 Shephall Way, Shephall",214 Shephall Way,Shephall,Stevenage,SG2 9RE,ENG,GB,+447547065703,Shopify Payments,0,0,7591438614857,Low,web,0,GB VAT 20%,0.83,,rgHMMlVmLXyILcHXE8vl7ONIO,rEIZZU2COXsOYgMWO93gu7X0n + rgHMMlVmLXyILcHXE8vl7ONIO
UKW1501556,ellenrose89@hotmail.com,paid,2026-07-17 21:34:19 +0100,fulfilled,2026-07-19 15:04:18 +0100,yes,GBP,39.96,0,6.66,39.96,,19.98,UK Standard Tracked,2026-07-17 21:34:19 +0100,2,Blue Fluffy Ribbon Phone Case - iPhone 17 Air / Jelly Case,9.99,,KD13436,fulfilled,RoseEllen,11 New Road Court,11 New Road Court,,Porthcawl,CF36 5DQ,WLS,GB,,RoseEllen,"11 New Road Court, Porthcawl",11 New Road Court,Porthcawl,Bridgend,CF36 5DQ,WLS,GB,7562391826,Shopify Payments,0,0,7589750767945,Low,web,0,GB VAT 20%,6.66,,rRkPSjrymV1dJUXVwnbQut55F,rRkPSjrymV1dJUXVwnbQut55F
UKW1501556,ellenrose89@hotmail.com,,,,,,,,,,,,,,2026-07-17 21:34:19 +0100,1,Small Blue Fluffy Ribbon Phone Case - iPhone 17 Air / Jelly Case,9.99,,KD29144,fulfilled,,,,,,,,,,,,,,,,,,,,,,,,,9.99,,,,,
UKW1501556,ellenrose89@hotmail.com,,,,,,,,,,,,,,2026-07-17 21:34:19 +0100,1,Pink Rose Clear Phone Case - iPhone 17 Air / Jelly Case,9.99,,KD26768,fulfilled,,,,,,,,,,,,,,,,,,,,,,,,,9.99,,,,,
UKW1501556,ellenrose89@hotmail.com,,,,,,,,,,,,,,2026-07-17 21:34:19 +0100,2,Cute Pink Fluffy Ribbon Bows Phone Case - iPhone 17 Air / Jelly Case,9.99,,KD17726,fulfilled,,,,,,,,,,,,,,,,,,,,,,,,,0,,,,,
UKW1501555,c.hamilton1@hotmail.com,paid,2026-07-16 13:20:45 +0100,fulfilled,2026-07-19 12:45:44 +0100,no,GBP,17.99,2.99,3.5,20.98,,0,UK Standard Tracked,2026-07-16 13:20:45 +0100,1,Personalised Photo Phone Case - iPhone 16 Pro Max / Bumper Case,17.99,,PSN0015,fulfilled,HamiltonChelsee,10 Friers Crescent,10 Friers Crescent,,Newark,NG22 4LY,ENG,GB,7904605945,ChelseeChelsee,54 Eton Avnue,54 Eton Avnue,,Newaek,NG24 4JF,ENG,GB,7904605945,Shopify Payments,0,0,7587004973385,Low,web,0,GB VAT 20%,3.5,+447904605945,rYOa60y6gwQ8xytqdyrYBad8z,rYOa60y6gwQ8xytqdyrYBad8z
UKW1501554,maxymax360@yahoo.com,paid,2026-07-15 22:45:34 +0100,fulfilled,2026-07-19 11:58:46 +0100,yes,GBP,17.99,2.99,3.5,20.98,,0,UK Standard Tracked,2026-07-15 22:45:34 +0100,1,Stylish Clear Protective Phone Case - iPhone 17 Pro Max / Bumper Case (MagSafe),17.99,,KD20242,fulfilled,Amponsahmaxwell,15 Scott Terrace,15 Scott Terrace,,Bracknell,RG12 2QA,ENG,GB,7714003827,Amponsahmaxwell,15 Scott Terrace,15 Scott Terrace,,Bracknell,RG12 2QA,ENG,GB,7714003827,Shopify Payments,0,0,7585888174409,Low,web,0,GB VAT 20%,3.5,,rKMp2cXXyGyerdx3WTWyUQhtr,rKMp2cXXyGyerdx3WTWyUQhtr
UKW1501553,hamblymegan@gmail.com,paid,2026-07-14 21:33:30 +0100,fulfilled,2026-07-19 11:07:15 +0100,yes,GBP,14.49,2.99,2.92,17.48,,4.49,UK Standard Tracked,2026-07-14 21:33:26 +0100,1,Cute Strawberry and Colourful Daisy Phone Grip - Pink Magsafe Phone Grip,8.99,,KD110092,fulfilled,HamblyMegan,68 Hawthorn Road,68 Hawthorn Road,,Glasgow,G67 3LY,SCT,GB,,HamblyMegan,68 Hawthorn Road,68 Hawthorn Road,,Cumbernauld,G67 3LY,SCT,GB,7763910146,Shopify Payments,0,0,7583442207049,Low,web,4.49,GB VAT 20%,2.92,,r4LEa3JCOYkma5bvwlW2nMqg2,r4LEa3JCOYkma5bvwlW2nMqg2
UKW1501553,hamblymegan@gmail.com,,,,,,,,,,,,,,2026-07-14 21:33:26 +0100,1,Colorful Retro Pop Flower Pattern Phone Case - iPhone 17 / Jelly Case,9.99,,KD16007,fulfilled,,,,,,,,,,,,,,,,,,,,,,,,,0,,,,,
UKW1501552,gemmar18@icloud.com,paid,2026-07-14 16:37:56 +0100,fulfilled,2026-07-14 17:05:25 +0100,yes,GBP,17.99,2.99,3.5,20.98,,0,UK Standard Tracked,2026-07-14 16:37:55 +0100,1,Personalised Instant Camera Photo and Pink Dream Cushion Phone case - iPhone 12 / Bumper Case,17.99,,PSN0259,fulfilled,RoseGemma,"14 Culverden Avenue, Royal Tunbridge Wells",14 Culverden Avenue,Royal Tunbridge Wells,Tunbridge Wells,TN4 9RF,ENG,GB,7543036376,RoseGemma,"14 Culverden Avenue, Royal Tunbridge Wells",14 Culverden Avenue,Royal Tunbridge Wells,Tunbridge Wells,TN4 9RF,ENG,GB,7543036376,Shopify Payments,0,0,7582892917065,Low,web,0,GB VAT 20%,3.5,,r3tB9U14c9YZ2P9mhzetG94sg,r3tB9U14c9YZ2P9mhzetG94sg
UKW1501551,shonalouhoward@icloud.com,paid,2026-07-12 20:27:20 +0100,fulfilled,2026-07-13 10:54:22 +0100,yes,GBP,20.82,0,3.47,20.82,SUMMER15,3.67,UK Standard Tracked,2026-07-12 20:27:19 +0100,1,Pink Fluffy Ribbon Magsafe Phone Case and Phone Grip Bundle - iPhone 15 Pro Max,24.49,,BD100030,fulfilled,HowardShona,"32 West Avenue, Walkden",32 West Avenue,Walkden,Manchester,M28 0SP,ENG,GB,+447984654758,HowardShona,"32 West Avenue, Walkden",32 West Avenue,Walkden,MANCHESTER,M28 0SP,ENG,GB,+447984654758,Shopify Payments,0,0,7579090944329,Low,web,0,GB VAT 20%,3.47,,rqrrNvdfT8Vs3cUiAfJteWIh3,rqrrNvdfT8Vs3cUiAfJteWIh3
UKW1501550,catg1611@icloud.com,paid,2026-07-08 18:18:36 +0100,fulfilled,2026-07-09 11:00:22 +0100,yes,GBP,16.99,2.99,3.33,19.98,,0,UK Standard Tracked,2026-07-08 18:18:35 +0100,1,Micro Strawberry Phone Case - iPhone 15 / Bumper Case,16.99,,KD23292,fulfilled,gwynncatrin,cross park,cross park,,pennar,SA72 6SW,WLS,GB,,CatrinCatrin,48 Cross Park,48 Cross Park,,"Pembroke Dock, Pembrokeshire",SA72 6SW,WLS,GB,7853817805,Shopify Payments,0,0,7569957978441,Low,web,0,GB VAT 20%,3.33,,rKW92wmygrlAa7jgaGfZjeCXh,rKW92wmygrlAa7jgaGfZjeCXh
UKW1501549,najma394@live.co.uk,paid,2026-07-08 15:13:23 +0100,fulfilled,2026-07-08 15:51:08 +0100,yes,GBP,19.99,2.99,3.83,22.98,,0,UK Standard Tracked,2026-07-08 15:13:22 +0100,1,Croissants with Ribbon Bows Phone Case - iPhone 15 / Bumper Case (MagSafe),19.99,,KD17023,fulfilled,JalilNajma,25 Sylhet Close,25 Sylhet Close,,Bradford,BD1 3BU,ENG,GB,+447873485903,JalilNajma,25 Sylhet Close,25 Sylhet Close,,Bradford,BD1 3BU,ENG,GB,+447873485903,Shopify Payments,0,0,7569558307145,Low,3890849,0,GB VAT 20%,3.83,,rpdBeyDWgCvWmH4Gw1DKUgD0Q,rpdBeyDWgCvWmH4Gw1DKUgD0Q
UKW1501548,sineha.sn@gmail.com,partially_refunded,2026-07-03 18:22:01 +0100,fulfilled,2026-07-22 12:04:47 +0100,yes,GBP,31.98,2.99,5.83,35.42,,16.99,UK Standard Tracked,2026-07-03 18:22:00 +0100,1,Petite Navy Ribbon Bows Phone Case - iPhone 17 / Bumper Case,16.99,,KD25380,fulfilled,SelvaratnamSineha,68 Baron Gardens,68 Baron Gardens,,"Redbridge, London",IG6 1PB,ENG,GB,,SelvaratnamSineha,68 baron gardens,68 baron gardens,,London,IG6 1PB,ENG,GB,7869807137,Shopify Payments,1.55,15.44,7556770103625,Low,web,16.99,GB VAT 20%,5.83,,rTbFeEYYB0GeJQoUxWPQXN6D8,rTbFeEYYB0GeJQoUxWPQXN6D8 + z84HnasVfW844P98oMW3FWI85
UKW1501548,sineha.sn@gmail.com,,,,,,,,,,,,,,2026-07-03 18:22:00 +0100,1,Wild Flowers Clear iPhone Case - iPhone17 / Protective Case,16.99,,PT100041,fulfilled,,,,,,,,,,,,,,,,,,,,,,,,,0,,,,,
UKW1501548,sineha.sn@gmail.com,,,,,,,,,,,,,,2026-07-03 18:22:00 +0100,1,Stylish Wild Flowers Phone Case - iPhone 17 / Bumper Case,14.99,0,KD32244,fulfilled,,,,,,,,,,,,,,,,,,,,,,,,,0,,,,,
UKW1501547,evo261@yahoo.com,paid,2026-07-01 14:37:09 +0100,fulfilled,2026-07-01 14:57:49 +0100,yes,GBP,9.99,4.99,2.5,14.98,,9.99,UK Express Tracked,2026-07-01 14:37:08 +0100,1,Textured Crayon Style Pastel Polka Dot Clear Phone Case - iPhone 15 / Jelly Case,9.99,,KD31145,fulfilled,westevie,8 hollin road,8 hollin road,,macclesfield,SK10 5NQ,ENG,GB,,brownevie,8 Hollin Road,8 Hollin Road,,Macclesfield,SK10 5NQ,ENG,GB,7495658704,Shopify Payments,0,0,7550491328841,Low,web,9.99,GB VAT 20%,2.5,,rE3TcXgF5GRkdhQ3yjMAe3B7v,rE3TcXgF5GRkdhQ3yjMAe3B7v
UKW1501547,evo261@yahoo.com,,,,,,,,,,,,,,2026-07-01 14:37:08 +0100,1,Olive Green Polka Dot Clear Phone Case - iPhone 15 / Jelly Case,9.99,,KD42267,fulfilled,,,,,,,,,,,,,,,,,,,,,,,,,0,,,,,
UKW1501546,amyelizabethowen@hotmail.com.au,paid,2026-06-30 22:18:56 +0100,fulfilled,2026-07-01 13:28:11 +0100,yes,GBP,16.99,4.99,3.66,21.98,,16.99,UK Express Tracked,2026-06-30 22:18:55 +0100,1,Blue Shell and Starfish Clear Phone Case - iPhone 14 / Bumper Case,16.99,,KD45697,fulfilled,OwenAmy,"169 Penrhyn Avenue, Rhos On Sea",169 Penrhyn Avenue,Rhos On Sea,Llandudno,LL28 4LB,WLS,GB,,OwenAmy,"169 Penrhyn Avenue, Rhos On Sea",169 Penrhyn Avenue,Rhos On Sea,Llandudno,LL28 4LB,WLS,GB,7545996705,Shopify Payments,0,0,7548923216201,Low,web,16.99,GB VAT 20%,3.66,,rUwqQqGfs2RrOswSIWcMaoQu6,rUwqQqGfs2RrOswSIWcMaoQu6
UKW1501546,amyelizabethowen@hotmail.com.au,,,,,,,,,,,,,,2026-06-30 22:18:55 +0100,1,Violet Ribbon Bows Clear Phone Case - iPhone 14 / Bumper Case,16.99,,KD31686,fulfilled,,,,,,,,,,,,,,,,,,,,,,,,,0,,,,,
UKW1501545,oliviamrobin@gmail.com,paid,2026-06-30 20:30:40 +0100,fulfilled,2026-07-01 12:08:20 +0100,no,GBP,20.69,0,3.45,20.69,HELLOKODDY10,2.29,UK Standard Tracked,2026-06-30 20:30:39 +0100,1,Transparent 9H Premium Tempered Glass Pro Screen Protector For iPhone - iPhone 15,2.99,10,KD116527,fulfilled,RobinsonOlivia,9 River Place,9 River Place,,London,N1 2DE,ENG,GB,+13307807146,RobinsonOlivia,9 River Place,9 River Place,,London,N1 2DE,ENG,GB,,Shopify Payments,0,0,7548717760841,Low,web,0,GB VAT 20%,3.45,,rMdAy5MmvQS02fej7BmLlaAzo,rMdAy5MmvQS02fej7BmLlaAzo
UKW1501545,oliviamrobin@gmail.com,,,,,,,,,,,,,,2026-06-30 20:30:39 +0100,1,Wax Seal Gift Clear Phone Case - iPhone 15 / Bumper Case (MagSafe),19.99,,KD31807,fulfilled,,,,,,,,,,,,,,,,,,,,,,,,,0,,,,,
UKW1501544,jen@routenote.com,paid,2026-06-25 08:21:11 +0100,fulfilled,2026-06-25 11:58:05 +0100,yes,GBP,16,2.99,3.17,18.99,SUMMER20,3.99,UK Standard Tracked,2026-06-25 08:21:10 +0100,1,Stylish Indigo Lace Phone Case - iPhone 14 Plus / Bumper Case (MagSafe),19.99,,KD21265,fulfilled,GarrawayJennifer,"16 Forth an Tewennow, Phillack",16 Forth an Tewennow,Phillack,Hayle,TR27 4QE,ENG,GB,+447484731840,GarrawayJennifer,"16 Forth An Tewennow, Phillack",16 Forth An Tewennow,Phillack,Hayle,TR27 4QE,ENG,GB,+447484731840,Shopify Payments,0,0,7536929210697,Low,web,0,GB VAT 20%,3.17,,rnchOKymwu3PT54RTVeE5UEtd,rnchOKymwu3PT54RTVeE5UEtd
UKW1501543,jodiemcloughlin2014@outlook.com,paid,2026-06-24 13:24:16 +0100,fulfilled,2026-06-24 15:06:43 +0100,yes,GBP,4.99,2.99,1.33,7.98,,0,UK Standard Tracked,2026-06-24 13:24:15 +0100,1,Pink Ribbon Phone Grip - Basic Phone Grip,4.99,,KD110029,fulfilled,McloughlinJodie,17 Dryburgh way,17 Dryburgh way,,Liverpool,L4 4PW,ENG,GB,7584486523,McloughlinJodie,17 Dryburgh way,17 Dryburgh way,,Liverpool,L4 4PW,ENG,GB,7584486523,Shopify Payments,0,0,7535565177161,Low,web,0,GB VAT 20%,1.33,,rLbchIQL8nqwGCnuR5UGMF4dt,rLbchIQL8nqwGCnuR5UGMF4dt
UKW1001542,dave.snook@gmail.com,paid,2026-06-22 14:43:14 +0100,fulfilled,2026-06-22 15:07:25 +0100,yes,GBP,8.99,2.99,2,11.98,,0,UK Standard Tracked,2026-06-22 14:43:13 +0100,1,Cute Kitty Phone Grip - White Magnetic Phone Grip,8.99,,GR100101,fulfilled,SnookDavid,51 Piquet Road,51 Piquet Road,,London,SE20 7XY,ENG,GB,,SnookDavid,51 Piquet Road,51 Piquet Road,,London,SE20 7XY,ENG,GB,+447738337068,Shopify Payments,0,0,7531207459145,Low,web,0,GB VAT 20%,2,,rl6ImfTX772M34V9yqCgSfyLi,rl6ImfTX772M34V9yqCgSfyLi
UKW1001541,zwlUME@gmail.com,paid,2026-06-19 11:26:39 +0100,fulfilled,2026-06-19 13:49:08 +0100,no,GBP,16,2.99,3.17,18.99,SUMMER20,3.99,UK Standard Tracked,2026-06-19 11:26:38 +0100,1,Cute Otter Phone Case - iPhone 15 / Bumper Case (MagSafe),19.99,,KD17617,fulfilled,LehainBenjamin,23 Temple Wood Drive,23 Temple Wood Drive,,Redhill,RH1 2QD,ENG,GB,,ZhangWenling,"235 Irving house, 235 Irving house",235 Irving house,235 Irving house,London,SE17 3TS,ENG,GB,7494227829,Shopify Payments,0,0,7524378050889,Low,web,0,GB VAT 20%,3.17,,rEBcDJJ0OEfxbQt4l8K3zQ1Dh,rEBcDJJ0OEfxbQt4l8K3zQ1Dh
UKW1001540,leiamcneillbrown@gmail.com,paid,2026-06-17 23:52:42 +0100,fulfilled,2026-06-18 14:18:25 +0100,yes,GBP,8,2.99,1.83,10.99,SUMMER20,1.99,UK Standard Tracked,2026-06-17 23:52:41 +0100,1,Small Strawberry Phone Case - iPhone 15 / Jelly Case,9.99,,KD29825,fulfilled,brownleia,4 aboyne drive,4 aboyne drive,,paisley,PA2 7SJ,SCT,GB,+447340656254,brownleia,4 Aboyne Drive,4 Aboyne Drive,,Paisley,PA2 7SJ,SCT,GB,+447340656254,Shopify Payments,0,0,7520946192713,Low,web,0,GB VAT 20%,1.83,,rEIW94AE5lRJa2t8vJjaDxBV8,rEIW94AE5lRJa2t8vJjaDxBV8
UKW1001539,harshinisiripurapu007@gmail.com,paid,2026-06-17 19:28:40 +0100,fulfilled,2026-06-18 12:24:16 +0100,yes,GBP,20,0,3.34,20,SUMMER20,9.98,UK Standard Tracked,2026-06-17 19:28:39 +0100,1,Cozy Teddy Check Phone Case - iPhone 17 Pro Max / Bumper Case (MagSafe),19.99,,KD43079,fulfilled,SiripurapuHarshini,52 Radstock Avenue,52 Radstock Avenue,,"Harrow, London",HA3 8PE,ENG,GB,+447599166461,SiripurapuHarshini,52 Radstock Avenue,52 Radstock Avenue,,Harrow,HA3 8PE,ENG,GB,+447599166461,Shopify Payments,0,0,7519592382793,Low,web,0,GB VAT 20%,3.34,,r5EoAmnomKBrROrnZ1qutNdzx,rMCqCtbBCu1FtRS5NgpwU8EPR + r5EoAmnomKBrROrnZ1qutNdzx
UKW1001539,harshinisiripurapu007@gmail.com,,,,,,,,,,,,,,2026-06-17 19:28:39 +0100,1,Sky Blue Gingham Beach Phone Case - iPhone 17 Pro Max / Jelly Case,9.99,,KD45405,fulfilled,,,,,,,,,,,,,,,,,,,,,,,,,4.99,,,,,
UKW1001538,emilygregory14@icloud.com,paid,2026-06-17 15:21:23 +0100,fulfilled,2026-06-17 15:35:02 +0100,yes,GBP,19.6,2.99,3.77,22.59,SUMMER20,4.89,UK Standard Tracked,2026-06-17 15:21:22 +0100,1,Cherry Blossom Phone Case and Phone Grip Bundle - iPhone 17 Pro,24.49,,BD100146,fulfilled,GregoryEmily,20 Seymour Road,20 Seymour Road,,Chalfont St Giles,HP8 4RA,ENG,GB,,GregoryEmily,"15 Ridings Cottages, Earl Howe Road","15 Ridings Cottages, Earl Howe Road",,Holmer Green,HP15 6QQ,ENG,GB,7415629100,Shopify Payments,0,0,7517810622793,Low,web,0,GB VAT 20%,3.77,,rphH8H6d4yAjT9N3vA6z1rVwl,rqCG97LPY0Ri3x3CRXmENkQmP + rphH8H6d4yAjT9N3vA6z1rVwl
UKW1001537,safaimaan12@icloud.com,paid,2026-06-15 19:25:37 +0100,fulfilled,2026-06-23 09:32:02 +0100,yes,GBP,34,0,5.67,34,SUMMER20,16.97,UK Standard Tracked,2026-06-15 19:25:37 +0100,1,Romantic Pink Cherry Blossom Clear Phone Case - iPhone 17 Pro / Bumper Case,16.99,,KD42118,fulfilled,KhanSafa-imaan,"55 Ashwell Road, Heaton",55 Ashwell Road,Heaton,Bradford,BD9 4AX,ENG,GB,,KhanSafa-imaan,"55 Ashwell Road, Heaton",55 Ashwell Road,Heaton,Bradford,BD9 4AX,ENG,GB,+447380390659,Shopify Payments,0,13.6,7512114004297,Low,web,8.49,GB VAT 20%,5.67,,rtQDR2NvZeemItinwz204CDdo,rtQDR2NvZeemItinwz204CDdo
UKW1001537,safaimaan12@icloud.com,,,,,,,,,,,,,,2026-06-15 19:25:37 +0100,1,Pink Tulip Flower Phone Case - iPhone 17 Pro / Bumper Case,16.99,,KD42514,fulfilled,,,,,,,,,,,,,,,,,,,,,,,,,0,,,,,
UKW1001537,safaimaan12@icloud.com,,,,,,,,,,,,,,2026-06-15 19:25:37 +0100,1,Pink Tulip Flower Phone Case - iPhone 17 Pro / Bumper Case,16.99,0,KD42514,fulfilled,,,,,,,,,,,,,,,,,,,,,,,,,3.39,,,,,
UKW1001536,aroosah_q@hotmail.com,paid,2026-06-15 18:23:58 +0100,fulfilled,2026-06-16 12:00:53 +0100,yes,GBP,4,2.99,1.17,6.99,SUMMER20,0.99,UK Standard Tracked,2026-06-15 18:23:57 +0100,1,Blue Gemstone Phone Grip - Basic Phone Grip,4.99,,KD110021,fulfilled,QureshiAroosah,"7 Sunnyside Place, Wimbledon Village",7 Sunnyside Place,Wimbledon Village,London,SW19 4SJ,ENG,GB,,QureshiAroosah,7 Sunnyside Place,7 Sunnyside Place,,"Merton, London",SW19 4SJ,ENG,GB,7949332518,Shopify Payments,0,0,7511939055945,Low,web,0,GB VAT 20%,1.17,,rPw5O4OnWhmHZrXANuAOYSLTO,rPw5O4OnWhmHZrXANuAOYSLTO
UKW1001535,sarah.karimova22@outlook.com,paid,2026-06-14 18:00:13 +0100,fulfilled,2026-06-15 12:05:21 +0100,yes,GBP,19.99,2.99,3.83,22.98,,0,UK Standard Tracked,2026-06-14 18:00:12 +0100,1,Stylish Clear Protective Phone Case - iPhone 16 Pro Max / Bumper Case (MagSafe),19.99,,KD20254,fulfilled,KarimovSarah,"Bramcote Road, 10 Bramcote Road",Bramcote Road,10 Bramcote Road,Birmingham,B32 1PE,ENG,GB,,KarimovaSarah,10 Bramcote Road,10 Bramcote Road,,Birmingham,B32 1PE,ENG,GB,7933180011,Shopify Payments,0,0,7509158920521,Low,web,0,GB VAT 20%,3.83,,rVH3OkwsVrP9vdQJ4HE4t4XJz,rVH3OkwsVrP9vdQJ4HE4t4XJz
UKW1001534,karistx@icloud.com,paid,2026-06-10 21:39:06 +0100,fulfilled,2026-06-11 11:28:44 +0100,yes,GBP,19.6,2.99,3.77,22.59,SUMMER20,4.89,UK Standard Tracked,2026-06-10 21:39:05 +0100,1,Blue Fluffy Ribbon Magsafe Phone Case and Phone Grip Bundle - iPhone 16,24.49,,BD100005,fulfilled,TottohKaris,10 Greengage,10 Greengage,,Manchester,M13 9GA,ENG,GB,,TottohKaris,10 Greengage,10 Greengage,,Manchester,M13 9GA,ENG,GB,7826617352,Shopify Payments,0,0,7499875025225,Low,web,0,GB VAT 20%,3.77,,rKFE8SyUXsn0qaNwhrDqV4Zlk,rKFE8SyUXsn0qaNwhrDqV4Zlk
UKW1001533,sarahbagwell85@icloud.com,paid,2026-06-10 17:16:34 +0100,fulfilled,2026-06-11 11:10:51 +0100,yes,GBP,16.99,2.99,3.33,19.98,,0,UK Standard Tracked,2026-06-10 17:16:33 +0100,1,Stylish Clear Protective Phone Case - iPhone 16 / Bumper Case,16.99,,KD20244,fulfilled,BagwellSarah,286 prince regent lane,286 prince regent lane,,Londin,E16 3JH,ENG,GB,+447876515864,BagwellSarah,286 prince regent lane,286 prince regent lane,,Londin,E16 3JH,ENG,GB,+447876515864,Shopify Payments,0,0,7499186536777,Low,web,0,GB VAT 20%,3.33,,rjudd1kciDVije30zxdBKDkZU,rjudd1kciDVije30zxdBKDkZU
UKW1001532,doughty5@btinternet.com,partially_refunded,2026-06-10 12:00:08 +0100,fulfilled,2026-06-10 13:28:54 +0100,no,GBP,5.98,2.99,1.5,8.97,,0,UK Standard Tracked,2026-06-10 12:00:08 +0100,2,Transparent 9H Premium Tempered Glass Pro Screen Protector For iPhone - iPhone 16 Pro,2.99,10,KD116526,fulfilled,DoughtyAndrew,"5 Undercroft, Dunnington",5 Undercroft,Dunnington,York,YO19 5RP,ENG,GB,,DoughtyAndrew,"5 Undercroft, Dunnington",5 Undercroft,Dunnington,York,YO19 5RP,ENG,GB,7484134595,Shopify Payments,5.98,0,7498204315977,Low,web,0,GB VAT 20%,1.5,,rTWbOGG9ub72oeeB5GDxZeeC5,rTWbOGG9ub72oeeB5GDxZeeC5 + zCOjiUtoIFc7ke8cDZuUPqioj
UKW1001531,paul_thomas4@sky.com,paid,2026-06-10 07:18:31 +0100,fulfilled,2026-06-10 12:58:53 +0100,yes,GBP,16.99,2.99,3.33,19.98,,0,UK Standard Tracked,2026-06-10 07:18:31 +0100,1,Colourful Wildflower iPhone Case - iPhone 17 / Protective Case,16.99,,PT100489,fulfilled,THOMASPAUL,"26,MANOR PARK,NORTONFITZWARREN","26,MANOR PARK,NORTONFITZWARREN",,TAUNTON,TA2 6SG,ENG,GB,7407040652,THOMASPAUL,"26,MANOR PARK,NORTONFITZWARREN","26,MANOR PARK,NORTONFITZWARREN",,TAUNTON,TA2 6SG,ENG,GB,7407040652,PayPal Express Checkout,0,0,7497699754313,Low,web,0,GB VAT 20%,3.33,,rXN0MPS3Q4PErvXUnlyYpMJ3O,rXN0MPS3Q4PErvXUnlyYpMJ3O
UKW1001530,shonalouhoward@icloud.com,paid,2026-06-09 14:50:39 +0100,fulfilled,2026-06-10 11:48:19 +0100,yes,GBP,19.6,2.99,3.77,22.59,SUMMER20,4.89,UK Standard Tracked,2026-06-09 14:50:38 +0100,1,Pink Fluffy Ribbon Magsafe Phone Case and Phone Grip Bundle - iPhone 15 Pro Max,24.49,,BD100030,fulfilled,HowardShona,"32 West Avenue, Walkden",32 West Avenue,Walkden,Manchester,M28 0SP,ENG,GB,+447984654758,HowardShona,"32 West Avenue, Walkden",32 West Avenue,Walkden,MANCHESTER,M28 0SP,ENG,GB,+447984654758,Shopify Payments,0,0,7495805469001,Low,web,0,GB VAT 20%,3.77,,rv3UAaLZSPPULINsAT15ducqX,rv3UAaLZSPPULINsAT15ducqX
UKW1001529,77chaminda@live.com,paid,2026-06-09 10:37:09 +0100,fulfilled,2026-06-09 12:07:01 +0100,yes,GBP,16.99,2.99,3.33,19.98,,0,UK Standard Tracked,2026-06-09 10:37:08 +0100,1,Petite Navy Ribbon Bows Phone Case - iPhone 15 / Bumper Case,16.99,,KD25404,fulfilled,marambechaminda,culvers way 76,culvers way 76,,Carshalton,SM5 2LP,ENG,GB,7968367892,marambechaminda,culvers way 76,culvers way 76,,Carshalton,SM5 2LP,ENG,GB,7968367892,PayPal Express Checkout,0,0,7495251296585,Low,web,0,GB VAT 20%,3.33,,r5DnjS7rtcQyxcZDRucf8gMFj,r5DnjS7rtcQyxcZDRucf8gMFj
UKW1001528,natasharhiannon98@gmail.com,paid,2026-06-07 15:26:53 +0100,fulfilled,2026-06-08 12:08:42 +0100,no,GBP,14.99,2.99,3,17.98,,4.99,UK Standard Tracked,2026-06-07 15:26:52 +0100,1,Mini Purple Butterflies Phone Case - iPhone 17 / Jelly Case,9.99,,KD24059,fulfilled,MclooneNatalie,"105, Well Road",105,Well Road,Barnet,EN5 3EA,ENG,GB,7572610868,MclooneNatalie,"105, Well Road",105,Well Road,Barnet,EN5 3EA,ENG,GB,7572610868,Shopify Payments,0,0,7491608445257,Low,web,4.99,GB VAT 20%,3,,rJgVBVU8G6jxLi5SAgpd6lRkk,rJgVBVU8G6jxLi5SAgpd6lRkk
UKW1001528,natasharhiannon98@gmail.com,,,,,,,,,,,,,,2026-06-07 15:26:52 +0100,1,Stylish Wild Flowers Phone Case - iPhone 17 / Jelly Case,9.99,,KD32243,fulfilled,,,,,,,,,,,,,,,,,,,,,,,,,0,,,,,
UKW1001527,kimm13@hotmail.co.uk,paid,2026-06-06 09:39:35 +0100,fulfilled,2026-06-06 14:30:36 +0100,yes,GBP,24,0,4,24,SUMMER20,15.98,UK Standard Tracked,2026-06-06 09:39:35 +0100,1,Flowers with Ribbon Bows Phone Case - iPhone 13 / Bumper Case (MagSafe),19.99,,KD18961,fulfilled,PegdenKim,9 William Turner Road,9 William Turner Road,,Redcar,TS10 2GZ,ENG,GB,7795228851,PegdenKim,9 William Turner Road,9 William Turner Road,,Redcar,TS10 2GZ,ENG,GB,7795228851,Shopify Payments,0,0,7488904823113,Low,web,0,GB VAT 20%,4,,rnUGxlURUnqF6tgAdsiUy1D8J,rnUGxlURUnqF6tgAdsiUy1D8J
UKW1001527,kimm13@hotmail.co.uk,,,,,,,,,,,,,,2026-06-06 09:39:35 +0100,1,Flowers with Ribbon Bows Phone Case - iPhone 13 / Bumper Case (MagSafe),19.99,,KD18961,fulfilled,,,,,,,,,,,,,,,,,,,,,,,,,9.99,,,,,
UKW1001526,djamilamaroly2@gmail.com,paid,2026-06-05 20:00:58 +0100,fulfilled,2026-06-06 13:18:41 +0100,yes,GBP,7.2,5.99,2.2,13.19,SUMMER20,1.79,UK Premium Express / DPD,2026-06-05 20:00:58 +0100,1,Cute & Trendy Yellow Smile Phone Grip - White Magsafe Phone Grip,8.99,,KD110034,fulfilled,OliveiraMarlene,83 Burwell Road,83 Burwell Road,,London,E10 7QG,ENG,GB,7503907471,OliveiraMarlene,83 Burwell Road,83 Burwell Road,,London,E10 7QG,ENG,GB,7503907471,Shopify Payments,0,0,7488124584265,Low,web,0,GB VAT 20%,2.2,,rwB9Ox908PhnS97EJCNq6QQtF,rwB9Ox908PhnS97EJCNq6QQtF
UKW1001525,tracey.farrell@aol.co.uk,paid,2026-06-05 17:29:14 +0100,fulfilled,2026-06-06 13:49:01 +0100,yes,GBP,22.49,0,3.75,22.49,,2.49,UK Standard Tracked,2026-06-05 17:29:13 +0100,1,Purple Smile Phone Grip - Basic Phone Grip,4.99,,KD110037,fulfilled,FarrellTracey,Willow Crescent,Willow Crescent,,Rosyth,KY11 2ZS,SCT,GB,,FarrellTracey,"11 Willow Crescent, Rosyth",11 Willow Crescent,Rosyth,Dunfermline,KY11 2ZS,SCT,GB,7716088818,Shopify Payments,0,0,7487836455241,Low,web,2.49,GB VAT 20%,3.75,,rcXb0x74FZ7xovly5vq3HE19N,rcXb0x74FZ7xovly5vq3HE19N
UKW1001525,tracey.farrell@aol.co.uk,,,,,,,,,,,,,,2026-06-05 17:29:13 +0100,1,Violet Ribbon Bows Clear Phone Case - iPhone 14 / Bumper Case (MagSafe),19.99,,KD31687,fulfilled,,,,,,,,,,,,,,,,,,,,,,,,,0,,,,,
UKW1001524,1984linzxxx@gmail.com,paid,2026-06-03 04:09:02 +0100,fulfilled,2026-06-03 11:38:48 +0100,yes,GBP,8.99,2.99,2,11.98,,8.99,UK Standard Tracked,2026-06-03 04:09:02 +0100,1,Cute Strawberry and Colourful Daisy Phone Grip - Pink Magsafe Phone Grip,8.99,,KD110092,fulfilled,BarnesLindsay,21 Viking Close,21 Viking Close,,Gainsborough,DN21 1NS,ENG,GB,+447903141350,BarnesLindsay,21 Viking Close,21 Viking Close,,Gainsborough,DN21 1NS,ENG,GB,+447903141350,Shopify Payments,0,0,7482269565257,Low,web,8.99,GB VAT 20%,2,,rlsXfq6df9bfcFzETnRzvpsFP,rlsXfq6df9bfcFzETnRzvpsFP
UKW1001524,1984linzxxx@gmail.com,,,,,,,,,,,,,,2026-06-03 04:09:02 +0100,1,Cute Pink Fluffy Ribbon Phone Grip - Pink Magsafe Phone Grip,8.99,,KD110084,fulfilled,,,,,,,,,,,,,,,,,,,,,,,,,0,,,,,
UKW1001523,mandy.youngson@aol.com,paid,2026-06-02 14:05:17 +0100,fulfilled,2026-06-02 14:42:14 +0100,yes,GBP,3.99,2.99,1.17,6.98,,0,UK Standard Tracked,2026-06-02 14:05:16 +0100,1,White Slim Hard Phone Case - iPhone 15,3.99,18,KD116615,fulfilled,BuchanMandy,135 West Road,135 West Road,,Fraserburgh,AB43 9NE,SCT,GB,,BuchanMandy,135 West Road,135 West Road,,Fraserburgh,AB43 9NE,SCT,GB,7368994948,Shopify Payments,0,0,7481062654281,Low,web,0,GB VAT 20%,1.17,,r6jerUe9Y3onIMOuU5JZvNjo0,r6jerUe9Y3onIMOuU5JZvNjo0
UKW1001522,michellemcnaughton@btinternet.com,paid,2026-05-31 15:38:35 +0100,fulfilled,2026-06-01 13:39:58 +0100,yes,GBP,11.47,2.99,2.42,14.46,,6.51,UK Standard Tracked,2026-05-31 15:38:34 +0100,1,Daisy Phone Grip - Pink Magsafe Phone Grip,8.99,,KD110048,fulfilled,McNaughtonMichelle,8 Gortaclee Terrace,8 Gortaclee Terrace,,Cushendall,BT44 0TD,NIR,GB,+447398159777,McNaughtonMichelle,"8 Gortaclee Terrace, Cushendall",8 Gortaclee Terrace,Cushendall,Cushendall Ballymena,BT44 0TD,NIR,GB,7398159777,PayPal Express Checkout,0,0,7476346356041,Low,web,4.49,GB VAT 20%,2.42,,rNgu6EeOiU13kVIVqL01WZiGK,rNgu6EeOiU13kVIVqL01WZiGK
UKW1001522,michellemcnaughton@btinternet.com,,,,,,,,,,,,,,2026-05-31 15:38:34 +0100,1,Cherry Blossom Phone Grip - Pink Magsafe Phone Grip,8.99,,KD110052,fulfilled,,,,,,,,,,,,,,,,,,,,,,,,,0,,,,,
UKW1001521,julienbjensen@outlook.com,paid,2026-05-30 13:06:00 +0100,fulfilled,2026-05-30 15:20:45 +0100,no,GBP,21.67,0,3.61,21.67,,12.31,UK Standard Tracked,2026-05-30 13:05:59 +0100,1,Blue Shell and Starfish Clear Phone Case - iPhone 17 / Bumper Case,16.99,,KD45661,fulfilled,N. Bonde JensenJulie,"33 Millennium Apartments, Browns Hill",33 Millennium Apartments,Browns Hill,Penryn,TR10 8GL,ENG,GB,+447521259030,N. Bonde JensenJulie,"33 Millennium Apartments, Browns Hill",33 Millennium Apartments,Browns Hill,Penryn,TR10 8GL,ENG,GB,+447521259030,Shopify Payments,0,0,7473870274889,Low,web,8.49,GB VAT 20%,3.61,,rY62ZYAFr2JeOdMp9rPbxgqeo,rY62ZYAFr2JeOdMp9rPbxgqeo
UKW1001521,julienbjensen@outlook.com,,,,,,,,,,,,,,2026-05-30 13:05:59 +0100,1,Cute Korean K Food Sticker Phone Case - iPhone 17 / Bumper Case,16.99,,KD31782,fulfilled,,,,,,,,,,,,,,,,,,,,,,,,,0,,,,,
UKW1001520,shuvdarshav@gmail.com,paid,2026-05-26 18:23:18 +0100,fulfilled,2026-05-26 18:33:26 +0100,yes,GBP,17,4.99,3.66,21.99,,2.99,UK Express Tracked,2026-05-26 18:23:17 +0100,1,Stylish Clear Protective Phone Case - iPhone 15 Plus / Bumper Case (MagSafe),19.99,,KD20263,fulfilled,VDarsha,210 Trundley's Road,210 Trundley's Road,,"Lewisham, London",SE8 5JE,ENG,GB,,VDarsha,210 Trundley's Road,210 Trundley's Road,,"Lewisham, London",SE8 5JE,ENG,GB,+447470432288,Shopify Payments,0,0,7457698382153,Low,web,0,GB VAT 20%,3.66,,r2p8P2OYRrq1hmCFoUPkWclCr,r2p8P2OYRrq1hmCFoUPkWclCr
UKW1001519,fed.battelli@gmail.com,paid,2026-05-26 13:37:58 +0100,fulfilled,2026-05-26 15:04:25 +0100,yes,GBP,14.45,2.99,2.91,17.44,,2.54,UK Standard Tracked,2026-05-26 13:37:57 +0100,1,Small Lemons Phone Case - iPhone 17 / Bumper Case,16.99,,KD29604,fulfilled,BattelliFederica,"60-66 Saffron Hill, 4.8 Ziggurat Building",60-66 Saffron Hill,4.8 Ziggurat Building,London,EC1N 8QX,ENG,GB,7907020801,BattelliFederica,"60-66 Saffron Hill, 4.8 Ziggurat Building",60-66 Saffron Hill,4.8 Ziggurat Building,London,EC1N 8QX,ENG,GB,7907020801,Shopify Payments,0,0,7455342068041,Low,web,0,GB VAT 20%,2.91,,rc11gUMvAxGvmzgeCBS4utrEe,rc11gUMvAxGvmzgeCBS4utrEe
UKW1001518,jd8jq48xgc@privaterelay.appleid.com,paid,2026-05-26 10:44:22 +0100,fulfilled,2026-05-26 14:33:08 +0100,yes,GBP,12.75,2.99,2.63,15.74,,7.23,UK Standard Tracked,2026-05-26 10:44:21 +0100,1,Mini Blue Bubble Hearts Phone Case - iPhone 17 Pro / Jelly Case,9.99,,KD23471,fulfilled,BromleyMelanie,43 Gloucester Road,43 Gloucester Road,,Walsall,WS5 3PL,ENG,GB,+447777109519,AtkinsonMelanie,"78a Micklehome Drive, Alrewas",78a Micklehome Drive,Alrewas,Burton-on-Trent,DE13 7AT,ENG,GB,+447777109519,Shopify Payments,0,0,7454934303049,Low,web,4.99,GB VAT 20%,2.63,,r1eSncfXf9bhmYp7QODkweZ2b,r1eSncfXf9bhmYp7QODkweZ2b
UKW1001518,jd8jq48xgc@privaterelay.appleid.com,,,,,,,,,,,,,,2026-05-26 10:44:21 +0100,1,Tiny Navy Bows Phone Case - iPhone 14 / Jelly Case,9.99,,KD31421,fulfilled,,,,,,,,,,,,,,,,,,,,,,,,,0,,,,,
UKW1001517,kaseyharvey123@icloud.com,paid,2026-05-25 14:17:06 +0100,fulfilled,2026-05-26 13:55:40 +0100,yes,GBP,21.67,0,3.61,21.67,,12.31,UK Standard Tracked,2026-05-25 14:17:05 +0100,1,Pink Ribbon Phone Case - iPhone 15 Pro / Bumper Case,16.99,,KD26727,fulfilled,HarveyKasey,41 Antrim Avenue,41 Antrim Avenue,,Stranraer,DG9 7AZ,SCT,GB,7879558485,HarveyKasey,41 Antrim Avenue,41 Antrim Avenue,,Stranraer,DG9 7AZ,SCT,GB,7879558485,Shopify Payments,0,0,7453097689417,Low,web,8.49,GB VAT 20%,3.61,,rtBL7eW5zyskl6xShl9RSIQt8,rtBL7eW5zyskl6xShl9RSIQt8
UKW1001517,kaseyharvey123@icloud.com,,,,,,,,,,,,,,2026-05-25 14:17:05 +0100,1,Petite White Bows Phone Case - iPhone 15 Pro / Bumper Case,16.99,,KD25869,fulfilled,,,,,,,,,,,,,,,,,,,,,,,,,0,,,,,
UKW1001516,julienbjensen@outlook.com,paid,2026-05-23 22:24:00 +0100,fulfilled,2026-05-25 10:09:57 +0100,no,GBP,12.75,2.99,2.63,15.74,,7.23,UK Standard Tracked,2026-05-23 22:23:59 +0100,1,Cute Korean K Food Sticker Phone Case - iPhone 17 / Jelly Case,9.99,,KD31781,fulfilled,N. Bonde JensenJulie,"33 Millennium Apartments, Browns Hill",33 Millennium Apartments,Browns Hill,Penryn,TR10 8GL,ENG,GB,+447521259030,N. Bonde JensenJulie,"33 Millennium Apartments, Browns Hill",33 Millennium Apartments,Browns Hill,Penryn,TR10 8GL,ENG,GB,+447521259030,Shopify Payments,0,0,7449434816841,Low,web,4.99,GB VAT 20%,2.63,,rhJw8MJHSvQrvp98OJN6el3wv,rhJw8MJHSvQrvp98OJN6el3wv
UKW1001516,julienbjensen@outlook.com,,,,,,,,,,,,,,2026-05-23 22:23:59 +0100,1,Small Lemons Phone Case - iPhone 17 / Jelly Case,9.99,,KD29603,fulfilled,,,,,,,,,,,,,,,,,,,,,,,,,0,,,,,
UKW1001515,lindsaypotter29@gmail.com,paid,2026-05-20 14:12:21 +0100,fulfilled,2026-05-20 15:03:26 +0100,yes,GBP,17,2.99,3.33,19.99,,2.99,UK Standard Tracked,2026-05-20 14:12:21 +0100,1,Colourful Floral Phone Case - iPhone 17 / Bumper Case (MagSafe),19.99,,KD16273,fulfilled,SmithLaura,"Richard Curtis 2nd Floor, Suite A, Shepperton Studios South,  Shepperton Road",Richard Curtis 2nd Floor,"Suite A, Shepperton Studios South,  Shepperton Road",Shepperton,TW17 0AR,ENG,GB,7885831443,PotterLindsay,"Shepperton Studios (South), JSSMB Workshop 538, Shepperton Road",Shepperton Studios (South),"JSSMB Workshop 538, Shepperton Road",Shepperton,TW17 0AR,ENG,GB,7885831443,Shopify Payments,0,0,7431480148297,Low,web,0,GB VAT 20%,3.33,,rcc3wodvUJt1U98nJzEVEePhq,rcc3wodvUJt1U98nJzEVEePhq
UKW1001514,ruth_bonsor@hotmail.co.uk,paid,2026-05-18 15:14:05 +0100,fulfilled,2026-05-18 15:30:59 +0100,yes,GBP,8.5,4.99,2.25,13.49,,1.49,"UK Express Tracked (Evri, Royal Mail 24)",2026-05-18 15:14:04 +0100,1,Small Banana Phone Case - iPhone 14 / Jelly Case,9.99,,KD29111,fulfilled,BonsorRuth,"35, South Way","35, South Way",,Lewes,BN7 1LY,ENG,GB,+447855230528,BonsorRuth,"28 Morley Road, Southville",28 Morley Road,Southville,Bristol,BS3 1DT,ENG,GB,+447855230528,Shopify Payments,0,0,7427231875401,Low,web,0,GB VAT 20%,2.25,,rEntz6VNs5qSO1keAuPBnHGAr,rEntz6VNs5qSO1keAuPBnHGAr
UKW1001513,reece-garrood@hotmail.com,paid,2026-05-17 21:50:23 +0100,fulfilled,2026-05-18 09:33:14 +0100,no,GBP,5.95,2.99,1.49,8.94,,1.04,UK Standard Tracked,2026-05-17 21:50:22 +0100,1,White MagSafe Tough Phone Case - iPhone 15 Pro,6.99,26,KD116678,fulfilled,GarroodReece,"15 Hamilton Way, Ditchingham",15 Hamilton Way,Ditchingham,Bungay,NR35 2JD,ENG,GB,+447534025300,GarroodReece,"15 Hamilton Way, Ditchingham",15 Hamilton Way,Ditchingham,Bungay,NR35 2JD,ENG,GB,+447534025300,Shopify Payments,0,0,7426107965769,Low,web,0,GB VAT 20%,1.49,,rLJic7gfbSx8ZRmde8qkiSXl0,rLJic7gfbSx8ZRmde8qkiSXl0
UKW1001512,johnfox1958@gmail.com,paid,2026-05-14 15:41:07 +0100,fulfilled,2026-05-14 15:50:41 +0100,yes,GBP,7.65,4.99,2.11,12.64,,1.34,"UK Express Tracked (Evri, Royal Mail 24)",2026-05-14 15:41:06 +0100,1,Cute Strawberry and Colourful Daisy Phone Grip - Black Magsafe Phone Grip,8.99,,KD110091,fulfilled,FoxJohn,"51 Knollbeck Avenue, Brampton",51 Knollbeck Avenue,Brampton,Barnsley,S73 0TH,ENG,GB,+447940787043,FoxJohn,"51 Knollbeck Avenue, Brampton",51 Knollbeck Avenue,Brampton,Barnsley,S73 0TH,ENG,GB,+447940787043,Shopify Payments,0,0,7417581011273,Low,web,0,GB VAT 20%,2.11,,r5pa6G4UJvKCN3SE1PJU1vG7Q,r5pa6G4UJvKCN3SE1PJU1vG7Q
UKW1001511,ladymarmite@live.com,paid,2026-05-14 01:22:48 +0100,fulfilled,2026-05-14 10:54:19 +0100,yes,GBP,20.82,0,3.47,20.82,,8.16,UK Standard Tracked,2026-05-14 01:22:47 +0100,1,Daisy Phone Grip - Pink Magsafe Phone Grip,8.99,,KD110048,fulfilled,GREENMichelle,"20, Marne Road","20, Marne Road",,Dagenham,RM9 4BU,ENG,GB,+447488248387,GREENMichelle,"20, Marne Road","20, Marne Road",,Dagenham,RM9 4BU,ENG,GB,+447488248387,Klarna,0,0,7415806755145,Low,web,4.49,GB VAT 20%,3.47,,rhobVuQP5yCPyAyXY32Q03Isw,rhobVuQP5yCPyAyXY32Q03Isw
UKW1001511,ladymarmite@live.com,,,,,,,,,,,,,,2026-05-14 01:22:47 +0100,1,Small Strawberry Phone Case - iPhone 16 Plus / Bumper Case (MagSafe),19.99,,KD29821,fulfilled,,,,,,,,,,,,,,,,,,,,,,,,,0,,,,,
UKW1001510,kelseerob@icloud.com,paid,2026-05-12 20:28:20 +0100,fulfilled,2026-05-13 13:21:26 +0100,yes,GBP,21.67,0,3.61,21.67,,12.31,UK Standard Tracked,2026-05-12 20:28:19 +0100,1,Colourful Gem Stone Phone Case - iPhone 16 / Bumper Case,16.99,,KD16350,fulfilled,RobinsonKelsee,42 Windermere Avenue,42 Windermere Avenue,,St Albans,AL1 5QN,ENG,GB,+447802685702,RobinsonKelsee,42 Windermere Avenue,42 Windermere Avenue,,St Albans,AL1 5QN,ENG,GB,+447802685702,Shopify Payments,0,0,7412993720649,Low,web,8.49,GB VAT 20%,3.61,,rH0PeskI9J3Mj1GtqPh0xKRpC,rH0PeskI9J3Mj1GtqPh0xKRpC
UKW1001510,kelseerob@icloud.com,,,,,,,,,,,,,,2026-05-12 20:28:19 +0100,1,Secret Flower Garden Phone Case - iPhone 16 / Bumper Case,16.99,,KD18858,fulfilled,,,,,,,,,,,,,,,,,,,,,,,,,0,,,,,
UKW1001509,lmv70@hotmail.co.uk,paid,2026-05-12 20:16:19 +0100,fulfilled,2026-05-13 11:26:14 +0100,yes,GBP,16.99,4.99,3.67,21.98,,12.98,"UK Express Tracked (Evri, Royal Mail 24)",2026-05-12 20:16:18 +0100,1,Polka Dot with Love in Black Phone Case - iPhone 16 / Jelly Case,9.99,,KD27041,fulfilled,MaylorLaura,"4 Linnet Lane, Flat 7",4 Linnet Lane,Flat 7,Liverpool,L17 3BG,ENG,GB,+447932888490,MaylorLaura,"4 Linnet Lane, Flat 7",4 Linnet Lane,Flat 7,Liverpool,L17 3BG,ENG,GB,+447932888490,Shopify Payments,0,0,7412971798857,Low,web,9.99,GB VAT 20%,3.67,,rTp80Fv62gSR45hZQpqLIDxhK,rTp80Fv62gSR45hZQpqLIDxhK
UKW1001509,lmv70@hotmail.co.uk,,,,,,,,,,,,,,2026-05-12 20:16:18 +0100,1,Stylish Black Superstars Phone Case - iPhone 16 / Jelly Case,9.99,,KD30605,fulfilled,,,,,,,,,,,,,,,,,,,,,,,,,0,,,,,
UKW1001509,lmv70@hotmail.co.uk,,,,,,,,,,,,,,2026-05-12 20:16:18 +0100,1,Tiny Navy Bows Phone Case - iPhone 16 / Jelly Case,9.99,,KD31397,fulfilled,,,,,,,,,,,,,,,,,,,,,,,,,0,,,,,
UKW1001508,ryanlee1061@gmail.com,paid,2026-05-11 22:14:39 +0100,fulfilled,2026-05-12 10:21:13 +0100,yes,GBP,20.82,0,3.47,20.82,,3.67,UK Standard Tracked,2026-05-11 22:14:39 +0100,1,Blue Fluffy Ribbon Magsafe Phone Case and Phone Grip Bundle - iPhone 14,24.49,,BD100013,fulfilled,LeeRyan,3 Darlington View,3 Darlington View,,Stewarton,KA3 5PW,SCT,GB,+447539118268,LeeRyan,59 Mid Beveridgewell,59 Mid Beveridgewell,,Dunfermline,KY12 9ES,SCT,GB,+447539118268,Shopify Payments,0,0,7411385893193,Low,web,0,GB VAT 20%,3.47,,r4l9MI5nxxuZUww0E1aracfLn,r4l9MI5nxxuZUww0E1aracfLn
UKW1001507,2008anthonyla@gmail.com,paid,2026-05-10 18:51:09 +0100,fulfilled,2026-05-11 15:55:13 +0100,yes,GBP,26.17,14.67,0,40.84,,14.89,USA DELIVERY,2026-05-10 18:51:06 +0100,1,KODDY's Cute Cheese Cat Jasmin Tea Time Phone Case - iPhone 14 Pro / Bumper Case (MagSafe),20.53,,KD21790,fulfilled,LaAnthony,10060 Village Cross Circle,10060 Village Cross Circle,,Collierville,38017,TN,US,9014210632,LaAnthony,10060 Village Cross Circle,10060 Village Cross Circle,,Collierville,38017,TN,US,9014210632,Shopify Payments,0,-0.01,7409118347593,Low,web,10.27,,,,rmYPEMbVDfmNy20HIZGTKC3Kr,rmYPEMbVDfmNy20HIZGTKC3Kr + aDgYcLhAcPpYUeQg9dEIfAXa6
UKW1001507,2008anthonyla@gmail.com,,,,,,,,,,,,,,2026-05-10 18:51:06 +0100,1,KODDY's Cute Calio Cat Flower Tea Phone Case - iPhone 16 Pro / Bumper Case (MagSafe),20.53,,KD21634,fulfilled,,,,,,,,,,,,,,,,,,,,,,,,,0,,,,,
UKW1001506,fi_patterson@hotmail.com,paid,2026-05-10 16:30:32 +0100,fulfilled,2026-05-11 11:20:33 +0100,yes,GBP,4.25,4.99,1.54,9.24,,0.74,"UK Express Tracked (Evri, Royal Mail 24)",2026-05-10 16:30:31 +0100,1,Cute Strawberry and Colourful Daisy Phone Grip - Basic Phone Grip,4.99,,KD110089,fulfilled,PattersonFiona,159 riverstone way,159 riverstone way,,Northampton,NN4 9QW,ENG,GB,+447877890875,PattersonFiona,159 riverstone way,159 riverstone way,,Northampton,NN4 9QW,ENG,GB,+447877890875,Shopify Payments,0,0,7408861446473,Low,web,0,GB VAT 20%,1.54,,rHlZCRelodOxjIdvB5XczcnRL,rHlZCRelodOxjIdvB5XczcnRL
UKW1001505,goodwinjack1619@gmail.com,paid,2026-05-10 04:55:44 +0100,fulfilled,2026-05-10 09:53:54 +0100,yes,GBP,5.95,2.99,1.49,8.94,,1.04,UK Standard Tracked,2026-05-10 04:55:44 +0100,1,White MagSafe Tough Phone Case - iPhone 15 Pro Max,6.99,26,KD116680,fulfilled,GoodwinJack,205 Hamil Road,205 Hamil Road,,Stoke,ST6 1AP,ENG,GB,,GoodwinJack,205 Hamil Road,205 Hamil Road,,Stoke-on-Trent,ST6 1AP,ENG,GB,447538386515,Shopify Payments,0,0,7407853633865,Low,web,0,GB VAT 20%,1.49,,rH9tYh7yGLjVaweTm0ANqF1jl,rH9tYh7yGLjVaweTm0ANqF1jl
UKW1001504,jacqsurtees@gmail.com,paid,2026-05-08 18:32:55 +0100,fulfilled,2026-05-10 09:26:56 +0100,yes,GBP,25.5,4.99,5.08,30.49,,14.48,"UK Express Tracked (Evri, Royal Mail 24)",2026-05-08 18:32:54 +0100,1,Mix Bubble Hearts Phone Case - iPhone 15 Pro Max / Bumper Case (MagSafe),19.99,,KD24226,fulfilled,SurteesJacqueline,"Weald House, Upper Street",Weald House,Upper Street,Stratford St. Mary,CO7 6JH,ENG,GB,+441206323794,SurteesJacqueline,"Weald House, Upper Street",Weald House,Upper Street,Stratford St. Mary,CO7 6JH,ENG,GB,01206 323794,Shopify Payments,0,0,7405600702793,Low,web,9.99,GB VAT 20%,5.08,,rOpdAFgh588alSH7FJVipVc1G,rOpdAFgh588alSH7FJVipVc1G
UKW1001504,jacqsurtees@gmail.com,,,,,,,,,,,,,,2026-05-08 18:32:54 +0100,1,Stylish Clear Protective Phone Case - iPhone 15 / Bumper Case (MagSafe),19.99,,KD20257,fulfilled,,,,,,,,,,,,,,,,,,,,,,,,,0,,,,,
UKW1001503,kirankhan6368@gmail.com,paid,2026-05-08 17:36:45 +0100,fulfilled,2026-05-09 12:33:00 +0100,yes,GBP,8.5,2.99,1.92,11.49,,1.49,UK Standard Tracked,2026-05-08 17:36:44 +0100,1,Mini Purple Butterflies Phone Case - iPhone 17 Pro / Jelly Case,9.99,,KD24065,fulfilled,KhanKiran,1 Thornbury Street,1 Thornbury Street,,Bradford,BD3 8LE,ENG,GB,+447365144359,KhanKiran,1 Thornbury Street,1 Thornbury Street,,Bradford,BD3 8LE,ENG,GB,+447365144359,Shopify Payments,0,0,7405512819017,Low,web,0,GB VAT 20%,1.92,,r6i2MUARGDRX0b2eeMJGPo85f,r6i2MUARGDRX0b2eeMJGPo85f
UKW1001502,GEAndrew09@live.co.uk,paid,2026-05-08 10:41:13 +0100,fulfilled,2026-05-08 14:41:16 +0100,yes,GBP,8.5,2.99,1.92,11.49,,1.49,UK Standard Tracked,2026-05-08 10:41:12 +0100,1,Cute Pink Polka Dot Clear Phone Case - iPhone 17 / Jelly Case,9.99,,KD17789,fulfilled,AndrewGrace,"33 Toyse Lane, Burwell",33 Toyse Lane,Burwell,Cambridge,CB25 0DF,ENG,GB,,GraceGrace,33 Toyse Lane,33 Toyse Lane,,"Burwell, East Cambridgeshire",CB25 0DF,ENG,GB,1638602331,Shopify Payments,0,0,7404761547081,Low,web,0,GB VAT 20%,1.92,,reLkGII2RdkCQsI4Jhdl9Y6y8,reLkGII2RdkCQsI4Jhdl9Y6y8
UKW1001501,paven.p@hotmail.co.uk,paid,2026-05-05 22:42:18 +0100,fulfilled,2026-05-06 11:32:45 +0100,yes,GBP,16.99,2.99,3.33,19.98,,0,UK Standard Tracked,2026-05-05 22:42:17 +0100,1,Cute Pink Polka Dot Clear Phone Case - iPhone 17 Pro / Bumper Case (MagSafe),16.99,,KD17797,fulfilled,PanesarPavendeep,6 Douglas Avenue,6 Douglas Avenue,,Watford,WD24 7LX,ENG,GB,+447853945677,PanesarPavendeep,6 Douglas Avenue,6 Douglas Avenue,,Watford,WD24 7LX,ENG,GB,7853945677,Shopify Payments,0,0,7400484536649,Low,web,0,GB VAT 20%,3.33,,rOCgckUFKSOL1awGKiVR1NMs5,rOCgckUFKSOL1awGKiVR1NMs5
UKW1001500,anishamansuri@hotmail.co.uk,paid,2026-05-02 22:52:57 +0100,fulfilled,2026-05-03 13:40:44 +0100,yes,GBP,13.6,4.99,3.1,18.59,SUNSHINE20,3.39,UK Express Tracked (Evri Express),2026-05-02 22:52:56 +0100,1,Burgundy Lace Phone Case - iPhone 14 / Bumper Case,16.99,,KD14724,fulfilled,MansuriAnisha,73 Ingestre Road,73 Ingestre Road,,Birmingham,B28 9EQ,ENG,GB,,MansuriAnisha,73 Ingestre Road,73 Ingestre Road,,Birmingham,B28 9EQ,ENG,GB,7732837906,Shopify Payments,0,0,7394513125705,Low,web,0,GB VAT 20%,3.1,,rSx4HTamTQo8SjCJB1I2aJi17,rSx4HTamTQo8SjCJB1I2aJi17
UKW1001499,louisefarmer29@gmail.com,paid,2026-05-01 21:08:29 +0100,fulfilled,2026-05-02 12:09:53 +0100,yes,GBP,12,2.99,2.5,14.99,SUNSHINE20,7.98,UK Standard Tracked,2026-05-01 21:08:28 +0100,1,Stylish Autumn Flowers Phone Grip - Pink Magsafe Phone Grip,9.99,,KD111004,fulfilled,FarmerLouise,9 Watery Lane,9 Watery Lane,,Minehead,TA24 5NZ,ENG,GB,,MaryLouise,9 Watery Lane,9 Watery Lane,,"Minehead, Somerset",TA24 5NZ,ENG,GB,7432232483,Shopify Payments,0,0,7392333300041,Low,web,4.99,GB VAT 20%,2.5,,r9IBCOcXptYmMzsMPqPoUDbSl,r9IBCOcXptYmMzsMPqPoUDbSl
UKW1001499,louisefarmer29@gmail.com,,,,,,,,,,,,,,2026-05-01 21:08:28 +0100,1,Cute Strawberry and Colourful Daisy Phone Grip - Pink Magsafe Phone Grip,9.99,,KD110092,fulfilled,,,,,,,,,,,,,,,,,,,,,,,,,0,,,,,
UKW1001498,bethwilson316@gmail.com,paid,2026-04-30 11:55:59 +0100,fulfilled,2026-04-30 13:32:50 +0100,yes,GBP,21.25,4.99,4.37,26.24,SHOPPAY15,8.73,UK Express Tracked (Evri Express),2026-04-30 11:55:58 +0100,1,Amethyst Gemstone Phone Grip - Pink Magsafe Phone Grip,9.99,,KD110020,fulfilled,WilsonBeth,26 Sandicliffe Close,26 Sandicliffe Close,,Kidderminster,DY11 5HW,ENG,GB,+447542020247,WilsonBeth,26 Sandicliffe Close,26 Sandicliffe Close,,Kidderminster,DY11 5HW,ENG,GB,+447542020247,Shopify Payments,0,0,7389493526857,Low,3890849,4.99,GB VAT 20%,4.37,,rZ9f90ZPupoKFbXQQs6MRYJUN,rZ9f90ZPupoKFbXQQs6MRYJUN
UKW1001498,bethwilson316@gmail.com,,,,,,,,,,,,,,2026-04-30 11:55:58 +0100,1,Mini Colourful Butterflies Phone Case - iPhone 16 Plus / Bumper Case (MagSafe),19.99,,KD23749,fulfilled,,,,,,,,,,,,,,,,,,,,,,,,,0,,,,,
UKW1001497,alycehand98@gmail.com,paid,2026-04-29 21:29:13 +0100,fulfilled,2026-04-30 13:52:30 +0100,no,GBP,8,2.99,1.83,10.99,SUNSHINE20,1.99,UK Standard Tracked,2026-04-29 21:29:12 +0100,1,Cute & Trendy Yellow Smile Phone Grip - Pink Magsafe Phone Grip,9.99,,KD110036,fulfilled,HandAlyce,"27 Manor Avenue, Great Wyrley",27 Manor Avenue,Great Wyrley,Walsall,WS6 6NS,ENG,GB,+447801414843,HandAlyce,27 Manor Avenue,27 Manor Avenue,,Walsall,WS6 6NS,ENG,GB,07801 414843,Shopify Payments,0,0,7388670951753,Low,web,0,GB VAT 20%,1.83,,ryt1hkBxyNIDygkBMeOCBAUj4,ryt1hkBxyNIDygkBMeOCBAUj4
UKW1001496,kirsty04green@hotmail.com,paid,2026-04-28 15:49:40 +0100,fulfilled,2026-04-29 11:35:56 +0100,yes,GBP,20,0,3.34,20,SUNSHINE20,9.98,UK Standard Tracked,2026-04-28 15:49:39 +0100,1,Polka Dot with Love in Black Phone Case - iPhone 16 / Jelly Case,9.99,,KD27041,fulfilled,LeishmanKirsty,64 Godfrey Avenue,64 Godfrey Avenue,,Denny,FK6 5BD,SCT,GB,+447809705123,LeishmanKirsty,64 Godfrey Avenue,64 Godfrey Avenue,,Denny,FK6 5BD,SCT,GB,07809 705123,Shopify Payments,0,0,7384962695497,Low,web,4.99,GB VAT 20%,3.34,,rsj9KN2sbkfYjcoYhvwteUIa7,rsj9KN2sbkfYjcoYhvwteUIa7
UKW1001496,kirsty04green@hotmail.com,,,,,,,,,,,,,,2026-04-28 15:49:39 +0100,1,Good Luck Clover Phone Case - iPhone 16 / Bumper Case (MagSafe),19.99,,KD19717,fulfilled,,,,,,,,,,,,,,,,,,,,,,,,,0,,,,,
UKW1001495,ysub23@naver.com,paid,2026-04-28 09:21:01 +0100,fulfilled,2026-04-28 09:23:01 +0100,yes,GBP,8,2.99,1.83,10.99,EXTRA20,1.99,UK Standard Tracked,2026-04-28 09:21:00 +0100,1,Stylish Black Superstars Phone Case - iPhone 16 / Jelly Case,9.99,,KD30605,fulfilled,KANGYoungsub,28 Acacia Grove,28 Acacia Grove,,New Malden,KT3 3BJ,ENG,GB,+447761508518,KANGYoungsub,"UK LINKERS LTD, UNIT 242, KINGSPARK BUSINESS CENTRE",UK LINKERS LTD,"UNIT 242, KINGSPARK BUSINESS CENTRE",New Malden,KT3 3ST,ENG,GB,+447761508518,Shopify Payments,0,0,7383850058057,Low,web,0,GB VAT 20%,1.83,+447761508518,rEnP0ZGItMWsPjURLc5fUjzZH,rEnP0ZGItMWsPjURLc5fUjzZH
UKW1001494,kirsty04green@hotmail.com,paid,2026-04-24 15:50:12 +0100,fulfilled,2026-04-24 16:38:39 +0100,yes,GBP,29.99,0,5,29.99,,9.99,UK Standard Tracked,2026-04-24 15:50:11 +0100,1,Good Luck Clover Phone Case - iPhone 15 / Bumper Case (MagSafe),19.99,,KD19729,fulfilled,LeishmanKirsty,64 Godfrey Avenue,64 Godfrey Avenue,,Denny,FK6 5BD,SCT,GB,+447809705123,LeishmanKirsty,64 Godfrey Avenue,64 Godfrey Avenue,,Denny,FK6 5BD,SCT,GB,07809 705123,Shopify Payments,0,0,7377040900425,Low,web,0,GB VAT 20%,5,,rniQsnOtmJ4iyEaGu7IiAL1wx,rniQsnOtmJ4iyEaGu7IiAL1wx
UKW1001494,kirsty04green@hotmail.com,,,,,,,,,,,,,,2026-04-24 15:50:11 +0100,1,Good Luck Clover Phone Case - iPhone 15 / Bumper Case (MagSafe),19.99,,KD19729,fulfilled,,,,,,,,,,,,,,,,,,,,,,,,,9.99,,,,,
UKW1001493,bethwilson316@gmail.com,paid,2026-04-23 09:30:57 +0100,fulfilled,2026-04-23 10:16:52 +0100,yes,GBP,24.99,0,4.17,24.99,,0,UK Standard Tracked,2026-04-23 09:30:57 +0100,1,Cherry Blossom Phone Case and Phone Grip Bundle - iPhone 16 Plus,24.99,,BD100150,fulfilled,WilsonBeth,26 Sandicliffe Close,26 Sandicliffe Close,,Kidderminster,DY11 5HW,ENG,GB,+447542020247,WilsonBeth,26 Sandicliffe Close,26 Sandicliffe Close,,Kidderminster,DY11 5HW,ENG,GB,+447542020247,Shopify Payments,0,0,7373658751305,Low,3890849,0,GB VAT 20%,4.17,,rfUHuOHvyk0XTs9v1aPCm3v9I,rfUHuOHvyk0XTs9v1aPCm3v9I
UKW1001492,ladymarmite@live.com,paid,2026-04-22 00:30:26 +0100,fulfilled,2026-04-22 12:16:13 +0100,yes,GBP,29.99,0,5,29.99,,4.99,UK Standard Tracked,2026-04-22 00:30:25 +0100,1,Pink Fluffy Ribbon Magsafe Phone Case and Phone Grip Bundle - iPhone 16 Plus,24.99,,BD100025,fulfilled,GreenMichelle,20 Marne Road,20 Marne Road,,Dagenham,RM9 4BU,ENG,GB,+447488248387,GREENMichelle,"20, Marne Road","20, Marne Road",,Dagenham,RM9 4BU,ENG,GB,+447488248387,Shopify Payments,0,0,7371327701321,Low,web,0,GB VAT 20%,5,,rRvUyFOGAhmGS8Y4FZpZ1QFnd,rRvUyFOGAhmGS8Y4FZpZ1QFnd
UKW1001492,ladymarmite@live.com,,,,,,,,,,,,,,2026-04-22 00:30:25 +0100,1,Cute Strawberry and Colourful Daisy Phone Grip - Pink Magsafe Phone Grip,9.99,,KD110092,fulfilled,,,,,,,,,,,,,,,,,,,,,,,,,4.99,,,,,
UKW1001491,marshy58@gmail.com,paid,2026-04-21 22:19:41 +0100,fulfilled,2026-04-22 11:47:48 +0100,yes,GBP,16.99,2.99,3.33,19.98,,0,UK Standard Tracked,2026-04-21 22:19:40 +0100,1,Lilac Pink Ribbon Bows Phone Case - iPhone 13 Pro / Bumper Case,16.99,,KD22461,fulfilled,marshallandy,27 Grange park road,27 Grange park road,,ripon,HG4 2NJ,ENG,GB,7710871517,marshallandy,27 Grange park road,27 Grange park road,,ripon,HG4 2NJ,ENG,GB,7710871517,PayPal Express Checkout,0,0,7371250532681,Low,web,0,GB VAT 20%,3.33,,rSo9mlqgtv0O7A7AcMo1QuByh,rSo9mlqgtv0O7A7AcMo1QuByh
UKW1001490,raihatayyab41@gmail.com,paid,2026-04-20 11:52:04 +0100,fulfilled,2026-04-20 14:03:45 +0100,yes,GBP,9.99,2.99,2.17,12.98,,0,UK Standard Tracked,2026-04-20 11:52:03 +0100,1,Stylish Indigo Lace Phone Case - iPhone 14 Plus / Jelly Case,9.99,,KD21263,fulfilled,TayyabRaiha,"Anchor Road, falt 43- C",Anchor Road,falt 43- C,Bristol,BS1 5TP,ENG,GB,+447497744557,TayyabRaiha,"Flat 43-C, Harbour Court, Anchor Road","Flat 43-C, Harbour Court",Anchor Road,Bristol,BS1 5TP,ENG,GB,+447497744557,Shopify Payments,0,0,7367666368841,Low,web,0,GB VAT 20%,2.17,,rcg9UaxegAStut2Z8m8SmpV0O,rcg9UaxegAStut2Z8m8SmpV0O
UKW1001489,emmabutler@live.co.uk,paid,2026-04-20 11:05:31 +0100,fulfilled,2026-04-20 12:20:42 +0100,yes,GBP,29.75,0,4.96,29.75,EXTRA15,15.23,UK Standard Tracked,2026-04-20 11:05:30 +0100,1,Flowers with Ribbon Bows Phone Case - iPhone 12 / Bumper Case (MagSafe),19.99,,KD18970,fulfilled,ButlerEmma,10 Westgate,10 Westgate,,Scotton,DN21 3QX,ENG,GB,,ButlerEmma,"10 Westgate, Scotton",10 Westgate,Scotton,Nr Gainsborough,DN21 3QX,ENG,GB,7879441055,Shopify Payments,0,0,7367589560649,Low,web,9.99,GB VAT 20%,4.96,,rgq6iCDHHDcaOpXqWCUcKGLFf,rgq6iCDHHDcaOpXqWCUcKGLFf
UKW1001489,emmabutler@live.co.uk,,,,,,,,,,,,,,2026-04-20 11:05:30 +0100,1,Blue Fluffy Ribbon Magsafe Phone Case and Phone Grip Bundle - iPhone 12,24.99,,BD100006,fulfilled,,,,,,,,,,,,,,,,,,,,,,,,,0,,,,,
UKW1001488,christiemariecollege359@gmail.com,paid,2026-04-19 22:36:44 +0100,fulfilled,2026-04-20 14:13:22 +0100,no,GBP,33.98,0,5.66,33.98,,16.99,UK Standard Tracked,2026-04-19 22:36:43 +0100,1,Personalised Photo Phone Case - iPhone 14 / Bumper Case,16.99,,PSN0025,fulfilled,TombsChristie,63 Salem Road,63 Salem Road,,Cwmavon,SA12 9EL,WLS,GB,7464947999,TombsChristie,63 Salem Road,63 Salem Road,,"Cwmavon Community, Neath Port Talbot",SA12 9EL,WLS,GB,7464947999,Shopify Payments,0,0,7366963134793,Low,web,16.99,GB VAT 20%,5.66,+447464947999,rg6nsvppYM8HopMz4cxlsl6Cn,rg6nsvppYM8HopMz4cxlsl6Cn
UKW1001488,christiemariecollege359@gmail.com,,,,,,,,,,,,,,2026-04-19 22:36:43 +0100,1,Personalised Photo Phone Case - iPhone 14 / Bumper Case,16.99,,PSN0025,fulfilled,,,,,,,,,,,,,,,,,,,,,,,,,0,,,+447464947999,,
UKW1001488,christiemariecollege359@gmail.com,,,,,,,,,,,,,,2026-04-19 22:36:43 +0100,1,Personalised Photo Phone Case - iPhone 14 / Bumper Case,16.99,,PSN0025,fulfilled,,,,,,,,,,,,,,,,,,,,,,,,,0,,,+447464947999,,
UKW1001487,sopheli@hotmail.com,paid,2026-04-18 18:19:16 +0100,fulfilled,2026-04-20 11:51:27 +0100,no,GBP,25.49,0,4.25,25.49,,8.49,UK Standard Tracked,2026-04-18 18:19:15 +0100,1,Petite Coral Pink Ribbon Bows phone case - iPhone 14 / Bumper Case,16.99,,KD25284,fulfilled,ThorpeSophie,4 Moorfields Road,4 Moorfields Road,,Poole,BH13 7HA,ENG,GB,,ThorpeSophie,4 Moorfields Road,4 Moorfields Road,,Poole,BH13 7HA,ENG,GB,7964486644,Shopify Payments,0,0,7364816601417,Low,web,8.49,GB VAT 20%,4.25,,r0frh8u7Q8nObhMafEIWzA2Yk,r0frh8u7Q8nObhMafEIWzA2Yk
UKW1001487,sopheli@hotmail.com,,,,,,,,,,,,,,2026-04-18 18:19:15 +0100,1,Petite Coral Pink Ribbon Bows phone case - iPhone 15 / Bumper Case,16.99,,KD25272,fulfilled,,,,,,,,,,,,,,,,,,,,,,,,,0,,,,,
UKW1001486,johnchalmers123@hotmail.com,paid,2026-04-18 17:38:27 +0100,fulfilled,2026-04-20 11:34:16 +0100,no,GBP,14.99,2.99,3,17.98,,4.99,UK Standard Tracked,2026-04-18 17:38:26 +0100,1,Stylish Clear Protective Phone Case - iPhone 17 Pro Max / Jelly Case,9.99,,KD20240,fulfilled,ChalmersJohn,98 Magdalene Gardens,98 Magdalene Gardens,,Edinburgh,EH15 3DR,SCT,GB,+447563334021,chalmersJohn,27 Loginlea Avenue,27 Loginlea Avenue,,"Portobello/Craigmillar, Edinburgh",EH7 6PF,SCT,GB,+447563334021,Shopify Payments,0,0,7364745494857,Low,web,0,GB VAT 20%,3,,rwBYvf0Bah9WupaVHw5eGtMHs,rwBYvf0Bah9WupaVHw5eGtMHs
UKW1001486,johnchalmers123@hotmail.com,,,,,,,,,,,,,,2026-04-18 17:38:26 +0100,1,Stylish Clear Protective Phone Case - iPhone 17 Pro Max / Jelly Case,9.99,,KD20240,fulfilled,,,,,,,,,,,,,,,,,,,,,,,,,4.99,,,,,
UKW1001485,leorendell99@gmail.com,paid,2026-04-18 12:28:26 +0100,fulfilled,2026-04-20 11:20:21 +0100,yes,GBP,9.99,2.99,2.17,12.98,,0,UK Standard Tracked,2026-04-18 12:28:25 +0100,1,Cute Capybara Friends Phone Case - iPhone 16 / Jelly Case,9.99,,KD17273,fulfilled,RendellLeo,37 Spa Road,37 Spa Road,,Melksham,SN12 7NU,ENG,GB,+447877737074,Rendellleo,37 Spa Road,37 Spa Road,,Melksham,SN12 7NU,ENG,GB,+447877737074,Shopify Payments,0,0,7364090954057,Low,web,0,GB VAT 20%,2.17,,ry16TalrdRfksf1YcBo8BjPp8,ry16TalrdRfksf1YcBo8BjPp8
UKW1001484,morgan2006@sky.com,paid,2026-04-16 11:03:05 +0100,fulfilled,2026-04-16 15:08:26 +0100,yes,GBP,24.99,0,4.17,24.99,,0,UK Standard Tracked,2026-04-16 11:03:05 +0100,1,Blue Fluffy Ribbon Magsafe Phone Case and Phone Grip Bundle - iPhone 17 Air,24.99,,BD100002,fulfilled,SaundersEmma,79 Westward Rise,79 Westward Rise,,"Barry, Vale of Glamorgan",CF62 6PQ,WLS,GB,,SaundersEmma,"79, westward rise",79,westward rise,BARRY,CF62 6PQ,WLS,GB,7905201255,Shopify Payments,0,0,7360693338441,Low,web,0,GB VAT 20%,4.17,,rDSLwmQO0UUOPFfkdq0DZi13W,rDSLwmQO0UUOPFfkdq0DZi13W
UKW1001483,kissdoll34-@icloud.com,paid,2026-04-15 16:37:28 +0100,fulfilled,2026-04-15 16:59:31 +0100,no,GBP,19.99,2.99,3.83,22.98,,0,UK Standard Tracked,2026-04-15 16:37:27 +0100,1,Personalised Instant Camera Photo Phone case - iPhone 12 / Bumper Case (MagSafe),19.99,,PSN0084,fulfilled,WestSarah,"Fairveiw, Flitton Hill",Fairveiw,Flitton Hill,Flitton,MK45 5EA,ENG,GB,7865995312,WestSarah,"Fairveiw, Flitton Hill",Fairveiw,Flitton Hill,Flitton,MK45 5EA,ENG,GB,7865995312,Shopify Payments,0,0,7359624380745,Low,web,0,GB VAT 20%,3.83,+447865995312,rQUbBa2eDymuKhRvDZMuaYGv7,rQUbBa2eDymuKhRvDZMuaYGv7
UKW1001482,lynnemarlo@hotmail.co.uk,paid,2026-04-15 15:23:16 +0100,fulfilled,2026-04-15 15:54:21 +0100,yes,GBP,17,4.99,3.66,21.99,EXTRA15,2.99,UK Express Tracked (Evri Express),2026-04-15 15:23:15 +0100,1,Pink Ribbon Football Gifts Phone Case - iPhone 14 Pro / Bumper Case (MagSafe),19.99,,KD26608,fulfilled,MarlandLynne,"59 Garrick road, Prenton","59 Garrick road, Prenton",,Merseyside,CH43 3DF,ENG,GB,+447718088421,MarlandLynne,"59 Garrick Road, Prenton, Birkenhead","59 Garrick Road, Prenton",Birkenhead,Merseyside,CH43 3DF,ENG,GB,+447718088421,Shopify Payments,0,0,7359502418249,Low,web,0,GB VAT 20%,3.66,,r2YcDWlIHzFWiaYmW987pNJYC,r2YcDWlIHzFWiaYmW987pNJYC
UKW1001481,labcoatjones@hotmail.co.uk,paid,2026-04-14 19:15:22 +0100,fulfilled,2026-04-21 16:20:29 +0100,yes,GBP,36.99,2.99,6.66,39.98,EXTRA15,2.99,UK Standard Tracked,2026-04-14 19:15:21 +0100,1,Small Pink Ribbon Phone Case - iPhone 15 / Bumper Case (MagSafe),19.99,,KD29695,fulfilled,JonesClaire,43 Twyford Gardens,43 Twyford Gardens,,Worthing,BN13 2NT,ENG,GB,+447704426976,JonesClaire,43 Twyford Gardens,43 Twyford Gardens,,Worthing,BN13 2NT,ENG,GB,+447704426976,Shopify Payments,0,19.99,7358229840201,Low,web,0,GB VAT 20%,6.66,,rBf0EtRT1bR8KF97BhFuq9ymN,rBf0EtRT1bR8KF97BhFuq9ymN
UKW1001481,labcoatjones@hotmail.co.uk,,,,,,,,,,,,,,2026-04-14 19:15:21 +0100,1,Small Pink Ribbon Phone Case - iPhone 15 / Bumper Case (MagSafe),19.99,0,KD29695,fulfilled,,,,,,,,,,,,,,,,,,,,,,,,,0,,,,,
UKW1001480,emlowin14@gmail.com,paid,2026-04-11 17:05:28 +0100,fulfilled,2026-04-13 13:34:56 +0100,no,GBP,9.99,2.99,2.17,12.98,,0,UK Standard Tracked,2026-04-11 17:05:28 +0100,1,Strawberry Shortcakes with Bows Phone Case - iPhone 14 Pro / Jelly Case,9.99,,KD30500,fulfilled,LowinElla-mae,Garner drive,Garner drive,,Broxbourne,EN10 6AS,ENG,GB,+44 7946 499251,LowinElla-mae,Garner drive,Garner drive,,Broxbourne,EN10 6AS,ENG,GB,+44 7946 499251,Shopify Payments,0,0,7351505125705,Low,web,0,GB VAT 20%,2.17,,rpk67999V8CIyt5S74txzzjvS,rpk67999V8CIyt5S74txzzjvS
UKW1001479,emmahook2008@googlemail.com,paid,2026-04-10 17:21:21 +0100,fulfilled,2026-04-10 18:30:47 +0100,yes,GBP,16.99,0,2.83,16.99,,0,UK Standard Tracked,2026-04-10 17:21:21 +0100,1,Galaxy Star Glow Phone Case - iPhone 12 / Bumper Case,16.99,,KD19233,fulfilled,StavesEmma,4 Gainsford Crescent,4 Gainsford Crescent,,Hitchin,SG4 0QG,ENG,GB,7595932203,StavesEmma,4 Gainsford Crescent,4 Gainsford Crescent,,Hitchin,SG4 0QG,ENG,GB,7595932203,PayPal Express Checkout,0,0,7349852701001,Low,web,0,GB VAT 20%,2.83,,rQEas0trjS7b82XqNgQmve8cr,rQEas0trjS7b82XqNgQmve8cr
UKW1001478,beaversgrace1@gmail.com,paid,2026-04-08 11:55:53 +0100,fulfilled,2026-04-08 17:40:54 +0100,yes,GBP,26.07,14.9,0,40.97,,0,USA DELIVERY,2026-04-08 11:55:50 +0100,1,Pink Fluffy Ribbon Magsafe Phone Case and Phone Grip Bundle - iPhone 16 Plus,26.07,,BD100025,fulfilled,BeaversGrace,3867 Thornton Pike,3867 Thornton Pike,,Thornton,26440,WV,US,+13048168287,BeaversGrace,3867 Thornton Pike,3867 Thornton Pike,,Thornton,26440,WV,US,+13048168287,Shopify Payments,0,0,7345981817161,Low,3890849,0,,,,rYDawVQit9STzZeJFUnx7XbwC,rDSjoUqq2LxiJQqKiu9rQaI1D + rJhOTnZJ4oP1LnYRjyS9iXrqX + rYDawVQit9STzZeJFUnx7XbwC + aD2lKkxuSPEcNGLFWoD29s7qE
UKW1001477,katieperry1804@outlook.com,paid,2026-04-06 17:20:03 +0100,fulfilled,2026-04-07 10:11:46 +0100,yes,GBP,16.99,0,2.83,16.99,,0,UK Standard Tracked,2026-04-06 17:20:02 +0100,1,Mini Tulip Phone Case - iPhone 16 / Bumper Case,16.99,,KD24138,fulfilled,PerryKatie,"19 Riding Hill, Great Lumley",19 Riding Hill,Great Lumley,Chester Le Street,DH3 4HW,ENG,GB,7484822016,PerryKatie,"19 Riding Hill, Great Lumley",19 Riding Hill,Great Lumley,Chester Le Street,DH3 4HW,ENG,GB,7484822016,Shopify Payments,0,0,7343156298057,Low,web,0,GB VAT 20%,2.83,,rxSUDRUYEIdxyeChqGTao5Jze,rxSUDRUYEIdxyeChqGTao5Jze
UKW1001476,shannon_bradbury@icloud.com,paid,2026-04-06 12:09:07 +0100,fulfilled,2026-04-06 14:40:12 +0100,yes,GBP,16.99,0,2.83,16.99,,0,UK Standard Tracked,2026-04-06 12:09:06 +0100,1,Mini Tulip Phone Case - iPhone 15 Pro Max / Bumper Case,16.99,,KD24159,fulfilled,BradburyShannon,7 eagle Close,7 eagle Close,,Caldicot,NP26 5FA,WLS,GB,,BradburyShannon,7 Eagle Close,7 Eagle Close,,Caldicot,NP26 5FA,WLS,GB,1291421177,Shopify Payments,0,0,7342675001673,Low,web,0,GB VAT 20%,2.83,,rcG5EnXhJxh6GitIZ7D5PxMdk,rcG5EnXhJxh6GitIZ7D5PxMdk
UKW1001475,1928915@mycordonbleu.net,paid,2026-04-03 11:29:27 +0100,fulfilled,2026-04-06 14:38:59 +0100,no,GBP,18,0,3,18,EXTRA10,1.99,UK Standard Tracked,2026-04-03 11:29:26 +0100,1,Stylish Clear Protective Phone Case - iPhone 13 Pro / Bumper Case (MagSafe),19.99,,KD20284,fulfilled,VDarsha,210 Trundleys Road,210 Trundleys Road,,London,SE8 5JE,ENG,GB,+447470432288,VDarsha,210 Trundleys Road,210 Trundleys Road,,London,SE8 5JE,ENG,GB,+447470432288,Shopify Payments,0,0,7338187751753,Low,web,0,GB VAT 20%,3,,r5VbeazvX3Cm7olLyZ4swRlcx,r5VbeazvX3Cm7olLyZ4swRlcx
UKW1001474,isaacrichmond2000@gmail.com,paid,2026-04-02 20:24:09 +0100,fulfilled,2026-04-06 14:28:56 +0100,yes,GBP,19.99,4.99,4.16,24.98,,0,UK Express Tracked (Evri Express),2026-04-02 20:24:08 +0100,1,Seoul Korean Aesthetic Stickers Phone Case - iPhone 15 Pro Max / Bumper Case (MagSafe),19.99,,KD32080,fulfilled,RichmondIsaac,31 The Mount,31 The Mount,,Selby,YO8 9BH,ENG,GB,,RichmondIsaac,31 The Mount,31 The Mount,,Selby,YO8 9BH,ENG,GB,7484244257,Shopify Payments,0,0,7337433497929,Low,web,0,GB VAT 20%,4.16,,rGXI9JSwessjqe8On5dxlj8mv,rGXI9JSwessjqe8On5dxlj8mv
UKW1001473,taraspratt99@gmail.com,paid,2026-03-29 21:12:00 +0100,fulfilled,2026-03-30 12:42:04 +0100,yes,GBP,9.99,2.99,2.17,12.98,,0,UK Standard Tracked,2026-03-29 21:11:59 +0100,1,Polka Dot with Love in Black Phone Case - iPhone 16 / Jelly Case,9.99,,KD27041,fulfilled,s pratttara,26 Diamond Crescent,26 Diamond Crescent,,Swindon,SN25 2SJ,ENG,GB,,PrattTara,"26, Diamond Crescent",26,Diamond Crescent,Swindon,SN25 2SJ,ENG,GB,+44 7595 567710,Shopify Payments,0,0,7326978867529,Low,web,0,GB VAT 20%,2.17,,rdCRBNWgOYm95avkyPrKcnIfn,rdCRBNWgOYm95avkyPrKcnIfn
UKW1001472,mikebeale99@me.com,paid,2026-03-28 19:36:10 +0000,fulfilled,2026-03-30 12:23:39 +0100,yes,GBP,9.99,2.99,2.17,12.98,,0,UK Standard Tracked,2026-03-28 19:36:09 +0000,1,Cute Capybara Friends Phone Case - iPhone 16 / Jelly Case,9.99,,KD17273,fulfilled,BealeMike,"White Gables, Duck Street","White Gables, Duck Street",,Little Easton,CM6 2JE,ENG,GB,+447768057018,BealeMike,"White Gables, Duck Street","White Gables, Duck Street",,Little Easton,CM6 2JE,ENG,GB,+447768057018,Shopify Payments,0,0,7325122265417,Low,web,0,GB VAT 20%,2.17,,rDj7HpmLMfovyI67LoYF0jETn,rDj7HpmLMfovyI67LoYF0jETn
UKW1001471,andy.lilley@pwc.com,paid,2026-03-28 09:18:12 +0000,fulfilled,2026-03-30 11:44:40 +0100,yes,GBP,17,0,2.83,17,SPRING15,2.99,UK Standard Tracked (3~5 Working Days),2026-03-28 09:18:12 +0000,1,Petite Navy Ribbon Bows Phone Case - iPhone 14 / Bumper Case (MagSafe),19.99,,KD25417,fulfilled,LilleyAndy,4 Westbrook Close,4 Westbrook Close,,Leeds,LS18 5RQ,ENG,GB,,LilleyAndy,"58 W End Dr, Horsforth",58 W End Dr,Horsforth,Leeds,LS18 5JZ,ENG,GB,7841468130,Shopify Payments,0,0,7324014281033,Low,web,0,GB VAT 20%,2.83,,rbbAEMJDmL71CyRBTx44dmo4X,rbbAEMJDmL71CyRBTx44dmo4X
UKW1001470,40-tenon-ska@icloud.com,paid,2026-03-27 16:02:13 +0000,fulfilled,2026-03-27 16:44:27 +0000,yes,GBP,9.99,2.99,2.17,12.98,,0,UK Standard Tracked (3~5 Working Days),2026-03-27 16:02:13 +0000,1,Stylish Indigo Lace Phone Case - iPhone 17 / Jelly Case,9.99,,KD21221,fulfilled,LemosAthena,21 Fallow Court Avenue,21 Fallow Court Avenue,,"Barnet, London",N12 0EA,ENG,GB,,AthenaAthena,21 Fallow Court Avenue,21 Fallow Court Avenue,,"Barnet, London",N12 0EA,ENG,GB,+447369276655,Shopify Payments,0,0,7323062436169,Low,web,0,GB VAT 20%,2.17,,rX1r3DylDf4UbiPsVwC00YCU2,rX1r3DylDf4UbiPsVwC00YCU2
UKW1001469,chris@pallapsport.com,paid,2026-03-27 15:21:43 +0000,fulfilled,2026-03-27 15:30:34 +0000,yes,GBP,19.99,5.99,4.33,25.98,,0,DPD (1~2 Working Days),2026-03-27 15:21:42 +0000,1,Personalised Photo Phone Case - iPhone 17 Pro Max / Bumper Case (MagSafe),19.99,,PSN0008,fulfilled,DessallesChristophe,"The priory, Station Road, Bishops Cleeve, The priory","The priory, Station Road, Bishops Cleeve",The priory,Cheltenham,GL52 8HH,ENG,GB,7951236778,DessallesChristophe,"The priory, Station Road, Bishops Cleeve, The priory","The priory, Station Road, Bishops Cleeve",The priory,Cheltenham,GL52 8HH,ENG,GB,7951236778,Shopify Payments + PayPal Express Checkout,0,0,7322993262921,Low,web,0,GB VAT 20%,4.33,,rTwPvJMSYeIFXmbqUS3H4PCFF,rtabdsWdexOwvt5dhfKHURhlk + ry1X1KGlvH1XznEUoFv7AdigM + rTwPvJMSYeIFXmbqUS3H4PCFF
UKW1001468,ionelapetrescu20@yahoo.com,paid,2026-03-26 12:30:10 +0000,fulfilled,2026-03-26 13:40:42 +0000,yes,GBP,16.99,0,2.83,16.99,,0,UK Standard Tracked (3~5 Working Days),2026-03-26 12:30:09 +0000,1,Stylish Clear Protective Phone Case - iPhone 13 Pro / Bumper Case,16.99,,KD20283,fulfilled,PetrescuIonela,71 Silkmore Lane,71 Silkmore Lane,,Stafford,ST17 4JH,ENG,GB,7459230798,PetrescuIonela,71 Silkmore Lane,71 Silkmore Lane,,Stafford,ST17 4JH,ENG,GB,7459230798,PayPal Express Checkout,0,0,7321001394505,Low,web,0,GB VAT 20%,2.83,,rzzCW1zE6HGSt5Mj0rzZVQYJz,rzzCW1zE6HGSt5Mj0rzZVQYJz
UKW1001467,jackclarke26@hotmail.co.uk,paid,2026-03-24 22:17:29 +0000,fulfilled,2026-03-25 12:19:53 +0000,yes,GBP,13.49,2.99,2.75,16.48,,3.49,UK Standard Tracked (3~5 Working Days),2026-03-24 22:17:28 +0000,1,Cute Blue Dream Cushion Phone Grip - Basic Phone Grip,6.99,,KD110101,fulfilled,ClarkeJack,"34, St Annes Close",34,St Annes Close,Cheshunt,EN7 6JA,ENG,GB,,ClarkeBelle,47 Yukon Road,47 Yukon Road,,Turnford,EN10 6FN,ENG,GB,7740385732,Shopify Payments,0,0,7317852913993,Low,web,3.49,GB VAT 20%,2.75,,rkcwJIawpuGHoN66FzLu9IbSg,rkcwJIawpuGHoN66FzLu9IbSg
UKW1001467,jackclarke26@hotmail.co.uk,,,,,,,,,,,,,,2026-03-24 22:17:28 +0000,1,Blue Dream Cushion Phone Case - iPhone 15 / Jelly Case,9.99,,KD13391,fulfilled,,,,,,,,,,,,,,,,,,,,,,,,,0,,,,,
UKW1001466,bradburrowes118@icloud.com,paid,2026-03-20 09:38:02 +0000,fulfilled,2026-03-20 11:06:31 +0000,no,GBP,9.99,5.99,2.67,15.98,,0,DPD (1~2 Working Days),2026-03-20 09:38:01 +0000,1,Stylish Clear Protective Phone Case - iPhone 16 Pro / Jelly Case,9.99,,KD20246,fulfilled,BurrowesBrad,66 Glenhead Street,66 Glenhead Street,,Glasgow,G22 6DG,SCT,GB,7304074178,BurrowesBrad,66 Glenhead Street,66 Glenhead Street,,Glasgow,G22 6DG,SCT,GB,7304074178,Shopify Payments,0,0,7309882327369,Low,web,0,GB VAT 20%,2.67,,rl3gOmB5Pg9xyrEBnyDFLkAJl,rl3gOmB5Pg9xyrEBnyDFLkAJl
UKW1001465,emily.seth@gmail.com,paid,2026-03-18 19:57:57 +0000,fulfilled,2026-03-19 13:28:34 +0000,yes,GBP,8.5,2.99,1.92,11.49,SPRING15,1.49,UK Standard Tracked (3~5 Working Days),2026-03-18 19:57:57 +0000,1,Petite White Bows Phone Case - iPhone 14 / Jelly Case,9.99,,KD25877,fulfilled,PatelEmily,21 The Green,21 The Green,,Hurworth,DL2 2HA,ENG,GB,+447739006864,PatelEmily,21 The Green,21 The Green,,Hurworth,DL2 2HA,ENG,GB,+447739006864,Shopify Payments,0,0,7307409162569,Low,web,0,GB VAT 20%,1.92,,r3jdXbT4qsjSaXb16hpxwf3DE,r3jdXbT4qsjSaXb16hpxwf3DE
UKW1001464,lauralou_1990@hotmail.co.uk,paid,2026-03-18 08:04:59 +0000,fulfilled,2026-03-18 11:34:46 +0000,yes,GBP,24.99,0,4.17,24.99,,0,UK Standard Tracked (3~5 Working Days),2026-03-18 08:04:59 +0000,1,Blue Fluffy Ribbon Magsafe Phone Case and Phone Grip Bundle - iPhone 13,24.99,,BD100017,fulfilled,HowardLaura,77 Bourne Road,77 Bourne Road,,Swindon,SN2 2JN,ENG,GB,,HowardLaura,77 Bourne Road,77 Bourne Road,,Swindon,SN2 2JN,ENG,GB,7902156433,Shopify Payments,0,0,7306378641737,Low,web,0,GB VAT 20%,4.17,,rY1xRwXTCG6UmOzLpetf7jCYG,rY1xRwXTCG6UmOzLpetf7jCYG
UKW1001463,stephaniemccann26@gmail.com,paid,2026-03-16 08:06:34 +0000,fulfilled,2026-03-16 14:33:43 +0000,yes,GBP,9.99,2.99,2.17,12.98,,0,UK Standard Tracked (3~5 Working Days),2026-03-16 08:06:34 +0000,1,Cute Capybara Phone Case - iPhone 16 Pro / Jelly Case,9.99,,KD17342,fulfilled,MccannStephanie,"The Old Rectory, Stanford Rd",The Old Rectory,Stanford Rd,Clay Coton,NN6 6JU,ENG,GB,,SayerOrlagh,2 Main Street,2 Main Street,,"Clifton upon Dunsmore, Rugby",CV23 0BH,ENG,GB,7795230259,Shopify Payments,0,0,7303262077257,Low,web,0,GB VAT 20%,2.17,,r90n4OdlFesKpDUQHLTGDk0TI,r90n4OdlFesKpDUQHLTGDk0TI
UKW1001462,kandangwaflorence47@gmail.com,paid,2026-03-15 17:12:24 +0000,fulfilled,2026-03-16 12:38:19 +0000,yes,GBP,26.98,0,4.5,26.98,,9.99,UK Standard Tracked (3~5 Working Days),2026-03-15 17:12:24 +0000,1,Dainty Wild Flower Phone Case - iPhone 12 Pro Max / Bumper Case,16.99,,KD18249,fulfilled,KandangwaFlorence,330 Great West Road,330 Great West Road,,"Hounslow, London",TW5 0BA,ENG,GB,+447517211866,KandangwaFlorence,330 Great West Road,330 Great West Road,,Hounslow,TW5 0BA,ENG,GB,+447517211866,Shopify Payments,0,0,7302495437129,Low,web,0,GB VAT 20%,4.5,,rDIASaoJjYZI8fohdNKR4ta5p,rDIASaoJjYZI8fohdNKR4ta5p
UKW1001462,kandangwaflorence47@gmail.com,,,,,,,,,,,,,,2026-03-15 17:12:24 +0000,1,Daisy Dreams Phone Case - iPhone 15 Plus / Jelly Case,9.99,,KD18347,fulfilled,,,,,,,,,,,,,,,,,,,,,,,,,9.99,,,,,
UKW1001462,kandangwaflorence47@gmail.com,,,,,,,,,,,,,,2026-03-15 17:12:24 +0000,1,Bows with Snowflakes Phone Case - iPhone 15 Pro Max / Jelly Case,9.99,,KD14324,fulfilled,,,,,,,,,,,,,,,,,,,,,,,,,0,,,,,
UKW1001461,angela.watton@yahoo.co.uk,paid,2026-03-15 10:49:43 +0000,fulfilled,2026-03-16 12:23:35 +0000,yes,GBP,17,0,2.83,17,SPRING15,2.99,UK Standard Tracked (3~5 Working Days),2026-03-15 10:49:42 +0000,1,Stylish Wild Flowers Phone Case - iPhone 15 / Bumper Case (MagSafe),19.99,,KD32269,fulfilled,WattonAngela,"60 Lower Prestwood Road, Wednesfield",60 Lower Prestwood Road,Wednesfield,Wolverhampton,WV11 1JP,ENG,GB,7979105746,WattonAngela,"60 Lower Prestwood Road, Wednesfield",60 Lower Prestwood Road,Wednesfield,Wolverhampton,WV11 1JP,ENG,GB,7979105746,PayPal Express Checkout,0,0,7301874024777,Low,web,0,GB VAT 20%,2.83,,rEV5oMMRqekH5BXRTOm6LG3PB,rEV5oMMRqekH5BXRTOm6LG3PB
UKW1001460,joarnason@gmail.com,paid,2026-03-15 08:33:11 +0000,fulfilled,2026-03-16 11:43:08 +0000,yes,GBP,21.67,0,3.61,21.67,SPRING15,12.31,UK Standard Tracked (3~5 Working Days),2026-03-15 08:33:10 +0000,1,Autumn Cozy Socks Phone Case - iPhone 17 / Bumper Case,16.99,,KD10992,fulfilled,ArnasonJo,"Eliana House , Upper Highfield, Sidmouth","Eliana House , Upper Highfield, Sidmouth",,Devon,EX10 8XB,ENG,GB,+447972584482,ArnasonJo,"Eliana House , Upper Highfield, Sidmouth","Eliana House , Upper Highfield, Sidmouth",,Devon,EX10 8XB,ENG,GB,+447972584482,Shopify Payments,0,0,7301664768329,Low,web,8.49,GB VAT 20%,3.61,,rBDLBjP5lw1YmJP7V577tZBq8,rBDLBjP5lw1YmJP7V577tZBq8
UKW1001460,joarnason@gmail.com,,,,,,,,,,,,,,2026-03-15 08:33:10 +0000,1,Stylish Mini Tulip Clear iPhone Case - iPhone 17 / Protective Case,16.99,,PT100449,fulfilled,,,,,,,,,,,,,,,,,,,,,,,,,0,,,,,
UKW1001459,mitchyedmunds@gmail.com,paid,2026-03-14 17:48:49 +0000,fulfilled,2026-03-16 11:25:44 +0000,yes,GBP,6.99,2.99,1.67,9.98,,0,UK Standard Tracked (3~5 Working Days),2026-03-14 17:48:49 +0000,1,Stylish Autumn Flowers Phone Grip - Basic Phone Grip,6.99,,KD111001,fulfilled,MITCHELL EDMUNDSMR,"31 Salisbury Street, Phipps Street",31 Salisbury Street,Phipps Street,Bristol,BS5 8ED,ENG,GB,+44 7799 685775,EdmundsMitch,31 Salisbury Street,31 Salisbury Street,,Bristol,BS5 8ED,ENG,GB,+44 7799 685775,Shopify Payments,0,0,7301029658953,Low,web,0,GB VAT 20%,1.67,,rZt4DN5e0NESU4PXYIqfYZx5x,rZt4DN5e0NESU4PXYIqfYZx5x
UKW1001458,dmegan.jones@sky.com,refunded,2026-03-12 22:42:18 +0000,unfulfilled,,yes,GBP,24.99,0,4.17,24.99,,0,UK Standard Tracked (3~5 Working Days),2026-03-12 22:42:17 +0000,1,Blue Fluffy Ribbon Magsafe Phone Case and Phone Grip Bundle - iPhone 16 Plus,24.99,,BD100007,pending,JONESDOROTHY,69 WALTERS ROAD,69 WALTERS ROAD,,LLANELLI CARMS,SA15 1LT,WLS,GB,+447974761422,JONESDOROTHY,69 WALTERS ROAD,69 WALTERS ROAD,,LLANELLI CARMS,SA15 1LT,WLS,GB,+447974761422,Shopify Payments,24.99,0,7298075492681,Low,3890849,0,GB VAT 20%,4.17,,rRWZATscDlbz5R1yFsAlzGOIQ,rRWZATscDlbz5R1yFsAlzGOIQ + zrGSruuWJPiNQHU9SHSRjPwe6
UKW1001457,kerrylonghurst3@outlook.com,paid,2026-03-11 16:40:34 +0000,fulfilled,2026-03-11 17:25:35 +0000,yes,GBP,9.99,2.99,2.17,12.98,,0,UK Standard Tracked (3~5 Working Days),2026-03-11 16:40:33 +0000,1,Tiny Navy Bows Phone Case - iPhone 14 / Jelly Case,9.99,,KD31421,fulfilled,LonghurstKerry,"Flat 18, 110 Laundry Road",Flat 18,110 Laundry Road,Southampton,SO16 6BF,ENG,GB,,LonghurstKerry,"Flat 18, 110 Laundry Road",Flat 18,110 Laundry Road,Southampton,SO16 6BF,ENG,GB,7468612899,Shopify Payments,0,0,7295874859337,Low,web,0,GB VAT 20%,2.17,,rUrrUKkDUkwxJToYTbuvDNxP6,rUrrUKkDUkwxJToYTbuvDNxP6
UKW1001456,kirankhan6368@gmail.com,paid,2026-03-11 11:08:32 +0000,fulfilled,2026-03-11 11:32:26 +0000,yes,GBP,16.99,0,2.83,16.99,,0,UK Standard Tracked (3~5 Working Days),2026-03-11 11:08:31 +0000,1,Petite Red Ribbon Bow and Heart iPhone Case - iPhone 17 Pro / Protective Case,16.99,,PT100253,fulfilled,KhanKiran,32 Gladstone Street,32 Gladstone Street,,Bradford,BD3 9PL,ENG,GB,+447365144359,KhanKiran,32 Gladstone Street,32 Gladstone Street,,Bradford,BD3 9PL,ENG,GB,+447365144359,Shopify Payments,0,0,7295354700105,Low,web,0,GB VAT 20%,2.83,,rAm2qjpwKLe8CoVKOMok8TLvW,rAm2qjpwKLe8CoVKOMok8TLvW
UKW1001455,gdolan125@icloud.com,paid,2026-03-10 15:16:21 +0000,fulfilled,2026-03-10 15:44:29 +0000,yes,GBP,21.25,0,3.54,21.25,SPRING15,3.74,UK Standard Tracked (3~5 Working Days),2026-03-10 15:16:20 +0000,1,Pink Fluffy Ribbon Magsafe Phone Case and Phone Grip Bundle - iPhone 17,24.99,,BD100019,fulfilled,DolanGeorgia,"16 The Oval, Hartlepool, UK","16 The Oval, Hartlepool, UK",,Hartlepool,TS26 9QH,ENG,GB,+447746690794,DolanGeorgia,"16 The Oval, Hartlepool, UK","16 The Oval, Hartlepool, UK",,Hartlepool,TS26 9QH,ENG,GB,+447746690794,Shopify Payments,0,0,7294141104457,Low,3890849,0,GB VAT 20%,3.54,,ryQgUS504391osvhKrOcAV0qZ,ryQgUS504391osvhKrOcAV0qZ
UKW1001454,liam.m.glavin@gmail.com,paid,2026-03-10 11:05:37 +0000,fulfilled,2026-03-10 11:18:34 +0000,yes,GBP,10.8,5.99,2.8,16.79,HELLOKODDY10,1.19,DPD (1~2 Working Days),2026-03-10 11:05:30 +0000,1,Daisy Phone Grip - White Magsafe Phone Grip,11.99,,KD110046,fulfilled,GlavinLiam,"92 Magdalen Road, Hilsea",92 Magdalen Road,Hilsea,Portsmouth,PO2 9HT,ENG,GB,+447566232533,GlavinLiam,"92 Magdalen Road, Hilsea",92 Magdalen Road,Hilsea,Portsmouth,PO2 9HT,ENG,GB,+447566232533,Shopify Payments,0,0,7293742842185,Low,web,0,GB VAT 20%,2.8,,rmgZWm3linwicGjy3kfXC0Unp,rmgZWm3linwicGjy3kfXC0Unp
UKW1001453,dmegan.jones@sky.com,partially_refunded,2026-03-09 22:43:06 +0000,fulfilled,2026-03-10 11:42:32 +0000,yes,GBP,24.99,0,4.17,24.99,,0,UK Standard Tracked (3~5 Working Days),2026-03-09 22:43:05 +0000,1,Blue Fluffy Ribbon Magsafe Phone Case and Phone Grip Bundle - iPhone 16 Plus,24.99,,BD100007,fulfilled,JONESDOROTHY,69 WALTERS ROAD,69 WALTERS ROAD,,LLANELLI CARMS,SA15 1LT,WLS,GB,+447974761422,JONESDOROTHY,69 WALTERS ROAD,69 WALTERS ROAD,,LLANELLI CARMS,SA15 1LT,WLS,GB,+447974761422,Shopify Payments,22,0,7293209182537,Low,web,0,GB VAT 20%,4.17,,r1EdWYFyrUn3EDSRIezeEPqh7,r1EdWYFyrUn3EDSRIezeEPqh7 + zvrDNIJQct6BTgfW2Xifsmxzq
UKW1001452,bgriffin08@hotmail.co.uk,paid,2026-03-08 18:36:10 +0000,fulfilled,2026-03-09 11:30:04 +0000,yes,GBP,8.5,2.99,1.92,11.49,SPRING15,1.49,UK Standard Tracked (3~5 Working Days),2026-03-08 18:36:09 +0000,1,Colourful Polka Dot Phone Case - iPhone 16 / Jelly Case,9.99,,KD16415,fulfilled,GriffinAlex,36 Mallard Drive Witney,36 Mallard Drive Witney,,Oxford,OX28 4EQ,ENG,GB,+447724907137,GriffinAlex,36 Mallard Drive Witney,36 Mallard Drive Witney,,Oxford,OX28 4EQ,ENG,GB,7724907137,Shopify Payments,0,0,7291158135113,Low,web,0,GB VAT 20%,1.92,,rfmFKtBM2RFlS1A8dQqTspdjM,rfmFKtBM2RFlS1A8dQqTspdjM
UKW1001451,somun11@gmail.com,paid,2026-03-08 13:30:36 +0000,fulfilled,2026-03-08 13:33:24 +0000,yes,GBP,9.99,2.99,2.17,12.98,,0,UK Standard Tracked (3~5 Working Days),2026-03-08 13:30:35 +0000,1,Vintage Motor Racing Stripe Phone Case - iPhone 16 / Jelly Case,9.99,,KD31595,fulfilled,KANGYoungsub,"UK LINKERS LTD, UNIT 242, KINGSPARK BUSINESS CENTRE",UK LINKERS LTD,"UNIT 242, KINGSPARK BUSINESS CENTRE",New Malden,KT3 3ST,ENG,GB,+447761508518,HarrisonOlivia,28 Acacia Grove,28 Acacia Grove,,New Malden,KT3 3BJ,ENG,GB,+447761508547,Shopify Payments,0,0,7290630799689,Low,web,0,GB VAT 20%,2.17,,rRkv8lv9PP3UYriWYkoM4emOD,rRkv8lv9PP3UYriWYkoM4emOD
UKW1001450,michelepoole.mp@gmail.com,paid,2026-03-06 18:49:29 +0000,fulfilled,2026-03-08 12:29:12 +0000,yes,GBP,19.99,0,3.33,19.99,,0,UK Standard Tracked (3~5 Working Days),2026-03-06 18:49:28 +0000,1,Colorful Retro Pop Flower Pattern Phone Case - iPhone 16 Pro Max / Bumper Case (MagSafe),19.99,,KD16030,fulfilled,PooleMichele,"Bramleigh House, Mays Lane",Bramleigh House,Mays Lane,Saxilby.,LN1 2QE,ENG,GB,,PooleMichele,"Bramleigh House, Mays lane",Bramleigh House,Mays lane,Saxilby,LN1 2QE,ENG,GB,7784182786,Shopify Payments,0,0,7287869047113,Low,web,0,GB VAT 20%,3.33,,rsES6a04QNIgi4tKSzCfzcTM1,rsES6a04QNIgi4tKSzCfzcTM1
UKW1001449,selmawet3@gmail.com,paid,2026-03-04 10:50:41 +0000,fulfilled,2026-03-04 12:40:07 +0000,yes,GBP,15.89,7.33,0,23.22,,5.29,European Delivery,2026-03-04 10:50:40 +0000,1,Stylish Black Superstars Phone Case - iPhone 14 / Jelly Case,10.59,,KD30629,fulfilled,WSelma,Ibsens gate 26,Ibsens gate 26,,Bergen,5053,,NO,46641543,WSelma,Ibsens gate 26,Ibsens gate 26,,Bergen,5053,,NO,46641543,Klarna,0,0,7284080509257,Low,web,5.29,,,,rpMJD9utFR3L26cEzBnNZ4mNK,rpMJD9utFR3L26cEzBnNZ4mNK
UKW1001449,selmawet3@gmail.com,,,,,,,,,,,,,,2026-03-04 10:50:40 +0000,1,Petite White Bows Phone Case - iPhone 14 / Jelly Case,10.59,,KD25877,fulfilled,,,,,,,,,,,,,,,,,,,,,,,,,0,,,,,
UKW1001448,laurajanemiller@outlook.com,paid,2026-03-03 12:00:46 +0000,fulfilled,2026-03-03 15:47:07 +0000,no,GBP,26.16,10.57,0,36.73,,8.72,AUSTRALIA DELIVERY,2026-03-03 12:00:45 +0000,1,Navy Bow Phone Case - iPhone 14 / Bumper Case,17.44,,KD24624,fulfilled,MillerLaura,5 Abe Way,5 Abe Way,,Corrigin,6375,WA,AU,407806945,MillerLaura,"5, Abe Way",5,Abe Way,Corrigin,6375,WA,AU,407806945,Shopify Payments,0,0,7282584289609,Low,web,8.72,,,+61407806945,rWhKCAdRtb6zqGBih3f50selD,rWhKCAdRtb6zqGBih3f50selD
UKW1001448,laurajanemiller@outlook.com,,,,,,,,,,,,,,2026-03-03 12:00:45 +0000,1,Blue Bubble Pattern Hearts Phone Case - iPhone 16 / Bumper Case,17.44,,KD13248,fulfilled,,,,,,,,,,,,,,,,,,,,,,,,,0,,,+61407806945,,
UKW1001447,priscilla_robinson@hotmail.co.uk,paid,2026-03-01 13:22:45 +0000,fulfilled,2026-03-02 12:30:22 +0000,yes,GBP,17,0,2.83,17,SPRING15,2.99,UK Standard Tracked (3~5 Working Days),2026-03-01 13:22:44 +0000,1,Pink Ribbon Football Gifts Phone Case - iPhone 15 / Bumper Case (MagSafe),19.99,,KD26593,fulfilled,RobinsonPriscilla,"12, Grangelands","12, Grangelands",,Macclesfield,SK10 4AB,ENG,GB,,RobinsonPriscilla,12 Grangelands,12 Grangelands,,Macclesfield,SK10 4AB,ENG,GB,1625265799,Shopify Payments,0,0,7279281733961,Low,web,0,GB VAT 20%,2.83,,rSe35gKT5grHPDfKusBe3nDM3,rSe35gKT5grHPDfKusBe3nDM3
UKW1001446,vmtaylor13@hotmail.co.uk,paid,2026-02-28 23:33:30 +0000,fulfilled,2026-03-02 11:36:26 +0000,yes,GBP,9.99,2.99,2.17,12.98,,0,UK Standard Tracked (3~5 Working Days),2026-02-28 23:33:30 +0000,1,Burgundy Lace Phone Case - iPhone 14 / Jelly Case,9.99,,KD14723,fulfilled,ParryVictoria,44 Beaumont Road,44 Beaumont Road,,Flitwick,MK45 1WD,ENG,GB,,ParryVictoria,"44 Beaumont Road, Flitwick",44 Beaumont Road,Flitwick,Bedford,MK45 1WD,ENG,GB,7794420110,Shopify Payments,0,0,7278450016585,Low,web,0,GB VAT 20%,2.17,,rZ6A7YoLOf7sZ8tjkFq6Ig9JZ,rZ6A7YoLOf7sZ8tjkFq6Ig9JZ
UKW1001445,kandangwaflorence47@gmail.com,paid,2026-02-26 10:04:43 +0000,fulfilled,2026-02-26 11:08:09 +0000,yes,GBP,16.99,0,2.83,16.99,,0,UK Standard Tracked (3~5 Working Days),2026-02-26 10:04:42 +0000,1,Stylish Clear Protective Phone Case - iPhone 16 Pro Max / Premium Bumper Case,16.99,,KD116633,fulfilled,KandangwaFlorence,330 Great West Road,330 Great West Road,,"Hounslow, London",TW5 0BA,ENG,GB,+447517211866,KandangwaFlorence,330 Great West Road,330 Great West Road,,Hounslow,TW5 0BA,ENG,GB,+447517211866,Shopify Payments,0,0,7273990422857,Low,web,0,GB VAT 20%,2.83,,rhVo7jWFU0MtI2b98NgiDSbqc,rhVo7jWFU0MtI2b98NgiDSbqc
UKW1001444,namthip.boonsai@gmail.com,paid,2026-02-24 01:04:07 +0000,fulfilled,2026-02-24 13:56:33 +0000,yes,GBP,25.49,0,4.25,25.49,,8.49,UK Standard Tracked (3~5 Working Days),2026-02-24 01:04:07 +0000,1,Cute Meow High-Five iPhone Case - iPhone 17 Pro Max / Protective Case,16.99,,PT100111,fulfilled,BounsayNamthip,"29 Rockall Way, The Rock",29 Rockall Way,The Rock,Telford,TF3 5EP,ENG,GB,+447803828561,BounsayNamthip,"29 Rockall Way, Overdale",29 Rockall Way,Overdale,Telford,TF3 5EP,ENG,GB,+447803828561,Shopify Payments,0,0,7269043568969,Low,web,8.49,GB VAT 20%,4.25,,rWiaYvMWKJe9F6OsaMEznP4vG,rWiaYvMWKJe9F6OsaMEznP4vG
UKW1001444,namthip.boonsai@gmail.com,,,,,,,,,,,,,,2026-02-24 01:04:07 +0000,1,Stylish Autumn Flowers Protective iPhone Case - iPhone17 Pro Max / Protective Case,16.99,,PT100007,fulfilled,,,,,,,,,,,,,,,,,,,,,,,,,0,,,,,
UKW1001443,hkhj2296@gmail.com,paid,2026-02-23 06:43:48 +0000,fulfilled,2026-02-23 13:32:55 +0000,yes,GBP,9.45,2.99,2.08,12.44,SAVE10,4.53,UK Standard Tracked (3~5 Working Days),2026-02-23 06:43:47 +0000,1,Amethyst Gemstone Phone Grip - Basic Phone Grip,6.99,,KD110017,fulfilled,KhanHafsa,59 Brougham Street,59 Brougham Street,,Burnley,BB12 0AT,ENG,GB,7926993733,KhanHafsa,59 Brougham Street,59 Brougham Street,,Burnley,BB12 0AT,ENG,GB,7926993733,Shopify Payments,0,0,7267607675209,Low,web,3.49,GB VAT 20%,2.08,,ra3ujdp6tdeOMeDh5gVuljNR2,ra3ujdp6tdeOMeDh5gVuljNR2
UKW1001443,hkhj2296@gmail.com,,,,,,,,,,,,,,2026-02-23 06:43:47 +0000,1,Happy Day Cake Phone Grip - Basic Phone Grip,6.99,,KD110005,fulfilled,,,,,,,,,,,,,,,,,,,,,,,,,0,,,,,
UKW1001442,dsfencing561@gmail.com,paid,2026-02-21 06:51:16 +0000,fulfilled,2026-02-22 13:58:23 +0000,yes,GBP,24.99,0,4.17,24.99,,0,UK Standard Tracked (3~5 Working Days),2026-02-21 06:51:15 +0000,1,Pink Fluffy Ribbon Magsafe Phone Case and Phone Grip Bundle - iPhone 13,24.99,,BD100035,fulfilled,DaviesMarcus,"79, Somerset Crescent",79,Somerset Crescent,Melksham,SN12 7LX,ENG,GB,,DaviesMarcus,79 Somerset Crescent,79 Somerset Crescent,,"Melksham, Wiltshire",SN12 7LX,ENG,GB,1225793555,Shopify Payments,0,0,7264478593353,Low,web,0,GB VAT 20%,4.17,,r3FhZFjmHjjOluuyvXhRvJndZ,r3FhZFjmHjjOluuyvXhRvJndZ
UKW1001441,rixonpop@icloud.com,paid,2026-02-21 02:35:17 +0000,fulfilled,2026-02-22 13:36:01 +0000,yes,GBP,16.99,0,2.83,16.99,,0,UK Standard Tracked (3~5 Working Days),2026-02-21 02:35:16 +0000,1,Black Polka Dot Bold Phone Case - iPhone 16 / Bumper Case,16.99,,KD12786,fulfilled,RixonPoppy,8 Knightlow Close,8 Knightlow Close,,"Kenilworth, Warwick",CV8 2PX,ENG,GB,,RixonPoppy,8 Knightlow Close,8 Knightlow Close,,"Kenilworth, Warwick",CV8 2PX,ENG,GB,+447510298390,Shopify Payments,0,0,7264401588553,Low,web,0,GB VAT 20%,2.83,,rmEhRvWI6IX33nGC5fVTRC2Hq,rmEhRvWI6IX33nGC5fVTRC2Hq
UKW1001440,olivia.123345@yahoo.com,paid,2026-02-19 19:39:39 +0000,fulfilled,2026-02-20 15:23:01 +0000,yes,GBP,9.99,2.99,2.17,12.98,,0,UK Standard Tracked (3~5 Working Days),2026-02-19 19:39:38 +0000,1,Tiny Navy Bows Phone Case - iPhone 14 / Jelly Case,9.99,,KD31421,fulfilled,WalkerOlivia,22 WaterRoyd Crescent,22 WaterRoyd Crescent,,Mirfield,WF14 9SY,ENG,GB,,walkerolivia,22 Water Royd Crescent,22 Water Royd Crescent,,Mirfield,WF14 9SY,ENG,GB,7853768407,Shopify Payments,0,0,7262579491145,Low,web,0,GB VAT 20%,2.17,,rUro6NuzUkgvy3GyeZd0mS5TJ,rUro6NuzUkgvy3GyeZd0mS5TJ
UKW1001439,luu.tina07@gmail.com,paid,2026-02-19 18:54:58 +0000,fulfilled,2026-02-20 14:18:45 +0000,yes,GBP,20.81,14.87,0,35.68,,0,USA DELIVERY,2026-02-19 18:54:57 +0000,1,Stylish Vine Tomatoes Phone Case - iPhone 15 / Bumper Case (MagSafe),20.81,,KD15043,fulfilled,LuuTina,"5521, Hubner Rd",5521,Hubner Rd,San Diego,92105,CA,US,+16199198995,LuuTina,5521 HUBNER RD,5521 HUBNER RD,,San Diego,92105,CA,US,+16199198995,Shopify Payments,0,0,7262513529161,Low,3890849,0,,,,rN4bHiGUvKTYVrqCEqUVXifGz,rN4bHiGUvKTYVrqCEqUVXifGz
UKW1001438,lillyhbown@icloud.com,paid,2026-02-19 14:49:58 +0000,fulfilled,2026-02-19 15:00:32 +0000,yes,GBP,9.99,2.99,2.17,12.98,,0,UK Standard Tracked (3~5 Working Days),2026-02-19 14:49:57 +0000,1,Cute Pink Polka Dot Clear Phone Case - iPhone 17 / Jelly Case,9.99,,KD17789,fulfilled,BownLilly,"Belmont, The Street","Belmont, The Street",,"Horsley, Stroud",GL6 0PR,ENG,GB,,BownLilly,"Belmont, The Street","Belmont, The Street",,"Horsley, Stroud",GL6 0PR,ENG,GB,7951342240,Shopify Payments,0,0,7262159110473,Low,web,0,GB VAT 20%,2.17,,rQLlpARFiLCyx2M7ZtG4mmoiI,rQLlpARFiLCyx2M7ZtG4mmoiI
UKW1001437,natashayelliott@gmail.com,paid,2026-02-19 02:55:01 +0000,fulfilled,2026-02-19 14:17:37 +0000,yes,GBP,15.13,10.47,0,25.6,COME15BACK,2.67,AUSTRALIA DELIVERY,2026-02-19 02:55:00 +0000,1,Mini Fruit Jam Phone Case - iPhone 17 / Bumper Case,17.8,,KD23796,fulfilled,ElliottNatasha,18 derby street,18 derby street,,collingwood,3066,VIC,AU,+61422029487,ElliottNatasha,18 derby street,18 derby street,,collingwood,3066,VIC,AU,+61422029487,Shopify Payments,0,0,7261450600777,Low,web,0,,,,rg77zCTglMq36Vm1GQcKdSeHe,rg77zCTglMq36Vm1GQcKdSeHe
UKW1001436,crh07@blueyonder.co.uk,paid,2026-02-17 21:13:14 +0000,fulfilled,2026-02-18 15:08:36 +0000,yes,GBP,11.99,2.99,2.5,14.98,,0,UK Standard Tracked (3~5 Working Days),2026-02-17 21:13:13 +0000,1,Happy Day Cake Phone Grip - Pink Magsafe Phone Grip,11.99,,KD110008,fulfilled,HowellLynette,"72 Robin Way, Chipping Sodbury",72 Robin Way,Chipping Sodbury,BRISTOL,BS37 6JP,ENG,GB,+447536978533,HowellLynette,"72 Robin Way, Chipping Sodbury",72 Robin Way,Chipping Sodbury,BRISTOL,BS37 6JP,ENG,GB,+447536978533,Shopify Payments,0,0,7259793391945,Low,web,0,GB VAT 20%,2.5,,rk2GJSo0SYRavwNQiv1nU8cAh,rk2GJSo0SYRavwNQiv1nU8cAh
UKW1001435,kaela.atkins@gmail.com,paid,2026-02-17 15:44:55 +0000,fulfilled,2026-02-17 16:44:31 +0000,no,GBP,19.99,2.99,3.83,22.98,,0,UK Standard Tracked (3~5 Working Days),2026-02-17 15:44:55 +0000,1,Small Broccoli Phone Case - iPhone 17 / Bumper Case (MagSafe),19.99,,KD29209,fulfilled,Atkins-BlakeMikaela,"7 Partick Bridge St, 4/1",7 Partick Bridge St,4/1,Glasgow,G11 6PN,SCT,GB,+447745800958,Atkins-BlakeMikaela,"7 Partick Bridge St, 4/1",7 Partick Bridge St,4/1,Glasgow,G11 6PN,SCT,GB,+447745800958,Shopify Payments,0,0,7259195212105,Low,web,0,GB VAT 20%,3.83,,rmBS8mosZmnzBSa9BGRWK3tFW,rmBS8mosZmnzBSa9BGRWK3tFW
UKW1001434,heather_mclachlan87@hotmail.com,paid,2026-02-16 20:43:45 +0000,fulfilled,2026-02-17 15:34:04 +0000,yes,GBP,20.8,2.99,3.97,23.79,EXTRA20,11.18,UK Standard Tracked (3~5 Working Days),2026-02-16 20:43:45 +0000,1,Navy Ribbon Bow iPhone Case - iPhone 17 / Protective Magsafe Case,19.99,,PT100482,fulfilled,ShawHeather,42 Springhead Ave,42 Springhead Ave,,Cumbernauld,G68 9GY,SCT,GB,+447788271161,ShawHeather,"42 Springhead Avenue, Cumbernauld, Cumbernauld","42 Springhead Avenue, Cumbernauld",Cumbernauld,Glasgow,G68 9GY,SCT,GB,7788271161,Shopify Payments,0,0,7258150306121,Low,web,0,GB VAT 20%,3.97,,r4ioqn8K0F3SPbpnztUfke4CI,r4ioqn8K0F3SPbpnztUfke4CI
UKW1001434,heather_mclachlan87@hotmail.com,,,,,,,,,,,,,,2026-02-16 20:43:45 +0000,1,Petite Navy Ribbon Bows Phone Grip - White Magsafe Phone Grip,11.99,,KD110094,fulfilled,,,,,,,,,,,,,,,,,,,,,,,,,5.99,,,,,
UKW1001433,eve.pitt@hotmail.com,paid,2026-02-15 21:36:44 +0000,fulfilled,2026-02-17 15:21:46 +0000,yes,GBP,11.99,2.99,2.5,14.98,,0,UK Standard Tracked (3~5 Working Days),2026-02-15 21:36:43 +0000,1,Cute Grey Cat Lavender Coffee Phone Grip - White Magsafe Phone Grip,11.99,,KD110098,fulfilled,PittEve,6 Talbot Street,6 Talbot Street,,Halesowen,B63 2TD,ENG,GB,7481429184,PittEve,6 Talbot Street,6 Talbot Street,,Halesowen,B63 2TD,ENG,GB,7481429184,Shopify Payments,0,0,7256761172297,Low,web,0,GB VAT 20%,2.5,,re0ZtRm4wcT129KnWituAi6ho,re0ZtRm4wcT129KnWituAi6ho
UKW1001432,cara.bm@icloud.com,paid,2026-02-14 14:02:45 +0000,fulfilled,2026-02-17 12:49:40 +0000,yes,GBP,16.99,2.99,3.33,19.98,,0,UK Standard Tracked (3~5 Working Days),2026-02-14 14:02:45 +0000,1,Cute Pink Polka Dot Clear Phone Case - iPhone 16 / Bumper Case,16.99,,KD17802,fulfilled,berisford-murraycara,47 Grove Street,47 Grove Street,,"Royal Leamington Spa , Warwick",CV32 5AQ,ENG,GB,,caracara,47 Grove Street,47 Grove Street,,"Royal Leamington Spa, Warwick",CV32 5AQ,ENG,GB,+447458360215,Shopify Payments,0,0,7254557458761,Low,web,0,GB VAT 20%,3.33,,r7LqF5pxVo0s4SqJAVj7NxjZF,r7LqF5pxVo0s4SqJAVj7NxjZF
UKW1001431,leonardopaterno89@gmail.com,paid,2026-02-12 15:10:51 +0000,fulfilled,2026-02-12 17:04:41 +0000,no,GBP,9.99,2.99,2.17,12.98,,0,UK Standard Tracked (3~5 Working Days),2026-02-12 15:10:50 +0000,1,White Slim Hard Phone Case - iPhone 15,9.99,18,KD116615,fulfilled,PaternoLeonardo,"Flat 20, 135 Vanbrugh Hill","Flat 20, 135 Vanbrugh Hill",,London,SE10 9HW,ENG,GB,+447730466003,PaternoLeonardo,"Flat 20, 135 Vanbrugh Hill","Flat 20, 135 Vanbrugh Hill",,London,SE10 9HW,ENG,GB,+447730466003,Shopify Payments,0,0,7250898944329,Low,web,0,GB VAT 20%,2.17,,rcL3Zd7usoIFHcq8O7gEOXO3J,rcL3Zd7usoIFHcq8O7gEOXO3J
UKW1001430,sandeep.blackhurst@gmail.com,paid,2026-02-11 16:46:56 +0000,fulfilled,2026-02-12 12:05:37 +0000,no,GBP,20,2.99,3.83,22.99,EXTRA20,4.99,UK Standard Tracked (3~5 Working Days),2026-02-11 16:46:55 +0000,1,Blue Fluffy Ribbon Magsafe Phone Case and Phone Grip Bundle - iPhone 14,24.99,,BD100013,fulfilled,BlackhurstSandeep,"Orchard House, 3A Wham Lane","Orchard House, 3A Wham Lane",,Preston,PR4 4XB,ENG,GB,,BlackhurstSandeep,"3A Wham Lane, New Longton",3A Wham Lane,New Longton,Preston,PR4 4XB,ENG,GB,7943871915,Shopify Payments,0,0,7249517478217,Low,web,0,GB VAT 20%,3.83,,rPbXhZ8AbrMsSNcX3gPmgLgvz,rPbXhZ8AbrMsSNcX3gPmgLgvz
UKW1001429,logginsam.tangle@gmail.com,paid,2026-02-10 20:23:26 +0000,fulfilled,2026-02-11 13:14:36 +0000,yes,GBP,8,2.99,1.83,10.99,EXTRA20,1.99,UK Standard Tracked (3~5 Working Days),2026-02-10 20:23:25 +0000,1,White Slim Hard Phone Case - iPhone 14 Pro Max,9.99,18,KD116622,fulfilled,WilliamsSam,"Yew Tree Farm, Hinton in the Hedges","Yew Tree Farm, Hinton in the Hedges",,Brackley,NN13 5NG,ENG,GB,+447976666874,WilliamsSam,"Yew Tree Farm, Hinton in the Hedges","Yew Tree Farm, Hinton in the Hedges",,Brackley,NN13 5NG,ENG,GB,+447976666874,Shopify Payments,0,0,7248248439113,Low,web,0,GB VAT 20%,1.83,,rQoKPxe86cwAm5vEt2L2MBJKb,rQoKPxe86cwAm5vEt2L2MBJKb
UKW1001428,ysub23@naver.com,refunded,2026-02-07 00:26:59 +0000,unfulfilled,,yes,GBP,21.99,2.99,4.17,24.98,,0,UK Standard Tracked (3~5 Working Days),2026-02-07 00:26:58 +0000,1,Personalised Instant Camera Photo Phone case - iPhone 15 Pro / Bumper Case (MagSafe),21.99,,PSN0064,pending,KANGYoungsub,"UK LINKERS LTD, UNIT 242, KINGSPARK BUSINESS CENTRE",UK LINKERS LTD,"UNIT 242, KINGSPARK BUSINESS CENTRE",New Malden,KT3 3ST,ENG,GB,+447761508518,KANGYoungsub,"UK LINKERS LTD, UNIT 242, KINGSPARK BUSINESS CENTRE",UK LINKERS LTD,"UNIT 242, KINGSPARK BUSINESS CENTRE",New Malden,KT3 3ST,ENG,GB,+447761508518,Shopify Payments,24.98,0,7240981545289,Low,web,0,GB VAT 20%,4.17,+447761508518,rd44Cij0Wpp7JyRBFDKf30MX1,rd44Cij0Wpp7JyRBFDKf30MX1 + zMF8zyh3kzzNdL1ITByY9t6uL
UKW1001427,alyssadunn02@hotmail.co.uk,paid,2026-02-05 23:09:49 +0000,fulfilled,2026-02-06 11:38:18 +0000,yes,GBP,14.99,4.99,3.33,19.98,,4.99,UK Express Tracked (1~2 Working Days),2026-02-05 23:09:48 +0000,1,Mini Blue Bubble Hearts Phone Case - iPhone 14 Plus / Jelly Case,9.99,,KD23507,fulfilled,dunnalyssa,"20 Regent Street, Flat 16",20 Regent Street,Flat 16,Plymouth,PL4 8AS,ENG,GB,7883337144,dunnalyssa,"20 Regent Street, Flat 16",20 Regent Street,Flat 16,Plymouth,PL4 8AS,ENG,GB,7883337144,Shopify Payments,0,0,7239363101001,Low,web,4.99,GB VAT 20%,3.33,,r3z3cmxNop4d84dF2v2RftwJr,r3z3cmxNop4d84dF2v2RftwJr
UKW1001427,alyssadunn02@hotmail.co.uk,,,,,,,,,,,,,,2026-02-05 23:09:48 +0000,1,Mini Pink Bubble Hearts Phone Case - iPhone 16 Plus / Jelly Case,9.99,,KD23945,fulfilled,,,,,,,,,,,,,,,,,,,,,,,,,0,,,,,
UKW1001426,melanie.ballesta.ls@gmail.com,paid,2026-02-05 18:31:33 +0000,fulfilled,2026-02-06 13:17:12 +0000,yes,GBP,9.6,2.99,2.1,12.59,EXTRA20,2.39,UK Standard Tracked (3~5 Working Days),2026-02-05 18:31:32 +0000,1,Daisy Phone Grip - Pink Magsafe Phone Grip,11.99,,KD110048,fulfilled,Ballesta OrtizMelanie,6 Leather Road,6 Leather Road,,Londres,SE16 2QG,ENG,GB,,BallestaMelanie,"26 Monmouth Court, Coopers Road",26 Monmouth Court,Coopers Road,"Southwark, London",SE1 5YA,ENG,GB,7472128652,Shopify Payments,0,0,7238969786697,Low,web,0,GB VAT 20%,2.1,,rSxcLvQYxFTpxN1gTfdJNwPeo,rSxcLvQYxFTpxN1gTfdJNwPeo
UKW1001425,danoz75@msn.com,paid,2026-02-04 09:08:04 +0000,fulfilled,2026-02-04 14:11:57 +0000,no,GBP,20.35,10.18,0,30.53,,0,AUSTRALIA DELIVERY,2026-02-04 09:08:03 +0000,1,Vintage Motor Racing Stripe Phone Case - iPhone 13 / Bumper Case (MagSafe),20.35,,KD31633,fulfilled,jonesdanny,792 Elizabeth Street,792 Elizabeth Street,,Melbourne,3004,VIC,AU,413079579,jonesdanny,792 Elizabeth Street,792 Elizabeth Street,,Melbourne,3004,VIC,AU,413079579,PayPal Express Checkout,0,0,7236571169097,Low,web,0,,,,rEm08e56zGBOgl6xwhF7wAYzn,rEm08e56zGBOgl6xwhF7wAYzn
UKW1001424,ysub23@naver.com,refunded,2026-02-03 22:11:29 +0000,unfulfilled,,yes,GBP,19.99,2.99,3.83,22.98,,0,UK Standard Tracked (3~5 Working Days),2026-02-03 22:11:28 +0000,1,Customised test Phone Case - iPhone 15 Pro / Bumper Case (MagSafe),19.99,,cus10020,pending,KANGYoungsub,"UK LINKERS LTD, UNIT 242, KINGSPARK BUSINESS CENTRE",UK LINKERS LTD,"UNIT 242, KINGSPARK BUSINESS CENTRE",New Malden,KT3 3ST,ENG,GB,+447761508518,KANGYoungsub,"UK LINKERS LTD, UNIT 242, KINGSPARK BUSINESS CENTRE",UK LINKERS LTD,"UNIT 242, KINGSPARK BUSINESS CENTRE",New Malden,KT3 3ST,ENG,GB,+447761508518,Shopify Payments,22.98,0,7236175987017,Low,web,0,GB VAT 20%,3.83,+447761508518,r6UnhF8SUUNDSTsS8xPK4wBoB,r6UnhF8SUUNDSTsS8xPK4wBoB + zuupBQDaEkwanv2ogbnEPxG5C
UKW1001423,johnjamie14@icloud.com,paid,2026-02-03 20:29:22 +0000,fulfilled,2026-02-04 11:48:48 +0000,yes,GBP,21.59,0,3.6,21.59,EXTRA20,15.38,UK Standard Tracked (3~5 Working Days),2026-02-03 20:29:21 +0000,1,Cute Capybara Delight Phone Case - iPhone 14 / Jelly Case,9.99,,KD14789,fulfilled,DunnachieJohn,59 Carronview,59 Carronview,,Larbert,FK5 3HY,SCT,GB,,DunnachieJohn,"59 Carronview, Stenhousemuir",59 Carronview,Stenhousemuir,Larbert,FK5 3HY,SCT,GB,+447954848989,Shopify Payments,0,0,7236023091529,Low,web,9.99,GB VAT 20%,3.6,,rNozYBlPuZJRX52ysOSEldD3l,rNozYBlPuZJRX52ysOSEldD3l
UKW1001423,johnjamie14@icloud.com,,,,,,,,,,,,,,2026-02-03 20:29:21 +0000,1,Cute Capybara Friends Phone Case - iPhone 14 / Bumper Case,16.99,,KD17298,fulfilled,,,,,,,,,,,,,,,,,,,,,,,,,0,,,,,
UKW1001423,johnjamie14@icloud.com,,,,,,,,,,,,,,2026-02-03 20:29:21 +0000,1,Cute Frog Hat Capybara with Heart Pattern Phone Case - iPhone 14 / Jelly Case,9.99,,KD17495,fulfilled,,,,,,,,,,,,,,,,,,,,,,,,,0,,,,,
UKW1001422,leanne.rochelle96@icloud.com,paid,2026-02-02 14:58:32 +0000,fulfilled,2026-02-02 15:19:56 +0000,yes,GBP,19.19,2.99,3.7,22.18,EXTRA20,16.78,UK Standard Tracked (3~5 Working Days),2026-02-02 14:58:32 +0000,1,Cute Teddy Bear Phone Grip - Pink Magsafe Phone Grip,11.99,,KD110112,fulfilled,KennyLeanne,"2 Thessaly House, Thessaly Road",2 Thessaly House,Thessaly Road,"Wandsworth, London",SW8 4EB,ENG,GB,+447473483356,KennyLeanne,"16 Franklin building, 62 ponton road",16 Franklin building,62 ponton road,London,SW11 7DA,ENG,GB,+447473483356,Shopify Payments,0,0,7233817674057,Low,web,11.99,GB VAT 20%,3.7,,rObsxTz2ax7yPz7l5hldBuS2S,rObsxTz2ax7yPz7l5hldBuS2S
UKW1001422,leanne.rochelle96@icloud.com,,,,,,,,,,,,,,2026-02-02 14:58:32 +0000,1,Cute Otter Phone Grip - Pink Magnetic Phone Grip,11.99,,,fulfilled,,,,,,,,,,,,,,,,,,,,,,,,,0,,,,,
UKW1001422,leanne.rochelle96@icloud.com,,,,,,,,,,,,,,2026-02-02 14:58:32 +0000,1,Meow Kitty Phone Grip - Pink Magsafe Phone Grip,11.99,,KD110076,fulfilled,,,,,,,,,,,,,,,,,,,,,,,,,0,,,,,
UKW1001421,nsl.hair-makeup@hotmail.com,paid,2026-02-01 22:09:19 +0000,fulfilled,2026-02-02 13:47:44 +0000,yes,GBP,14.4,2.99,2.9,17.39,EXTRA20,9.58,UK Standard Tracked (3~5 Working Days),2026-02-01 22:09:18 +0000,1,Blue Gemstone Phone Grip - White Magsafe Phone Grip,11.99,,KD110022,fulfilled,WallaceNicole,61,61,,Paisley,PA2 8AB,SCT,GB,+447825559798,WallaceNicole,61 Moorfoot Avenue,61 Moorfoot Avenue,,Paisley,PA2 8AB,SCT,GB,+447825559798,Shopify Payments,0,0,7232885948745,Low,web,5.99,GB VAT 20%,2.9,,rtmYEhpajvNpSCDosCLbT9L8h,rtmYEhpajvNpSCDosCLbT9L8h
UKW1001421,nsl.hair-makeup@hotmail.com,,,,,,,,,,,,,,2026-02-01 22:09:18 +0000,1,Pink Ribbon Cherry Pool Balls Phone Grip - Pink Magsafe Phone Grip,11.99,,KD110080,fulfilled,,,,,,,,,,,,,,,,,,,,,,,,,0,,,,,
UKW1001420,rubychal08@Icloud.com,paid,2026-02-01 21:24:40 +0000,fulfilled,2026-02-02 13:21:46 +0000,yes,GBP,9.99,2.99,2.17,12.98,,0,UK Standard Tracked (3~5 Working Days),2026-02-01 21:24:39 +0000,1,Stylish Indigo Lace Phone Case - iPhone 15 / Jelly Case,9.99,,KD21245,fulfilled,ChalonerRUBY,"5 Oakland court, Lavister",5 Oakland court,Lavister,Rossett,LL12 0BF,WLS,GB,,ChalonerRuby,5 Oakland Court,5 Oakland Court,,Wrexham,LL12 0BF,WLS,GB,7375855729,Shopify Payments,0,0,7232824148297,Low,web,0,GB VAT 20%,2.17,,rJ99d0Th5soaptDZNX0tzeUDv,rJ99d0Th5soaptDZNX0tzeUDv
1001419,amber.turnbull@btinternet.com,paid,2026-01-31 15:55:54 +0000,fulfilled,2026-02-02 13:17:16 +0000,no,GBP,8,2.99,1.83,10.99,EXTRA20,1.99,UK Standard Tracked (3~5 Working Days),2026-01-31 15:55:53 +0000,1,Meow High-Five Phone Case - iPhone 15 / Jelly Case,9.99,,KD23027,fulfilled,TurnbullAmber,"14 Cedars Avenue, flat 4",14 Cedars Avenue,flat 4,London,E17 7QN,ENG,GB,+447305196748,TurnbullAmber,"14 Cedars Avenue, flat 4",14 Cedars Avenue,flat 4,London,E17 7QN,ENG,GB,+447305196748,Shopify Payments,0,0,7230522589513,Low,web,0,GB VAT 20%,1.83,,r5DFdqoesIns0mh3KHgue0vak,rlvBFVSpUNbJwK1pVFtGC70PT + r5DFdqoesIns0mh3KHgue0vak
1001418,ayeshah3ayeshah@gmail.com,paid,2026-01-28 18:12:02 +0000,fulfilled,2026-01-29 12:47:38 +0000,yes,GBP,20.4,0,3.4,20.4,EXTRA20,13.58,UK Standard Tracked (3~5 Working Days),2026-01-28 18:12:01 +0000,1,Cherry Vine Tomatoes Phone Case - iPhone 15 / Bumper Case,16.99,,KD15108,fulfilled,AhmedAyeshah,283 Glyndon Road,283 Glyndon Road,,London,SE18 7NY,ENG,GB,7927934346,AhmedAyeshah,283 Glyndon Road,283 Glyndon Road,,London,SE18 7NY,ENG,GB,7927934346,Shopify Payments,0,0,7225652642121,Low,web,8.49,GB VAT 20%,3.4,,rvuYPcUbT4LFgZZWids6BCi1x,rvuYPcUbT4LFgZZWids6BCi1x
1001418,ayeshah3ayeshah@gmail.com,,,,,,,,,,,,,,2026-01-28 18:12:01 +0000,1,Broccoli Palm Phone Case - iPhone 15 / Bumper Case,16.99,,KD14448,fulfilled,,,,,,,,,,,,,,,,,,,,,,,,,0,,,,,
1001417,sophienewall66678@gmail.com,paid,2026-01-25 17:03:24 +0000,fulfilled,2026-01-26 12:14:21 +0000,yes,GBP,20.4,0,3.4,20.4,EXTRA20,13.58,UK Standard Tracked (3~5 Working Days),2026-01-25 17:03:24 +0000,1,Navy Bow Phone Case - iPhone 15 / Bumper Case,16.99,,KD24612,fulfilled,NewallSophie,15 St. Andrews Avenue,15 St. Andrews Avenue,,LIVERPOOL,L12 9LU,ENG,GB,+447392823176,NewallSophie,15 St. Andrews Avenue,15 St. Andrews Avenue,,LIVERPOOL,L12 9LU,ENG,GB,07392 823176,Shopify Payments,0,0,7219712885065,Low,web,8.49,GB VAT 20%,3.4,,rGMWKHG9hPcOzD20hceD8PtOk,rGMWKHG9hPcOzD20hceD8PtOk
1001417,sophienewall66678@gmail.com,,,,,,,,,,,,,,2026-01-25 17:03:24 +0000,1,Monochrome Black Polka Dot Clear Phone Case - iPhone 15 / Bumper Case,16.99,,KD24348,fulfilled,,,,,,,,,,,,,,,,,,,,,,,,,0,,,,,
1001416,misshwang97@gmail.com,paid,2026-01-25 01:54:57 +0000,fulfilled,2026-01-26 11:52:58 +0000,yes,GBP,24.87,10.61,0,35.48,EXTRA20,16.57,AUSTRALIA DELIVERY,2026-01-25 01:54:56 +0000,1,Big Cherry Ribbon Phone Case - iPhone 14 Plus / Bumper Case (MagSafe),20.72,,KD12223,fulfilled,HwangJinny,"Unit 2,24 Webb St","Unit 2,24 Webb St",,Riverwood,2210,NSW,AU,+61411309411,HwangJinny,2/24 Webb Street,2/24 Webb Street,,Riverwood,2210,NSW,AU,0411 309 411,Shopify Payments,0,0,7218463277385,Low,web,10.36,,,,rceoquQjeW0ArXBEGqfUb5HjB,rceoquQjeW0ArXBEGqfUb5HjB
1001416,misshwang97@gmail.com,,,,,,,,,,,,,,2026-01-25 01:54:56 +0000,1,Petite Red Bows and Snowmen Phone Case - iPhone 14 Plus / Bumper Case (MagSafe),20.72,,KD25621,fulfilled,,,,,,,,,,,,,,,,,,,,,,,,,0,,,,,
1001415,morganmoth26@gmail.com,paid,2026-01-22 02:36:52 +0000,fulfilled,2026-01-22 11:51:40 +0000,yes,GBP,8.5,2.99,1.92,11.49,EXTRA15,1.49,UK Standard Tracked (3~5 Working Days),2026-01-22 02:36:52 +0000,1,Pink Ribbon Cherry Pool Balls Phone Case - iPhone 14 / Jelly Case,9.99,,KD26537,fulfilled,MothMorgan,"32 Ashgate Road, Hucknall",32 Ashgate Road,Hucknall,Nottingham,NG15 7UT,ENG,GB,7722929242,MothMorgan,"32 Ashgate Road, Hucknall",32 Ashgate Road,Hucknall,Nottingham,NG15 7UT,ENG,GB,7722929242,Klarna,0,0,7212122210633,Low,web,0,GB VAT 20%,1.92,,rpzXpNV1MAjJZCPtMjS48rySN,rpzXpNV1MAjJZCPtMjS48rySN
1001414,morna.mcauley@btopenworld.com,paid,2026-01-20 06:46:43 +0000,fulfilled,2026-01-20 11:51:33 +0000,yes,GBP,11.95,2.99,2.49,14.94,,0,UK Standard Tracked (3~5 Working Days),2026-01-20 06:46:43 +0000,1,Pink Ribbon Phone Grip - Pink Magsafe Phone Grip,11.95,,KD110032,fulfilled,BechelliMorna,7 Cat Craig Way,7 Cat Craig Way,,Bannockburn,FK7 8YY,SCT,GB,+447976044686,BechelliMorna,7 Cat Craig Way,7 Cat Craig Way,,Bannockburn,FK7 8YY,SCT,GB,+447976044686,Shopify Payments,0,0,7208933130569,Low,web,0,GB VAT 20%,2.49,,rJ4LzvyaUq4x19i0XgI6yzbGe,rJ4LzvyaUq4x19i0XgI6yzbGe
1001413,pandora.m1234@gmail.com,paid,2026-01-19 23:39:02 +0000,fulfilled,2026-01-20 11:30:42 +0000,no,GBP,15.3,0,2.55,15.3,HISTUDENT10T5cd_r,1.69,UK Standard Tracked (3~5 Working Days),2026-01-19 23:39:01 +0000,1,Antique Silver Purple Ribbon Key Phone Case - iPhone 12 / Bumper Case,16.99,,KD10521,fulfilled,MAlex,136C Grosvenor Terrace,136C Grosvenor Terrace,,London,SE5 0NL,ENG,GB,7921567765,MAlex,136C Grosvenor Terrace,136C Grosvenor Terrace,,London,SE5 0NL,ENG,GB,7921567765,Shopify Payments,0,0,7208690909513,Low,web,0,GB VAT 20%,2.55,,rSUWboLjfKfZM1K1wJuodK2Zk,rSUWboLjfKfZM1K1wJuodK2Zk
1001412,carajames1@hotmail.co.uk,paid,2026-01-18 16:37:18 +0000,fulfilled,2026-01-19 13:25:18 +0000,yes,GBP,25.95,0,4.33,25.95,,0,UK Standard Tracked (3~5 Working Days),2026-01-18 16:37:17 +0000,1,Blue Fluffy Ribbon Magsafe Phone Case and Phone Grip Bundle - iPhone 13,25.95,,BD100017,fulfilled,WaltersCara,34 Greystock Road,34 Greystock Road,,Bracknell,RG42 2FB,ENG,GB,,WaltersCara,34 Greystock Road,34 Greystock Road,,"Warfield, Bracknell Forest",RG42 2FB,ENG,GB,7795083044,Shopify Payments,0,0,7206398460233,Low,web,0,GB VAT 20%,4.33,,rbsj8yE67zUFPIhAVDLCxQ5E0,rbsj8yE67zUFPIhAVDLCxQ5E0
1001411,clarke.kylie@icloud.com,paid,2026-01-15 10:29:04 +0000,fulfilled,2026-01-15 12:22:57 +0000,yes,GBP,25.02,0,4.17,25.02,NEWSEASON,7.88,UK Standard Tracked (3~5 Working Days),2026-01-15 10:29:03 +0000,1,Cute Pink Fluffy Ribbon Phone Grip - Basic Phone Grip,6.95,,KD110081,fulfilled,ClarkeKylie,3 Eleanor Close,3 Eleanor Close,,Bath,BA2 1QL,ENG,GB,,SchiaffinoKylie,3 Eleanor Close,3 Eleanor Close,,Bath and North East Somerset,BA2 1QL,ENG,GB,+447368447825,Shopify Payments,0,0,7200695812425,Low,web,3.47,GB VAT 20%,4.17,,rbJwBDNTcOeVkVG2Qm0L2I1MM,rbJwBDNTcOeVkVG2Qm0L2I1MM
1001411,clarke.kylie@icloud.com,,,,,,,,,,,,,,2026-01-15 10:29:03 +0000,1,Pink Fluffy Ribbon Magsafe Phone Case and Phone Grip Bundle - iPhone 16 Pro Max,25.95,,BD100022,fulfilled,,,,,,,,,,,,,,,,,,,,,,,,,0,,,,,
1001410,lauren.losurdo@icloud.com,paid,2026-01-14 11:06:45 +0000,fulfilled,2026-01-14 13:50:38 +0000,no,GBP,17.39,10.43,0,27.82,,0,AUSTRALIA DELIVERY,2026-01-14 11:06:44 +0000,1,Petite White Bows Phone Case - iPhone 13 / Premium Bumper Case,17.39,,KD104769,fulfilled,Lo SurdoLauren,3 Brynymor Place,3 Brynymor Place,,Balgownie,2519,NSW,AU,+61434744708,Lo SurdoLauren,3 Brynymor Place,3 Brynymor Place,,Balgownie,2519,NSW,AU,+61434744708,Shopify Payments,0,0,7199114264905,Low,web,0,,,,r01ZVGLgeXKjSL3dapkypHYxY,r01ZVGLgeXKjSL3dapkypHYxY
1001409,dlesleyw@googlemail.com,paid,2026-01-12 19:56:54 +0000,fulfilled,2026-01-13 11:55:38 +0000,yes,GBP,17,0,2.83,17,NEWYEAR2026,2.99,UK Standard Tracked (3~5 Working Days),2026-01-12 19:56:54 +0000,1,White MagSafe Tough Phone Case - iPhone 15,19.99,26,KD116677,fulfilled,WilliamsDawn,"22 Borrowdale, Sutton Park",22 Borrowdale,Sutton Park,Hull,HU7 6DR,ENG,GB,,WilliamsDawn,"28 Borrowdale, Sutton park",28 Borrowdale,Sutton park,Hull,HU7 6DR,ENG,GB,7789756943,Shopify Payments,0,0,7196767879497,Low,web,0,GB VAT 20%,2.83,,rCFmQFxzKATAN1yJX8k8P5kI7,rCFmQFxzKATAN1yJX8k8P5kI7
1001408,jameaitken70@hotmail.com,paid,2026-01-12 17:00:21 +0000,fulfilled,2026-01-13 11:50:19 +0000,yes,GBP,16.99,0,2.83,16.99,,0,UK Standard Tracked (3~5 Working Days),2026-01-12 17:00:21 +0000,1,Baby Pink Ribbon Bows Phone Case - iPhone 12 / Premium Bumper Case,16.99,,KD114627,fulfilled,AitkenOphelia,16 Lancaster Road,16 Lancaster Road,,Rayleigh,SS6 8UP,ENG,GB,7935235136,AitkenOphelia,16 Lancaster Road,16 Lancaster Road,,Rayleigh,SS6 8UP,ENG,GB,7935235136,Shopify Payments,0,0,7196472410441,Low,web,0,GB VAT 20%,2.83,,rTY63JV858o3mxIYyVFQs6RMI,rTY63JV858o3mxIYyVFQs6RMI
1001407,tomland@live.co.uk,paid,2026-01-12 09:31:40 +0000,fulfilled,2026-01-12 11:31:03 +0000,yes,GBP,10.99,2.99,2.33,13.98,,0,UK Standard Tracked (3~5 Working Days),2026-01-12 09:31:39 +0000,1,White Slim Hard Phone Case - iPhone 15 Pro,10.99,18,KD116616,fulfilled,LandTom,6 Harbledown Road,6 Harbledown Road,,London,SW6 5TP,ENG,GB,+447810657558,LandSophie,"6 Harbledown Road, Fulham",6 Harbledown Road,Fulham,London,SW6 5TP,ENG,GB,+447867806027,Shopify Payments,0,0,7195755118921,Low,web,0,GB VAT 20%,2.33,,rAYSJpl41aU9MSlYX3eNB1PAi,rAYSJpl41aU9MSlYX3eNB1PAi
1001406,rachel100766@hotmail.com,paid,2026-01-10 12:10:28 +0000,fulfilled,2026-01-12 11:36:27 +0000,yes,GBP,24.61,0,4.1,24.61,NEWYEAR2026,9.33,UK Standard Tracked (3~5 Working Days),2026-01-10 12:10:28 +0000,1,Navy Bow Phone Case - iPhone 15 / Jelly Case,9.99,,KD107672,fulfilled,ChickRachel,16 Bronheulwen,16 Bronheulwen,,Porth,CF39 0BJ,WLS,GB,+447899792022,ChickRachel,16 Bronheulwen,16 Bronheulwen,,Porth,CF39 0BJ,WLS,GB,7899792022,Shopify Payments,0,0,7192556568905,Low,web,4.99,GB VAT 20%,4.1,,r2Z8MNzMc9QuUMobQHYjtfEl5,r2Z8MNzMc9QuUMobQHYjtfEl5
1001406,rachel100766@hotmail.com,,,,,,,,,,,,,,2026-01-10 12:10:28 +0000,1,Blue Fluffy Ribbon Magsafe Phone Case and Phone Grip Bundle - iPhone 14,23.95,,BD100009,fulfilled,,,,,,,,,,,,,,,,,,,,,,,,,0,,,,,
1001405,karenpearson108@btinternet.com,paid,2026-01-09 14:15:34 +0000,fulfilled,2026-01-09 15:01:38 +0000,yes,GBP,9.99,2.99,2.17,12.98,,0,Standard Delivery,2026-01-09 14:15:34 +0000,1,Petite Navy Ribbon Bows Phone Case - iPhone 14 / Jelly Case,9.99,,KD107630,fulfilled,PesrsonKaren,20 Stanley Gardens,20 Stanley Gardens,,South Croydon,CR2 9AH,ENG,GB,,McKirdyKaren,20 STANLEY GARDENS,20 STANLEY GARDENS,,South Croydon,CR2 9AH,ENG,GB,+447584373455,Shopify Payments,0,0,7191070507337,Low,web,0,GB VAT 20%,2.17,,rEsy9Md6jkyzRTtsyOYMEQfpK,rEsy9Md6jkyzRTtsyOYMEQfpK
1001404,ichuck@outlook.com,paid,2026-01-08 13:50:41 +0000,fulfilled,2026-01-08 14:31:15 +0000,yes,GBP,18.99,2.99,3.67,21.98,,0,UK Standard,2026-01-08 13:50:40 +0000,1,Stylish Clear Protective Phone Case - iPhone 13 Pro Max / Premium Bumper MagSafe Case,18.99,,KD116667,fulfilled,LockGordon,"West Close, Higher Park Road",West Close,Higher Park Road,Braunton,EX33 2LG,ENG,GB,,1Chuck,"West Close, Higher Park Road",West Close,Higher Park Road,Braunton,EX33 2LG,ENG,GB,7831502050,Shopify Payments,0,0,7188574339401,Low,web,0,GB VAT 20%,3.67,,rMvIrN3mHRuWYwgqH3LJ8eCi0,rMvIrN3mHRuWYwgqH3LJ8eCi0
1001403,kim.brennan2@ntlworld.com,paid,2026-01-07 16:22:37 +0000,fulfilled,2026-01-08 11:19:56 +0000,yes,GBP,17.85,0,2.98,17.85,NEWYEAR2026,8.13,UK Standard,2026-01-07 16:22:36 +0000,1,Pink Ribbon Football Gifts Phone Case - iPhone 15 / Jelly Case,9.99,,KD103253,fulfilled,BRENNANKIM,"34 St Mary's Road, Ash Vale",34 St Mary's Road,Ash Vale,"Ash Vale, Aldershot",GU12 5JD,ENG,GB,+447882880463,BRENNANKIM,"34 St Mary's Road, Ash Vale",34 St Mary's Road,Ash Vale,"Ash Vale, Aldershot",GU12 5JD,ENG,GB,+447882880463,Shopify Payments,0,0,7187132416329,Low,web,4.99,GB VAT 20%,2.98,,rxHjaQMojWef6D84Z6GqtC2oE,rxHjaQMojWef6D84Z6GqtC2oE
1001403,kim.brennan2@ntlworld.com,,,,,,,,,,,,,,2026-01-07 16:22:36 +0000,1,Cherrys Phone Case - iPhone 15 / Premium Bumper Case,15.99,,KD104251,fulfilled,,,,,,,,,,,,,,,,,,,,,,,,,0,,,,,
1001402,clara.dent80@gmail.com,paid,2026-01-05 00:47:16 +0000,fulfilled,2026-01-06 16:40:34 +0000,yes,GBP,17.99,0,3,17.99,,0,UK Standard,2026-01-05 00:47:15 +0000,1,Cherry Vine Tomatoes Phone Case - iPhone 14 / Premium Bumper Case,17.99,,KD109737,fulfilled,DentClara,"Raby Cottage, 29 Hude, Barnard Castle","Raby Cottage, 29 Hude",Barnard Castle,County Durham,DL12 0QW,ENG,GB,+447584278489,DentClara,"Raby Cottage, 29 Hude, Barnard Castle","Raby Cottage, 29 Hude",Barnard Castle,County Durham,DL12 0QW,ENG,GB,+447584278489,Shopify Payments,0,0,7182603616585,Low,web,0,GB VAT 20%,3,,rD0hdM3WtVJ3ZT2gTfm2KQIqO,rD0hdM3WtVJ3ZT2gTfm2KQIqO
1001401,pihcaitlin@gmail.com,refunded,2026-01-04 20:49:20 +0000,fulfilled,2026-02-13 10:53:11 +0000,yes,GBP,23.91,0,3.99,23.91,,11.98,UK Standard,2026-01-04 20:49:19 +0000,1,Chill Face Daisy Phone Grip - Black Magsafe Phone Grip,11.95,,KD110067,fulfilled,PihCaitlin,3 South Parade,3 South Parade,,Liverpool,L23 9SA,ENG,GB,,PihCaitlin,3 South Parade,3 South Parade,,Liverpool,L23 9SA,ENG,GB,+44 7704 320785,Shopify Payments,17.93,5.98,7182369587529,Low,web,5.97,GB VAT 20%,3.99,,rAphR0Zop83u1dMeqVbSpa3D7,rAphR0Zop83u1dMeqVbSpa3D7 + zcSEsWjvICBcdgZvtXhPyNhdZ
1001401,pihcaitlin@gmail.com,,,,,,,,,,,,,,2026-01-04 20:49:19 +0000,1,Have a Good Luck Chinese Fu Letter Phone Grip - Black Magsafe Phone Grip,11.95,,KD110087,fulfilled,,,,,,,,,,,,,,,,,,,,,,,,,0,,,,,
1001401,pihcaitlin@gmail.com,,,,,,,,,,,,,,2026-01-04 20:49:19 +0000,1,Chill Face Daisy Phone Grip - Black Magsafe Phone Grip,11.99,0,KD110067,fulfilled,,,,,,,,,,,,,,,,,,,,,,,,,6.01,,,,,
1001400,rokojoanna26@gmail.com,paid,2026-01-04 20:29:25 +0000,fulfilled,2026-01-06 16:12:18 +0000,no,GBP,31.49,0,5.25,31.49,,10.49,UK Standard,2026-01-04 20:29:24 +0000,1,Pool Balls Phone Case - iPhone 14 Pro Max / Premium Bumper MagSafe Case,20.99,,KD106831,fulfilled,RokoIoanna,11 Alfred St,11 Alfred St,,Rugby,CV21 2EL,ENG,GB,+447780793850,RokoIoanna,11 Alfred Street,11 Alfred Street,,Rugby,CV21 2EL,ENG,GB,+447780793850,Shopify Payments,0,0,7182331085129,Low,web,10.49,GB VAT 20%,5.25,,rr9QjrzH7N7Sf7SJBtcFwjMM3,rr9QjrzH7N7Sf7SJBtcFwjMM3
1001400,rokojoanna26@gmail.com,,,,,,,,,,,,,,2026-01-04 20:29:24 +0000,1,Navy Bow Phone Case - iPhone 14 Pro Max / Premium Bumper MagSafe Case,20.99,,KD107695,fulfilled,,,,,,,,,,,,,,,,,,,,,,,,,0,,,,,
1001399,shannonruthgee@me.com,paid,2026-01-04 16:03:32 +0000,fulfilled,2026-01-06 16:09:49 +0000,yes,GBP,16.99,0,2.83,16.99,,0,UK Standard,2026-01-04 16:03:32 +0000,1,Petite White Bows Phone Case - iPhone 14 Pro / Premium Bumper Case,16.99,,KD104760,fulfilled,GeeShannon,5 Minden Way,5 Minden Way,,Tidworth,SP9 7GX,ENG,GB,,GeeShannon,5 minden way,5 minden way,,Tidworth,SP9 7GX,ENG,GB,7402908807,Shopify Payments,0,0,7181831799113,Low,web,0,GB VAT 20%,2.83,,rtTrWFozBtZ3GnUYJe8iYumWY,rtTrWFozBtZ3GnUYJe8iYumWY
1001398,,paid,2026-01-04 02:32:12 +0000,fulfilled,2026-01-06 16:06:32 +0000,no,GBP,14.49,2.99,2.92,17.48,,4.5,UK Standard,2026-01-04 02:32:11 +0000,1,Transparent 9H Premium Tempered Glass Pro Screen Protector For iPhone - iPhone 15,9,10,KD116527,fulfilled,WalkerAtiyrah-Joye,30 Beau Court,30 Beau Court,,Cannock,WS11 6UW,ENG,GB,7857936065,WalkerAtiyrah-Joye,10 Jennens Road,10 Jennens Road,,Birmingham,B4 7ET,ENG,GB,7857936065,Shopify Payments,0,0,7180892668233,Low,web,4.5,GB VAT 20%,2.92,+447857936065,rLFWIoEgFwgWR6YfSpIzfuKyl,rLFWIoEgFwgWR6YfSpIzfuKyl
1001398,,,,,,,,,,,,,,,2026-01-04 02:32:11 +0000,1,Small Banana Phone Case - iPhone 15 / Jelly Case,9.99,,KD100757,fulfilled,,,,,,,,,,,,,,,,,,,,,,,,,0,,,+447857936065,,
1001397,,paid,2026-01-03 13:38:42 +0000,fulfilled,2026-01-06 15:07:59 +0000,no,GBP,14.45,2.99,2.91,17.44,NEWYEAR2026,2.54,UK Standard,2026-01-03 13:38:41 +0000,1,Petite Navy Ribbon Bows Phone Case - iPhone 14 / Premium Bumper Case,16.99,,KD107631,fulfilled,LeeLauren,4 Poets Gate,4 Poets Gate,,Ware,SG12 8SA,ENG,GB,,LeeLauren,"4 Poets Gate, Widford",4 Poets Gate,Widford,Ware,SG12 8SA,ENG,GB,7791514259,Shopify Payments,0,0,7179951046985,Low,web,0,GB VAT 20%,2.91,+447791514259,rEiLUaMGFjcfiKQbtBOymlGhF,rEiLUaMGFjcfiKQbtBOymlGhF
1001396,johannaaandalen@gmail.com,paid,2026-01-02 22:49:29 +0000,fulfilled,2026-01-05 16:16:02 +0000,yes,GBP,9.11,7.42,0,16.53,NEWYEAR2026,1.61,European Delivery,2026-01-02 22:49:28 +0000,1,Tiny Navy Bows Phone Case - iPhone 13 / Jelly Case,10.72,,KD103721,fulfilled,AandalenJohanna,Stokkevegen 41,Stokkevegen 41,,Gjøvik,2825,,NO,94461675,AandalenJohanna,Stokkevegen 41,Stokkevegen 41,,Gjøvik,2825,,NO,94461675,Shopify Payments,0,-0.01,7179155997001,Low,web,0,,,,rI3eRlnjH9toRPynrzFwxUBtp,r7s1FABS5JWCO20sfelRnLGQI + rwF74hrhPZU0uD9CMz2oUSPqT + rI3eRlnjH9toRPynrzFwxUBtp
1001395,jason_r_swanson@hotmail.com,paid,2026-01-02 21:23:36 +0000,fulfilled,2026-01-05 16:11:15 +0000,no,GBP,31.22,14.86,0,46.08,,10.4,USA DELIVERY,2026-01-02 21:23:34 +0000,1,Navy Bow Phone Case - iPhone 14 Pro / Premium Bumper MagSafe Case,20.81,,KD107689,fulfilled,SwansonJason,10226 Birchline Dr,10226 Birchline Dr,,Spring,77379,TX,US,+18474567846,SwansonJason,10226 Birchline Dr,10226 Birchline Dr,,Spring,77379,TX,US,+18474567846,Shopify Payments,0,0.01,7179056546121,Low,web,10.4,,,,rrHrnwjYebv8C3sxLfwwEbhOB,rrHrnwjYebv8C3sxLfwwEbhOB + aDRr0GJUljYXmHC8VhUEgW9Kq
1001395,jason_r_swanson@hotmail.com,,,,,,,,,,,,,,2026-01-02 21:23:34 +0000,1,Petite Navy Ribbon Bows Phone Case - iPhone 14 Pro / Premium Bumper MagSafe Case,20.81,,KD107635,fulfilled,,,,,,,,,,,,,,,,,,,,,,,,,0,,,,,
1001394,cisc1_ay10@outlook.com,paid,2026-01-02 17:57:29 +0000,fulfilled,2026-01-02 18:09:17 +0000,yes,GBP,14.45,2.99,2.91,17.44,NEWYEAR2026,2.54,UK Standard,2026-01-02 17:57:28 +0000,1,Petite White Bows Phone Case - iPhone 15 / Premium Bumper Case,16.99,,KD104745,fulfilled,ClayCissy,"Millersdale, School Lane","Millersdale, School Lane",,Stoke-on-Trent,ST9 9QS,ENG,GB,+447852751115,ClayCissy,"Millersdale, School Lane","Millersdale, School Lane",,Stoke-on-Trent,ST9 9QS,ENG,GB,+447852751115,Shopify Payments,0,0,7178725065033,Low,web,0,GB VAT 20%,2.91,,rhyZzSOcQMub1gCuOFYo0t4Iq,rhyZzSOcQMub1gCuOFYo0t4Iq
1001393,ragnar.lorentzen@gmail.com,paid,2025-12-31 11:26:03 +0000,fulfilled,2025-12-31 16:09:40 +0000,yes,GBP,24.95,0,4.16,24.95,,0,UK Standard,2025-12-31 11:26:02 +0000,1,Blue Fluffy Ribbon Magsafe Phone Case and Phone Grip - iPhone 14,24.95,,BD100009,fulfilled,LorentzenRagnar,3 Thorpewood Avenue,3 Thorpewood Avenue,,London,SE26 4BU,ENG,GB,+447885895827,LorentzenRagnar,3 Thorpewood Avenue,3 Thorpewood Avenue,,London,SE26 4BU,ENG,GB,07885 895827,Shopify Payments,0,0,7175317094729,Low,web,0,GB VAT 20%,4.16,,rBs3oB9d9vpndmcJUMrGUEXxJ,rBs3oB9d9vpndmcJUMrGUEXxJ
1001392,ajjacr@gmail.com,paid,2025-12-31 02:54:30 +0000,fulfilled,2025-12-31 15:24:26 +0000,yes,GBP,26.1,10.44,0,36.54,,8.7,AUSTRALIA DELIVERY,2025-12-31 02:54:30 +0000,1,Strawberry Shortcakes with Bows Phone Case - iPhone 13 Pro Max / Premium Bumper Case,17.4,,KD106569,fulfilled,FarrellyJulie,16 St Jude Ct,16 St Jude Ct,,Browns Plains,4118,QLD,AU,+61410215099,FarrellyJulie,16 St Jude Ct,16 St Jude Ct,,Browns Plains,4118,QLD,AU,+61410215099,Shopify Payments,0,0,7174920536393,Low,web,8.7,,,,rOnwh1XBJUGBSJiD5cb8aPrgn,rOnwh1XBJUGBSJiD5cb8aPrgn
1001392,ajjacr@gmail.com,,,,,,,,,,,,,,2025-12-31 02:54:30 +0000,1,Blue Pink Ribbon Bows Phone Case - iPhone 13 Pro Max / Premium Bumper Case,17.4,,KD114408,fulfilled,,,,,,,,,,,,,,,,,,,,,,,,,0,,,,,
1001391,annaroper22@gmail.com,paid,2025-12-31 00:58:46 +0000,fulfilled,2025-12-31 14:00:50 +0000,no,GBP,28.49,0,4.75,28.49,,8.49,UK Standard,2025-12-31 00:58:45 +0000,1,Cute Colourful Daisy iPhone Case - iPhone 17 Pro Max / Protective Case,16.99,,PT100087,fulfilled,RoperAnna,63 Rosa Close,63 Rosa Close,,Norwich,NR10 3NZ,ENG,GB,,RoperAnna,63 Rosa Close,63 Rosa Close,,Spixworth,NR10 3NZ,ENG,GB,7951598114,Shopify Payments,0,0,7174889472329,Low,web,8.49,GB VAT 20%,4.75,,r8ZCu8g9XlbmO9zGmA3zjauUN,r8ZCu8g9XlbmO9zGmA3zjauUN
1001391,annaroper22@gmail.com,,,,,,,,,,,,,,2025-12-31 00:58:45 +0000,1,Mini Purple Butterflies iPhone Case - iPhone 17 Pro Max / Protective Magsafe Case,19.99,,PT100336,fulfilled,,,,,,,,,,,,,,,,,,,,,,,,,0,,,,,
1001390,o.dare1992@gmail.com,paid,2025-12-30 14:25:35 +0000,fulfilled,2025-12-30 15:38:53 +0000,no,GBP,6.95,2.99,1.66,9.94,,0,UK Standard,2025-12-30 14:25:35 +0000,1,Pink Ribbon Phone Grip - Basic Phone Grip,6.95,,KD110029,fulfilled,DareOwen,"9 Hill View, Pontycymer","9 Hill View, Pontycymer",,"Pontycymer, Bridgend",CF32 8LU,WLS,GB,7484848736,DareOwen,"9 Hill View, Pontycymer","9 Hill View, Pontycymer",,"Pontycymer, Bridgend",CF32 8LU,WLS,GB,7484848736,Shopify Payments,0,0,7174062899529,Low,web,0,GB VAT 20%,1.66,,rqC5h49S4h18ChhGmZB1LnvsU,rqC5h49S4h18ChhGmZB1LnvsU
1001389,alexandra.mukasa@outlook.com,paid,2025-12-30 02:09:59 +0000,fulfilled,2025-12-30 13:49:00 +0000,no,GBP,17,0,2.83,17,December15,2.99,UK Standard,2025-12-30 02:09:58 +0000,1,Blue Fluffy Ribbon Phone Case - iPhone 16 Pro / Premium Bumper MagSafe Case,19.99,,KD114262,fulfilled,NzeM,24 Conifer Court,24 Conifer Court,,Ilford,IG1 2GZ,ENG,GB,,MAlex,136C Grosvenor Terrace,136C Grosvenor Terrace,,London,SE5 0NL,ENG,GB,7921567765,Shopify Payments,0,0,7173296324937,Low,web,0,GB VAT 20%,2.83,,rY7UdS4LjQf5OWZrIAEk8bsgQ,rY7UdS4LjQf5OWZrIAEk8bsgQ
1001388,,paid,2025-12-30 01:22:06 +0000,fulfilled,2025-12-30 12:42:17 +0000,no,GBP,8.5,2.99,1.92,11.49,December15,1.49,UK Standard,2025-12-30 01:22:05 +0000,1,Burgundy Lace Phone Case - iPhone 15 / Jelly Case,9.99,,KD101895,fulfilled,PartosMia,"Flat 2, Flat 2",Flat 2,Flat 2,Watford,WD17 1QB,ENG,GB,,partosmia,42 Meadowbank,42 Meadowbank,,Watford,WD19 4RW,ENG,GB,7955859651,Shopify Payments,0,0,7173282496841,Low,web,0,GB VAT 20%,1.92,+447955859651,rzfAJDcio7etEjAn5jFfV17oO,rzfAJDcio7etEjAn5jFfV17oO
1001387,lilly.thacker@icloud.com,paid,2025-12-29 21:05:40 +0000,fulfilled,2025-12-30 12:17:30 +0000,yes,GBP,9.99,2.99,2.17,12.98,,0,UK Standard,2025-12-29 21:05:39 +0000,1,Cute Pink Polka Dot Clear Phone Case - iPhone 14 / Jelly Case,9.99,,KDD100187,fulfilled,ThackerLilly,23 St Cleres Crescent,23 St Cleres Crescent,,Wickford,SS11 8NN,ENG,GB,,ThackerLilly,23 St Cleres Crescent,23 St Cleres Crescent,,Wickford,SS11 8NN,ENG,GB,7375133481,Shopify Payments,0,0,7173025071433,Low,web,0,GB VAT 20%,2.17,,rgiJxJQi3EJqsdo1yygWuOdUN,rgiJxJQi3EJqsdo1yygWuOdUN
1001386,georgialights@googlemail.com,paid,2025-12-29 16:11:22 +0000,fulfilled,2025-12-29 16:22:25 +0000,yes,GBP,10.16,2.99,2.19,13.15,December15,1.79,UK Standard,2025-12-29 16:11:21 +0000,1,Daisy Smile Phone Grip - White Magsafe Phone Grip,11.95,,KD110062,fulfilled,FrangosGeorgia,27 Richmond Road,27 Richmond Road,,Leicester,LE2 8BB,ENG,GB,,FrangosGeorgia,43 Bulwer Road,43 Bulwer Road,,Leicester,LE2 3BW,ENG,GB,447956254674,Shopify Payments,0,0,7172544135497,Low,web,0,GB VAT 20%,2.19,,rKONtcYSV1bl5J5UV6Hsf8C7F,rKONtcYSV1bl5J5UV6Hsf8C7F
1001385,murrpurr@outlook.com,paid,2025-12-28 21:23:38 +0000,fulfilled,2025-12-29 12:47:49 +0000,yes,GBP,16.99,0,2.83,16.99,,0,UK Standard,2025-12-28 21:23:38 +0000,1,Mini Purple Butterflies Phone Case - iPhone 14 / Premium Bumper Case,16.99,,KD108819,fulfilled,PirieMurron,"16 Maxwell Place, Dalrymple",16 Maxwell Place,Dalrymple,Ayr,KA6 6EQ,SCT,GB,+447856752379,PirieMurron,"16 Maxwell Place, Dalrymple",16 Maxwell Place,Dalrymple,Ayr,KA6 6EQ,SCT,GB,7856752379,Shopify Payments,0,0,7171300327753,Low,web,0,GB VAT 20%,2.83,,rXVo6fzWf2KLbblXD5lkz129L,rXVo6fzWf2KLbblXD5lkz129L
1001384,njtwine@gmail.com,paid,2025-12-26 10:04:29 +0000,fulfilled,2025-12-29 12:34:04 +0000,yes,GBP,6.95,2.99,1.66,9.94,,0,UK Standard,2025-12-26 10:04:29 +0000,1,Daisy Smile Phone Grip - Basic Phone Grip,6.95,,KD110061,fulfilled,TwineNicola,75 Jackson’s Drive,75 Jackson’s Drive,,Cheshunt,EN7 6HW,ENG,GB,+447515874171,TwineNicola,75 Jackson’s Drive,75 Jackson’s Drive,,Cheshunt,EN7 6HW,ENG,GB,+447515874171,Shopify Payments,0,0,7167245615433,Low,web,0,GB VAT 20%,1.66,,r758hKTHCU8qRokKfSmrBrgua,r758hKTHCU8qRokKfSmrBrgua
1001383,mandymillie@btinternet.com,paid,2025-12-26 03:40:24 +0000,fulfilled,2025-12-29 11:56:17 +0000,yes,GBP,14.99,2.99,3,17.98,,4.99,UK Standard,2025-12-26 03:40:23 +0000,1,Colourful Polka Dot Phone Case - iPhone 13 / Jelly Case,9.99,,KD101267,fulfilled,CookeAmanda,204 Ford Lane,204 Ford Lane,,Crewe,CW1 3TN,ENG,GB,,CookeAmanda,"204, Ford Lane",204,Ford Lane,Crewe,CW1 3TN,ENG,GB,7729061613,Shopify Payments,0,0,7166983110985,Low,web,4.99,GB VAT 20%,3,,rTfZJ5jomZZc3mbtj9teXhJkH,rTfZJ5jomZZc3mbtj9teXhJkH
1001383,mandymillie@btinternet.com,,,,,,,,,,,,,,2025-12-26 03:40:23 +0000,1,Colorful Retro Pop Flower Pattern Phone Case - iPhone 13 / Jelly Case,9.99,,KDD100091,fulfilled,,,,,,,,,,,,,,,,,,,,,,,,,0,,,,,
1001382,l.grant75@btinternet.com,paid,2025-12-25 10:44:22 +0000,fulfilled,2025-12-29 11:21:16 +0000,yes,GBP,9.99,2.99,2.17,12.98,,0,UK Standard,2025-12-25 10:44:21 +0000,1,Petite Navy Ribbon Bows Phone Case - iPhone 13 / Jelly Case,9.99,,KD107642,fulfilled,ClarkFaye,"Tillynaught, Badenspink, Banff","Tillynaught, Badenspink",Banff,"Banff and District, Aberdeenshire",AB45 2YS,SCT,GB,,ClarkFaye,"Tillynaught, Badenspink, Banff and District, Aberdeenshire","Tillynaught, Badenspink","Banff and District, Aberdeenshire",Banff,AB45 2YS,SCT,GB,7920742944,Shopify Payments,0,0,7166055776585,Low,web,0,GB VAT 20%,2.17,,rj9dEAf9B8j7F8um1rb2Zo2rz,rj9dEAf9B8j7F8um1rb2Zo2rz
1001381,kgralt2018@outlook.com,paid,2025-12-23 13:43:01 +0000,fulfilled,2025-12-23 15:17:44 +0000,yes,GBP,14.49,2.99,2.92,17.48,,4.5,UK Standard,2025-12-23 13:43:00 +0000,1,Transparent 9H Premium Tempered Glass Pro Screen Protector For iPhone - iPhone 15,9,10,KD116527,fulfilled,GraltonKate,141 Scotter Road,141 Scotter Road,,Scunthorpe,DN15 8AS,ENG,GB,,GraltonKate,141 Scotter Road,141 Scotter Road,,North Lincolnshire,DN15 8AS,ENG,GB,7587691580,Shopify Payments,0,0,7163777450313,Low,web,4.5,GB VAT 20%,2.92,,rUxonvPqEhuS7GnO3QbGfLl8V,rUxonvPqEhuS7GnO3QbGfLl8V
1001381,kgralt2018@outlook.com,,,,,,,,,,,,,,2025-12-23 13:43:00 +0000,1,Blue Wildflower Floral Phone Case - iPhone 15 / Jelly Case,9.99,,KD101444,fulfilled,,,,,,,,,,,,,,,,,,,,,,,,,0,,,,,
1001380,n.boote@btinternet.com,paid,2025-12-22 08:31:13 +0000,fulfilled,2025-12-22 11:21:17 +0000,no,GBP,8.5,5.99,2.42,14.49,December15,1.49,UK EXPRESS,2025-12-22 08:31:13 +0000,1,Petite Navy Ribbon Bows Phone Case - iPhone 14 / Jelly Case,9.99,,KD107630,fulfilled,BooteNick,8 Saint Anne's Mews,8 Saint Anne's Mews,,Wantage,OX12 8FG,ENG,GB,,BooteNick,8 Saint Anne's Mews,8 Saint Anne's Mews,,Wantage,OX12 8FG,ENG,GB,7870726832,Shopify Payments,0,0,7161654444361,Low,web,0,GB VAT 20%,2.42,,rFU8augUFVtkNDCWIdwbSEnPh,rFU8augUFVtkNDCWIdwbSEnPh
1001379,nominome@hotmail.co.uk,paid,2025-12-21 23:24:16 +0000,fulfilled,2025-12-22 11:40:14 +0000,yes,GBP,16.99,0,2.83,16.99,,0,UK Standard,2025-12-21 23:24:15 +0000,1,Black Polka Dot Bold Phone Case - iPhone 14 Plus / Premium Bumper Case,16.99,,KD101208,fulfilled,MawdsleyNaomi,10 Constance Avenue,10 Constance Avenue,,Stoke-on-Trent,ST4 8XJ,ENG,GB,+447806683742,EardleyPriya,"13 Kent Drive, Endon",13 Kent Drive,Endon,Stoke-on-Trent,ST9 9EH,ENG,GB,+447806683742,Shopify Payments,0,0,7161383223625,Low,web,0,GB VAT 20%,2.83,,rIpvqERISrIYllp1nesvEvfrF,rIpvqERISrIYllp1nesvEvfrF
1001378,callard07@icloud.com,paid,2025-12-21 18:06:08 +0000,fulfilled,2025-12-22 12:12:27 +0000,yes,GBP,10.46,14.95,0,25.41,,0,USA DELIVERY,2025-12-21 18:06:06 +0000,1,Stylish Wild Flowers Phone Case - iPhone 16 Pro / Jelly Case,10.46,,KD104843,fulfilled,CallardCole,520 Davis Avenue,520 Davis Avenue,,Medina,14103,NY,US,+17169407684,CallardCole,520 Davis Avenue,520 Davis Avenue,,Medina,14103,NY,US,+17169407684,Shopify Payments,0,0,7160921588041,Low,3890849,0,,,,r322l2roSUPqxtqpV0n3Oy8pv,r322l2roSUPqxtqpV0n3Oy8pv + ab1NSzRx8l0KhoItWbPrI09I8
1001377,angeliredhead18@gmail.com,paid,2025-12-20 16:12:01 +0000,fulfilled,2025-12-21 13:34:08 +0000,yes,GBP,33.99,0,5.66,33.99,December15,17.94,UK Standard,2025-12-20 16:12:00 +0000,1,Petite Navy Ribbon Bows Phone Case - iPhone 14 Pro Max / Premium Bumper MagSafe Case,19.99,,KD107641,fulfilled,RedheadAngelique,"23 Coulson Way, Alconbury",23 Coulson Way,Alconbury,Huntingdon,PE28 4WU,ENG,GB,+447474990106,RedheadAngelique,"26 Gloucester Road, Sawtry",26 Gloucester Road,Sawtry,Huntingdon,PE28 5NB,ENG,GB,+447474990106,Shopify Payments,0,0,7159126655305,Low,web,0,GB VAT 20%,5.66,,rhHUR8HoXNLFcPA88UqeQwvYo,rhHUR8HoXNLFcPA88UqeQwvYo
1001377,angeliredhead18@gmail.com,,,,,,,,,,,,,,2025-12-20 16:12:00 +0000,1,Petite Coral Pink Ribbon Bows phone case - iPhone 14 Pro Max / Premium Bumper MagSafe Case,19.99,,KD101378,fulfilled,,,,,,,,,,,,,,,,,,,,,,,,,0,,,,,
1001377,angeliredhead18@gmail.com,,,,,,,,,,,,,,2025-12-20 16:12:00 +0000,1,Pink Ribbon Phone Grip - Pink Magsafe Phone Grip,11.95,,KD110032,fulfilled,,,,,,,,,,,,,,,,,,,,,,,,,11.95,,,,,
1001376,bogdan_ticsa@live.com,paid,2025-12-19 19:02:17 +0000,fulfilled,2025-12-20 12:40:24 +0000,yes,GBP,16.99,5.99,3.83,22.98,,0,UK EXPRESS,2025-12-19 19:02:17 +0000,1,Tiny Navy Bows Phone Case - iPhone 15 Plus / Premium Bumper Case,16.99,,KD103704,fulfilled,TicsaBogdan,108 Oxford Street,108 Oxford Street,,Northampton,NN4 8HE,ENG,GB,7392002270,TicsaBogdan,108 Oxford Street,108 Oxford Street,,Northampton,NN4 8HE,ENG,GB,7392002270,PayPal Express Checkout,0,0,7157553365321,Low,web,0,GB VAT 20%,3.83,,rAwLUe7U4nnku7IL0VKEowD0o,rAwLUe7U4nnku7IL0VKEowD0o
1001375,tunde_ajia@yahoo.co.uk,paid,2025-12-19 11:01:24 +0000,fulfilled,2025-12-19 12:31:31 +0000,no,GBP,10.99,2.99,2.33,13.98,,0,UK Standard,2025-12-19 11:01:24 +0000,1,Petite Navy Ribbon Bows Phone Case - iPhone 15 / Jelly Case,10.99,,KD107618,fulfilled,AjiaBabatunde,"3 Nagle Close, Burghfield",3 Nagle Close,Burghfield,Reading,RG7 3EB,ENG,GB,+447795510085,AjiaBabatunde,"3 Nagle Close, Burghfield",3 Nagle Close,Burghfield,Reading,RG7 3EB,ENG,GB,+447795510085,Shopify Payments,0,0,7156607451465,Low,web,0,GB VAT 20%,2.33,,rEbifzanwvA4AdTDaOgksP4Yl,rEbifzanwvA4AdTDaOgksP4Yl
1001374,harryjh2008@gmail.com,paid,2025-12-17 21:10:39 +0000,fulfilled,2025-12-18 12:22:07 +0000,yes,GBP,10.99,2.99,2.33,13.98,,0,UK Standard,2025-12-17 21:10:38 +0000,1,Petite Navy Ribbon Bows Phone Case - iPhone 14 / Jelly Case,10.99,,KD107630,fulfilled,HalliganHarry,98 Harmondsworth Lane,98 Harmondsworth Lane,,West Drayton,UB7 0AA,ENG,GB,,HalliganHarry,"harmondsworth lane, 98",harmondsworth lane,98,"hillingdon, london",UB7 0AA,ENG,GB,7557875011,Shopify Payments,0,0,7146765484361,Low,web,0,GB VAT 20%,2.33,,rO0qEEyvVKuzsPZ8yLepP5lq7,rO0qEEyvVKuzsPZ8yLepP5lq7
1001373,hollyjaykellond01@gmail.com,paid,2025-12-17 20:31:25 +0000,fulfilled,2025-12-18 11:54:51 +0000,yes,GBP,18.66,0,3.11,18.66,December15,3.29,UK Standard,2025-12-17 20:31:24 +0000,1,Stylish Clear Protective Phone Case - iPhone 17 Pro Max / Premium Bumper MagSafe Case,21.95,,PT20012,fulfilled,KellondHolly,9 Purdy Close,9 Purdy Close,,Upper Lighthorne,CV33 8AQ,ENG,GB,,KellondHolly,9 Purdy Close,9 Purdy Close,,Upper lighthorne,CV33 8AQ,ENG,GB,7503257628,Shopify Payments,0,0,7146665541961,Low,web,0,GB VAT 20%,3.11,,rWBqDfROn6M8GWE2FcpyT5z13,rWBqDfROn6M8GWE2FcpyT5z13
1001372,shawsally@sky.com,paid,2025-12-17 19:44:44 +0000,fulfilled,2025-12-18 11:08:25 +0000,yes,GBP,28,0,4.67,28,December15,15.9,UK Standard,2025-12-17 19:44:44 +0000,1,Stylish Clear Protective Phone Case - iPhone 17 Pro Max / Premium Bumper MagSafe Case,21.95,,PT20012,fulfilled,ShawSally,4 Wynmoor Road,4 Wynmoor Road,,Scunthorpe,DN17 1EZ,ENG,GB,,ShawSally,4 Wynmoor Road,4 Wynmoor Road,,Scunthorpe,DN17 1EZ,ENG,GB,7754764877,Shopify Payments,0,0,7146546659657,Low,web,10.97,GB VAT 20%,4.67,,rrYtZSUqCZbFz7SiHo4QwKhO4,rrYtZSUqCZbFz7SiHo4QwKhO4
1001372,shawsally@sky.com,,,,,,,,,,,,,,2025-12-17 19:44:44 +0000,1,Stylish Clear Protective Phone Case - iPhone 17 Pro / Premium Bumper MagSafe Case,21.95,,PT20009,fulfilled,,,,,,,,,,,,,,,,,,,,,,,,,0,,,,,
1001371,pw11664@gmail.com,paid,2025-12-17 18:36:20 +0000,fulfilled,2025-12-18 12:02:40 +0000,no,GBP,17.85,0,2.98,17.85,December15,3.14,UK Standard,2025-12-17 18:36:20 +0000,1,Sky Blue Ribbon Bows Phone Case - iPhone 13 / Premium Bumper MagSafe Case,20.99,,KD114457,fulfilled,WildgoosePaul,"4 Oakenwood Close, Thorpe Hesley",4 Oakenwood Close,Thorpe Hesley,Rotherham,S61 2UR,ENG,GB,,WildgoosePaul,18 Church Street,18 Church Street,,Rotherham,S61 4DX,ENG,GB,7970471405,Shopify Payments,0,0,7146384359753,Low,web,0,GB VAT 20%,2.98,,rEkv8M0IpBxcVCx84AdkYrWjd,rEkv8M0IpBxcVCx84AdkYrWjd
1001370,benlehain@icloud.com,paid,2025-12-16 22:07:24 +0000,fulfilled,2025-12-17 11:25:55 +0000,yes,GBP,17.85,2.99,3.48,20.84,December15,3.14,UK Standard,2025-12-16 22:07:23 +0000,1,Cute Otter Phone Case - iPhone 15 / Premium Bumper MagSafe Case,20.99,,KD101231,fulfilled,LehainBenjamin,23 Temple Wood Drive,23 Temple Wood Drive,,Redhill,RH1 2QD,ENG,GB,7494227829,LehainBenjamin,23 Temple Wood Drive,23 Temple Wood Drive,,Redhill,RH1 2QD,ENG,GB,7494227829,Shopify Payments,0,0,7144535949641,Low,web,0,GB VAT 20%,3.48,,rNmJCiqFsBfyyZ1i6EzXBRj32,rNmJCiqFsBfyyZ1i6EzXBRj32
1001369,nataliegoldman_2003@hotmail.com,paid,2025-12-15 22:02:43 +0000,fulfilled,2025-12-16 10:22:28 +0000,yes,GBP,10.99,2.99,2.33,13.98,,0,UK Standard,2025-12-15 22:02:42 +0000,1,Petite White Bows Phone Case - iPhone 16 / Jelly Case,10.99,,KD104732,fulfilled,highcockNatalie,"34 Whalley Avenue, windle",34 Whalley Avenue,windle,St. Helens,WA10 6PS,ENG,GB,7917125939,highcockNatalie,"34 Whalley Avenue, windle",34 Whalley Avenue,windle,St. Helens,WA10 6PS,ENG,GB,7917125939,Shopify Payments,0,0,7142149194057,Low,web,0,GB VAT 20%,2.33,,rYBLSqQuDVBKjV9jkV8PhAe7Z,rYBLSqQuDVBKjV9jkV8PhAe7Z
1001368,,paid,2025-12-13 21:53:06 +0000,fulfilled,2025-12-14 14:45:31 +0000,no,GBP,11.01,2.99,2.34,14,December15,1.94,UK Standard,2025-12-13 21:53:06 +0000,1,Daisy Smile Phone Grip - White Magsafe Phone Grip,12.95,,KD110062,fulfilled,RigbyFaith,6 Parkend Road,6 Parkend Road,,Manchester,M23 2QJ,ENG,GB,,rigbyfaith,"6 Parkend Road, Wythenshawe",6 Parkend Road,Wythenshawe,Manchester,M23 2QJ,ENG,GB,+447851728434,Shopify Payments,0,0,7136839631177,Low,web,0,GB VAT 20%,2.34,+447851728434,rCw9aWEGbUbiNfmEWz4oAQdkD,rCw9aWEGbUbiNfmEWz4oAQdkD
1001367,naomi_symes@hotmail.com,paid,2025-12-13 09:53:53 +0000,fulfilled,2025-12-14 14:29:10 +0000,no,GBP,20.4,2.99,3.9,23.39,December15,3.59,UK Standard,2025-12-13 09:53:52 +0000,1,Cute Capybara Delight Phone Case - iPhone 14 / Premium Bumper MagSafe Case,23.99,,KD101967,fulfilled,JelleyNaomi,63 Gordon Road,63 Gordon Road,,Carshalton,SM5 3RG,ENG,GB,+447753884292,JelleyNaomi,63 Gordon Road,63 Gordon Road,,Carshalton,SM5 3RG,ENG,GB,+447753884292,Shopify Payments,0,0,7135147753801,Low,web,0,GB VAT 20%,3.9,,rIiie83H30D1PiuvHrDhsqIt4,rIiie83H30D1PiuvHrDhsqIt4
1001366,clairechallener@gmail.com,paid,2025-12-11 12:27:42 +0000,fulfilled,2025-12-11 14:16:54 +0000,yes,GBP,10.99,2.99,2.33,13.98,,0,UK Standard,2025-12-11 12:27:41 +0000,1,Cute Capybara Phone Case - iPhone 16 / Jelly Case,10.99,,KD101648,fulfilled,ChallenerClaire,"101 Town Street, Grove Farm",101 Town Street,Grove Farm,Lound,DN22 8RX,ENG,GB,+447557104323,ChallenerClaire,"101 Town Street, Grove Farm",101 Town Street,Grove Farm,Lound,DN22 8RX,ENG,GB,+447557104323,Shopify Payments,0,0,7130779713865,Low,web,0,GB VAT 20%,2.33,,rsggpp1GgkG4l63kslTzUB995,rsggpp1GgkG4l63kslTzUB995
1001365,chayseizzy@gmail.com,paid,2025-12-10 11:52:57 +0000,fulfilled,2025-12-10 12:54:23 +0000,yes,GBP,17.47,11.48,0,28.95,,0,International Delivery,2025-12-10 11:52:56 +0000,1,Colourful Ribbon Bows Phone Case - iPhone 16 / Premium Bumper Case,17.47,,KD114744,fulfilled,BergChayse,30 Sutton Street,30 Sutton Street,,Chelmer,4068,QLD,AU,+61420339108,BergChayse,30 Sutton Street,30 Sutton Street,,Chelmer,4068,QLD,AU,+61420339108,Shopify Payments,0,-0.01,7125025849673,Low,web,0,,,,rPnVK1azqEwsOEWhrgMv4jbE3,rPnVK1azqEwsOEWhrgMv4jbE3
1001364,thetwobroms@hotmail.com,paid,2025-12-09 21:10:30 +0000,fulfilled,2025-12-10 11:19:51 +0000,yes,GBP,10.99,2.99,2.33,13.98,,0,UK Standard,2025-12-09 21:10:29 +0000,1,Petite Navy Ribbon Bows Phone Case - iPhone 14 / Jelly Case,10.99,,KD107630,fulfilled,BromilowElizabeth,48 Pentland Rise,48 Pentland Rise,,Fareham,PO16 8JL,ENG,GB,7789873778,BromilowElizabeth,48 Pentland Rise,48 Pentland Rise,,Fareham,PO16 8JL,ENG,GB,7789873778,PayPal Express Checkout,0,0,7123569246537,Low,web,0,GB VAT 20%,2.33,,rf15KSfUhWOz4mr5JM1NEGaq9,rf15KSfUhWOz4mr5JM1NEGaq9
1001363,tandghomeimprovements@gmail.com,paid,2025-12-09 20:53:39 +0000,fulfilled,2025-12-10 11:08:16 +0000,yes,GBP,16.99,0,2.83,16.99,,0,UK Standard,2025-12-09 20:53:39 +0000,1,Petite Coral Pink Ribbon Bows phone case - iPhone 15 / Premium Bumper Case,16.99,,KD101356,fulfilled,dennisrob,43 Blyton Road,43 Blyton Road,,Skegness,PE25 1HX,ENG,GB,7879842537,dennisrob,43 Blyton Road,43 Blyton Road,,Skegness,PE25 1HX,ENG,GB,7879842537,PayPal Express Checkout,0,0,7123524125001,Low,web,0,GB VAT 20%,2.83,,rdtQUs2irXlI3NTNUCjZCsOtY,rdtQUs2irXlI3NTNUCjZCsOtY
1001362,kathrynsjadams@gmail.com,paid,2025-12-09 16:57:38 +0000,fulfilled,2025-12-10 14:00:26 +0000,no,GBP,9.95,2.99,2.16,12.94,,0,UK Standard,2025-12-09 16:57:38 +0000,1,Cute Pink Fluffy Ribbon Phone Grip - Pink Magsafe Phone Grip,9.95,,,fulfilled,AdamsKathryn,40 Broadway,40 Broadway,,Cheadle,SK8 1LD,ENG,GB,7830003476,AdamsKathryn,40 Broadway,40 Broadway,,Cheadle,SK8 1LD,ENG,GB,7830003476,PayPal Express Checkout,0,0,7122915754313,Low,web,0,GB VAT 20%,2.16,,rAiSpzpaIz6yQhsXasDOFTyE0,rAiSpzpaIz6yQhsXasDOFTyE0
1001361,emma_kallen@yahoo.co.uk,paid,2025-12-09 11:00:04 +0000,fulfilled,2025-12-09 12:31:06 +0000,yes,GBP,18,0,3,18,,0,UK Standard,2025-12-09 11:00:04 +0000,1,Galaxy Star Glow Phone Case - iPhone 14 / Premium Bumper Case,18,,,fulfilled,AllenEmma,"Obsidian, Hill Brow","Obsidian, Hill Brow",,Bromley,BR1 2PQ,ENG,GB,,EmmaEmma,"Obsidian, Hill Brow","Obsidian, Hill Brow",,"Bromley, London",BR1 2PQ,ENG,GB,7799692819,Shopify Payments,0,0,7122108547401,Low,web,0,GB VAT 20%,3,+447799692819,rddRrScuVcVd4LAvfkIM8RN2p,rddRrScuVcVd4LAvfkIM8RN2p
1001360,,paid,2025-12-08 18:13:51 +0000,fulfilled,2025-12-09 11:16:14 +0000,no,GBP,9.9,2.99,2.15,12.89,XMAS10,1.09,UK Standard,2025-12-08 18:13:51 +0000,1,Tiny Navy Bows Phone Case - iPhone 14 Pro / Jelly Case,10.99,,KD103712,fulfilled,TimingsDaria,38 Stanford Close,38 Stanford Close,,"Richmond upon Thames, London",TW12 3XZ,ENG,GB,,TimingsDaria,38 Stanford Close,38 Stanford Close,,"Richmond upon Thames, London",TW12 3XZ,ENG,GB,7485462344,Shopify Payments,0,0,7120648208713,Low,web,0,GB VAT 20%,2.15,+447485462344,rddSw8BaUoVrFZ0Kb1ApXgKdp,rddSw8BaUoVrFZ0Kb1ApXgKdp
1001359,barry.lawton61@yahoo.co.uk,paid,2025-12-08 17:37:27 +0000,fulfilled,2025-12-08 17:47:36 +0000,no,GBP,10.99,2.99,2.33,13.98,,0,UK Standard,2025-12-08 17:37:26 +0000,1,Petite Navy Ribbon Bows Phone Case - iPhone 16 / Jelly Case,10.99,,KD107606,fulfilled,LawtonBarry,"61 Bevendean Avenue,, Saltdean","61 Bevendean Avenue,",Saltdean,BRIGHTON,BN2 8PF,ENG,GB,7711922049,LawtonBarry,"61 Bevendean Avenue,, Saltdean","61 Bevendean Avenue,",Saltdean,BRIGHTON,BN2 8PF,ENG,GB,7711922049,Shopify Payments,0,0,7120556491081,Low,web,0,GB VAT 20%,2.33,,rxspZ553kIJE9z2M03QiDyx7U,rxspZ553kIJE9z2M03QiDyx7U
1001358,sarahtesto1@hotmail.com,paid,2025-12-08 15:49:17 +0000,fulfilled,2025-12-08 17:03:41 +0000,yes,GBP,15.3,0,2.55,15.3,XMAS10,1.69,UK Standard,2025-12-08 15:49:16 +0000,1,Petite Navy Ribbon Bows Phone Case - iPhone 13 / Premium Bumper Case,16.99,,KD107643,fulfilled,TestoMark,2 Runnymede Green,2 Runnymede Green,,Middlesbrough,TS3 0EP,ENG,GB,+447517712177,TestoSarah,2 Runnymede Green,2 Runnymede Green,,Middlesbrough,TS3 0EP,ENG,GB,+447517712177,Shopify Payments,0,0,7120289268041,Low,web,0,GB VAT 20%,2.55,,r5uCf13XRMFMUVN4TUJpBMXFH,r5uCf13XRMFMUVN4TUJpBMXFH
1001357,jkocher67@hotmail.com,paid,2025-12-08 13:23:00 +0000,fulfilled,2025-12-08 15:13:24 +0000,yes,GBP,21.02,11.26,0,32.28,,0,International Delivery,2025-12-08 13:22:57 +0000,1,Winter Snowflakes Clear Phone Case - iPhone 14 Pro Max / Premium Bumper MagSafe Case,21.02,,KD107317,fulfilled,FriedmanJolene,1811 Black Walnut Ct,1811 Black Walnut Ct,,Frederick,21701,MD,US,+13302198948,FriedmanJolene,1811 Black Walnut Ct,1811 Black Walnut Ct,,Frederick,21701,MD,US,+13302198948,Shopify Payments,0,0,7119932883273,Low,web,0,,,,rEJjjQRFSxUCLsA1miiGAI93H,rEJjjQRFSxUCLsA1miiGAI93H + asvtJdNbe2qThEtUazOcE3uq1
1001356,lilyjcollyer@gmail.com,paid,2025-12-08 11:32:26 +0000,fulfilled,2025-12-08 14:28:22 +0000,yes,GBP,18,0,3,18,XMAS10,1.99,UK Standard,2025-12-08 11:32:25 +0000,1,Stylish Clear Protective Phone Case - iPhone 15 / Premium Bumper MagSafe Case,19.99,,KD116637,fulfilled,CollyerLily,41 Broome Road,41 Broome Road,,Billericay,CM11 1ES,ENG,GB,7960945012,CollyerLily,41 Broome Road,41 Broome Road,,Billericay,CM11 1ES,ENG,GB,7960945012,Shopify Payments,0,0,7119663137097,Low,web,0,GB VAT 20%,3,,rBSxYebxMgX0ErkAUjNumXqva,rBSxYebxMgX0ErkAUjNumXqva
1001355,tashabell1@hotmail.co.uk,paid,2025-12-07 20:04:48 +0000,fulfilled,2025-12-08 13:59:25 +0000,yes,GBP,22.95,0,3.83,22.95,XMAS10,11.03,UK Standard,2025-12-07 20:04:47 +0000,1,Cute Capybara Delight Phone Case - iPhone 13 Pro / Premium Bumper Case,16.99,,KD101981,fulfilled,BellNatasha,10 Lockington Croft,10 Lockington Croft,,Halesowen,B62 9BP,ENG,GB,,BellTasha,10 Lockington Croft,10 Lockington Croft,,Dudley,B62 9BP,ENG,GB,7572025608,Shopify Payments,0,0,7118392295753,Low,web,8.49,GB VAT 20%,3.83,,ry79DnBq9Q33BOMBkZffwMPHn,ry79DnBq9Q33BOMBkZffwMPHn
1001355,tashabell1@hotmail.co.uk,,,,,,,,,,,,,,2025-12-07 20:04:47 +0000,1,Petite Navy Ribbon Bows Phone Case - iPhone 13 Pro / Premium Bumper Case,16.99,,KD107646,fulfilled,,,,,,,,,,,,,,,,,,,,,,,,,0,,,,,
1001354,callard07@icloud.com,paid,2025-12-07 00:35:37 +0000,fulfilled,2025-12-07 14:57:39 +0000,yes,GBP,11.25,11.25,0,22.5,,0,International Delivery,2025-12-07 00:35:35 +0000,1,Stylish Wild Flowers Phone Case - iPhone 15 Pro / Jelly Case,11.25,,KD104855,fulfilled,CallardCole,520 Davis Avenue,520 Davis Avenue,,Medina,14103,NY,US,+17169407684,CallardCole,520 Davis Avenue,520 Davis Avenue,,Medina,14103,NY,US,+17169407684,Shopify Payments,0,0,7116206997833,Low,3890849,0,,,,rxmUj4c0qmEfN2cxmlkumI9Ti,rxmUj4c0qmEfN2cxmlkumI9Ti + a3jMtJkSEtRpBvV92YSaTolK3
1001353,lindsey1970sullivan@gmail.com,paid,2025-12-06 20:11:03 +0000,fulfilled,2025-12-07 15:02:41 +0000,no,GBP,9.9,2.99,2.15,12.89,XMAS10,1.09,UK Standard,2025-12-06 20:11:02 +0000,1,Petite Navy Ribbon Bows Phone Case - iPhone 14 Pro / Jelly Case,10.99,,KD107633,fulfilled,SullivanLindsey,"56 Moreland Avenue, South Benfleet",56 Moreland Avenue,South Benfleet,Benfleet,SS7 4HB,ENG,GB,7532607676,SullivanLindsey,"56 Moreland Avenue, South Benfleet",56 Moreland Avenue,South Benfleet,Benfleet,SS7 4HB,ENG,GB,7532607676,Shopify Payments,0,0,7115840520521,Low,web,0,GB VAT 20%,2.15,,rPdLwMBYUsX1yRww4oiFqPYHF,rPdLwMBYUsX1yRww4oiFqPYHF
1001352,rosalind_mushin@hotmail.com,paid,2025-12-06 16:44:19 +0000,fulfilled,2025-12-07 14:40:52 +0000,no,GBP,15.3,0,2.55,15.3,XMAS10,1.69,UK Standard,2025-12-06 16:44:18 +0000,1,Petite Navy Ribbon Bows Phone Case - iPhone 12 / Premium Bumper Case,16.99,,KD107652,fulfilled,ArwasRosalind,15 Claremont Road,15 Claremont Road,,Windsor,SL4 3AX,ENG,GB,+6594608846,ArwasRosalind,15 Claremont Road,15 Claremont Road,,Windsor,SL4 3AX,ENG,GB,+447353194542,Shopify Payments,0,0,7115364565321,Low,web,0,GB VAT 20%,2.55,,rFs8txPM6CzSCikX09AQAKlNN,rFs8txPM6CzSCikX09AQAKlNN
1001351,vjbeadle@gmail.com,paid,2025-12-05 06:23:03 +0000,fulfilled,2025-12-05 11:01:48 +0000,yes,GBP,19.99,0,3.33,19.99,,0,UK Standard,2025-12-05 06:23:03 +0000,1,Stylish Clear Protective Phone Case - iPhone 14 Pro Max / Premium Bumper MagSafe Case,19.99,,KD116658,fulfilled,BeadleVicki,12 Rowan Drive,12 Rowan Drive,,Bury st edmunds,IP32 7HL,ENG,GB,+447821442190,BeadleVicki,"32 Selway Drive, Bury St Edmunds",32 Selway Drive,Bury St Edmunds,Bury Saint Edmunds,IP32 7PL,ENG,GB,+447821442190,Shopify Payments,0,0,7111539884361,Low,web,0,GB VAT 20%,3.33,,rKhYh7jFUDHbXGiHEuuw48OP3,rKhYh7jFUDHbXGiHEuuw48OP3
1001350,bescurr@outlook.com,paid,2025-12-04 22:55:33 +0000,fulfilled,2025-12-05 12:37:28 +0000,yes,GBP,22.95,0,3.83,22.95,XMAS10,8.03,UK Standard,2025-12-04 22:55:32 +0000,1,Autumn Cozy Socks Phone Case - iPhone 16 Plus / Jelly Case,10.99,,KD113615,fulfilled,ScurrBriony,12 Arnold Crescent,12 Arnold Crescent,,Tiverton,EX16 5PJ,ENG,GB,,ScurrSusan,12 Arnold Crescent,12 Arnold Crescent,,Tiverton,EX16 5PJ,ENG,GB,7477973400,Shopify Payments,0,0,7111259029833,Low,web,5.49,GB VAT 20%,3.83,,rV0yG1LJNURDTMriqG155cWIS,rV0yG1LJNURDTMriqG155cWIS
1001350,bescurr@outlook.com,,,,,,,,,,,,,,2025-12-04 22:55:32 +0000,1,Fruit Jam Phone Case - iPhone 16 Plus / Premium Bumper MagSafe Case,19.99,,KD109990,fulfilled,,,,,,,,,,,,,,,,,,,,,,,,,0,,,,,
1001349,emmamcintosh1@gmail.com,paid,2025-12-04 20:18:21 +0000,fulfilled,2025-12-05 10:58:09 +0000,yes,GBP,15.3,0,2.55,15.3,XMAS10,1.69,UK Standard,2025-12-04 20:18:20 +0000,1,Petite Navy Ribbon Bows Phone Case - iPhone 16 / Premium Bumper Case,16.99,,KD107607,fulfilled,McIntoshEmma,9 Knutsford Road,9 Knutsford Road,,Wilmslow,SK9 6JA,ENG,GB,+447595985638,McIntoshEmma,9 Knutsford Road,9 Knutsford Road,,Wilmslow,SK9 6JA,ENG,GB,07595 985638,Shopify Payments,0,0,7110958317897,Low,web,0,GB VAT 20%,2.55,,rgyOEpMOKUaeWxLIxuGv9kyym,rgyOEpMOKUaeWxLIxuGv9kyym
1001348,lacey.lou2007@icloud.com,paid,2025-12-04 13:56:18 +0000,fulfilled,2025-12-04 14:20:10 +0000,no,GBP,28.43,0,4.74,28.43,,9.47,UK Standard,2025-12-04 13:56:17 +0000,1,Stylish Black Hearts iPhone Case - iPhone 17 Pro / Protective Case,18.95,,PT100461,fulfilled,oaklacey,8 Grange Road,8 Grange Road,,Southampton,SO16 6UH,ENG,GB,,OakLacey,"314 Calmore Road, Calmore",314 Calmore Road,Calmore,Southampton,SO40 2RF,ENG,GB,7392338954,Shopify Payments,0,0,7110085149001,Low,web,9.47,GB VAT 20%,4.74,,rc3QirqruU8ZLPaLRyxY37pkT,rc3QirqruU8ZLPaLRyxY37pkT
1001348,lacey.lou2007@icloud.com,,,,,,,,,,,,,,2025-12-04 13:56:17 +0000,1,Indigo Lace Protective iPhone Case - iPhone17 Pro Max / Protective Case,18.95,,PT100015,fulfilled,,,,,,,,,,,,,,,,,,,,,,,,,0,,,,,
1001347,kdladams@yahoo.co.uk,paid,2025-12-04 08:06:34 +0000,fulfilled,2025-12-04 14:16:57 +0000,yes,GBP,16.99,0,2.83,16.99,,0,UK Standard,2025-12-04 08:06:34 +0000,1,Tiny Navy Bows Phone Case - iPhone 13 / Premium Bumper Case,16.99,,KD103722,fulfilled,MayfieldKirsty,9 Stone Drive,9 Stone Drive,,Barrow Upon Soar,LE12 8FX,ENG,GB,,MayfieldKirsty,9 Stone Drive,9 Stone Drive,,Barrow Upon Soar,LE12 8FX,ENG,GB,7850986667,Shopify Payments,0,0,7109365924169,Low,web,0,GB VAT 20%,2.83,,rCFwGYsCRuqI99fZtJI8ara2U,rCFwGYsCRuqI99fZtJI8ara2U
1001346,jillmunslow1@gmail.com,paid,2025-12-03 21:02:51 +0000,fulfilled,2025-12-04 12:08:44 +0000,yes,GBP,15.3,0,2.55,15.3,XMAS10,1.69,UK Standard (FREE ON OVER £15),2025-12-03 21:02:50 +0000,1,Stylish Black Superstars Phone Case - iPhone 15 / Premium Bumper Case,16.99,,KD103121,fulfilled,MunslowJill,"32 Gwysfa Road, Ynystawe, Ynysforgan",32 Gwysfa Road,"Ynystawe, Ynysforgan",Swansea,SA6 5AE,WLS,GB,+447807462551,MunslowJill,"32 Gwysfa Road, Ynystawe, Ynysforgan",32 Gwysfa Road,"Ynystawe, Ynysforgan",Swansea,SA6 5AE,WLS,GB,+447807462551,Shopify Payments,0,0,7108753817929,Low,web,0,GB VAT 20%,2.55,+447807462551,rpYr0QMuEynUPDqiuSciRvNGq,rpYr0QMuEynUPDqiuSciRvNGq
1001345,stephgunnell76@gmail.com,paid,2025-12-03 13:03:41 +0000,fulfilled,2025-12-03 14:06:23 +0000,yes,GBP,16.49,0,2.75,16.49,,5.49,UK Standard (FREE ON OVER £15),2025-12-03 13:03:41 +0000,1,Tiny Navy Bows Phone Case - iPhone 16 / Jelly Case,10.99,,KD103685,fulfilled,GunnellStephanie,22 Yeomans Close,22 Yeomans Close,,Redditch,B96 6ET,ENG,GB,,GunnellStephanie,"22 Yeomans Close, Astwood Bank",22 Yeomans Close,Astwood Bank,Redditch,B96 6ET,ENG,GB,+447768715088,Shopify Payments,0,0,7107602252105,Low,web,5.49,GB VAT 20%,2.75,,rTTnSHTSrquv1pOUw7zqno9PL,rTTnSHTSrquv1pOUw7zqno9PL
1001345,stephgunnell76@gmail.com,,,,,,,,,,,,,,2025-12-03 13:03:41 +0000,1,Polka Dot with Love in Black Phone Case - iPhone 16 / Jelly Case,10.99,,KD102647,fulfilled,,,,,,,,,,,,,,,,,,,,,,,,,0,,,,,
1001344,linzmoorhead@gmail.com,paid,2025-12-03 11:36:13 +0000,fulfilled,2025-12-03 12:49:47 +0000,yes,GBP,16.99,0,2.83,16.99,,0,UK Standard (FREE ON OVER £15),2025-12-03 11:36:13 +0000,1,Baby Pink Ribbon Bows Phone Case - iPhone 15 / Premium Bumper Case,16.99,,KD114594,fulfilled,MoorheadLindsay,34 Heron Wood,34 Heron Wood,,Dromore,BT25 1HE,NIR,GB,,MoorheadL,34 Heron Wood,34 Heron Wood,,Dromore,BT25 1HE,NIR,GB,,Shopify Payments,0,0,7107405381961,Low,web,0,GB VAT 20%,2.83,,r9ZXFT5aQp6R3grKQVErSnMhB,r9ZXFT5aQp6R3grKQVErSnMhB
1001343,dafckia@yahoo.co.uk,paid,2025-12-02 21:46:51 +0000,fulfilled,2025-12-09 16:14:24 +0000,yes,GBP,6.95,2.99,1.66,9.94,,0,UK Standard (FREE ON OVER £15),2025-12-02 21:46:51 +0000,1,Broccoli Phone Grip - Basic Phone Grip,6.95,,KD103739,fulfilled,JackAlastair,42 Kestrel Avenue,42 Kestrel Avenue,,Dunfermline,KY11 8JL,SCT,GB,,JackAlastair,42 Kestrel Avenue,42 Kestrel Avenue,,Dunfermline,KY11 8JL,SCT,GB,,Shopify Payments,0,0,7106432663881,Low,web,0,GB VAT 20%,1.66,,r6c2dafN6CpOVhTOu482qiphx,r6c2dafN6CpOVhTOu482qiphx
1001342,berezowskiw@yahoo.com,paid,2025-12-02 19:11:35 +0000,fulfilled,2025-12-03 11:46:30 +0000,yes,GBP,19.79,0,3.3,19.79,XMAS10,9.14,UK Standard (FREE ON OVER £15),2025-12-02 19:11:34 +0000,1,Petite Navy Ribbon Bows Phone Grip - Basic Phone Grip,6.95,,,fulfilled,BerezowskiWeronika,"7 Reepham, Orton brimbles",7 Reepham,Orton brimbles,Peterborough,PE2 5TS,ENG,GB,,BerezowskiWeronika,"7 Reepham, Peterborough",7 Reepham,Peterborough,Peterborough,PE2 5TS,ENG,GB,+447593125922,Shopify Payments,0,0,7106038595913,Low,web,6.95,GB VAT 20%,3.3,,rwIvNivveee0MWzN6NP57VcZw,rwIvNivveee0MWzN6NP57VcZw
1001342,berezowskiw@yahoo.com,,,,,,,,,,,,,,2025-12-02 19:11:34 +0000,1,Petite Navy Ribbon Bows Phone Case - iPhone 13 / Jelly Case,10.99,,KD107642,fulfilled,,,,,,,,,,,,,,,,,,,,,,,,,0,,,,,
1001342,berezowskiw@yahoo.com,,,,,,,,,,,,,,2025-12-02 19:11:34 +0000,1,Bows with Snowflakes Phone Case - iPhone 13 / Jelly Case,10.99,,KD107264,fulfilled,,,,,,,,,,,,,,,,,,,,,,,,,0,,,,,
1001341,js1972@live.com,paid,2025-12-02 06:33:04 +0000,fulfilled,2025-12-02 12:47:10 +0000,yes,GBP,19.78,0,3.3,19.78,XMAS10,7.16,UK Standard (FREE ON OVER £15),2025-12-02 06:33:03 +0000,1,Small Cherry Ribbon Phone Case - iPhone 14 / Premium Bumper Case,16.99,,KD114012,fulfilled,SharpJohn,"312 Peterbrook Road, Shirley",312 Peterbrook Road,Shirley,Solihull,B90 1JQ,ENG,GB,+447714845070,SharpJohn,"312 Peterbrook Road, Shirley",312 Peterbrook Road,Shirley,Solihull,B90 1JQ,ENG,GB,+447714845070,Shopify Payments,0,0,7104370508105,Low,web,0,GB VAT 20%,3.3,,rkYvbaLIdQPnZovMp2PWTwsyA,rkYvbaLIdQPnZovMp2PWTwsyA
1001341,js1972@live.com,,,,,,,,,,,,,,2025-12-02 06:33:03 +0000,1,Capybara Phone Grip - White Magsafe Phone Grip,9.95,,KD101938,fulfilled,,,,,,,,,,,,,,,,,,,,,,,,,4.97,,,,,
1001340,dinataz@outlook.com,paid,2025-12-01 20:32:23 +0000,fulfilled,2025-12-02 11:37:11 +0000,yes,GBP,9.95,2.99,2.16,12.94,,0,UK Standard (FREE ON OVER £15),2025-12-01 20:32:23 +0000,1,Pink Ribbon Phone Grip - Pink Magsafe Phone Grip,9.95,,KD104673,fulfilled,tazarnidina,68 B Loveridge Road,68 B Loveridge Road,,LONDON,NW6 2DT,ENG,GB,,tazarnidina,68 B Loveridge Road,68 B Loveridge Road,,LONDON,NW6 2DT,ENG,GB,,PayPal Express Checkout,0,0,7103540527433,Low,web,0,GB VAT 20%,2.16,,rdtRz3KrT0zJJV8ZdKHcln3Ja,rdtRz3KrT0zJJV8ZdKHcln3Ja
1001339,clairejackson.1@hotmail.co.uk,paid,2025-12-01 14:58:25 +0000,fulfilled,2025-12-02 11:30:22 +0000,yes,GBP,18,0,3,18,XMAS10,1.99,UK Standard (FREE ON OVER £15),2025-12-01 14:58:25 +0000,1,Stylish Clear Protective Phone Case - iPhone 12 / Premium Bumper MagSafe Case,19.99,,KD116670,fulfilled,ClaytonClaire,15 Lodge Side,15 Lodge Side,,Bury,BL8 2SW,ENG,GB,+447711502031,ClaytonClaire,15 Lodge Side,15 Lodge Side,,Bury,BL8 2SW,ENG,GB,+447711502031,Shopify Payments,0,0,7102485430601,Low,web,0,GB VAT 20%,3,,rN3v8loxhUtvevC3NBEq7gyWr,rN3v8loxhUtvevC3NBEq7gyWr
1001338,,paid,2025-12-01 09:33:43 +0000,fulfilled,2025-12-01 12:04:24 +0000,no,GBP,14.85,2.99,2.98,17.84,XMAS10,7.13,UK Standard (FREE ON OVER £15),2025-12-01 09:33:43 +0000,1,Mini Blue Bubble Hearts Phone Case - iPhone 16 / Jelly Case,10.99,,KD110846,fulfilled,GunnellStephanie,"22 Yeomans Close, Astwood Bank",22 Yeomans Close,Astwood Bank,Redditch,B96 6ET,ENG,GB,,GunnellStephanie,"22 Yeomans Close, Astwood Bank",22 Yeomans Close,Astwood Bank,Redditch,B96 6ET,ENG,GB,,Shopify Payments,0,0,7101568385353,Low,web,5.49,GB VAT 20%,2.98,+447768715088,ruZwog5Y5EzEwr9wZPoPl0QtB,ruZwog5Y5EzEwr9wZPoPl0QtB
1001338,,,,,,,,,,,,,,,2025-12-01 09:33:43 +0000,1,Polka Dot with Love in Black Phone Case - iPhone 16 / Jelly Case,10.99,,KD102647,fulfilled,,,,,,,,,,,,,,,,,,,,,,,,,0,,,+447768715088,,
1001337,easfraser@gmail.com,paid,2025-11-30 18:41:59 +0000,fulfilled,2025-12-01 11:38:35 +0000,yes,GBP,17,0,2.83,17,November15,2.99,UK Standard (FREE ON OVER £15),2025-11-30 18:41:59 +0000,1,Petite White Bows Phone Case - iPhone 12 / Premium Bumper MagSafe Case,19.99,,KD104779,fulfilled,FraserEd,27 Ashbury Drive,27 Ashbury Drive,,READING,RG31 5LJ,ENG,GB,07747 697736,FraserEd,27 Ashbury Drive,27 Ashbury Drive,,READING,RG31 5LJ,ENG,GB,07747 697736,Shopify Payments,0,0,7099534868809,Low,web,0,GB VAT 20%,2.83,,rdUfoMqRYNf0tmL3wGbMz15Pa,rdUfoMqRYNf0tmL3wGbMz15Pa
1001336,vjbeadle@gmail.com,partially_refunded,2025-11-29 17:30:32 +0000,fulfilled,2025-11-30 14:37:11 +0000,yes,GBP,19.99,0,3.33,19.99,,0,UK Standard (FREE ON OVER £15),2025-11-29 17:30:32 +0000,1,Stylish Clear Protective Phone Case - iPhone 14 / Premium Bumper MagSafe Case,19.99,,KD116649,fulfilled,BeadleVicki,12 Rowan Drive,12 Rowan Drive,,Bury st edmunds,IP32 7HL,ENG,GB,+447821442190,BeadleVicki,"32 Selway Drive, Bury St Edmunds",32 Selway Drive,Bury St Edmunds,Bury Saint Edmunds,IP32 7PL,ENG,GB,+447821442190,Shopify Payments,17,0,7095108141385,Low,web,0,GB VAT 20%,3.33,,r996muxKegTsY9wrOBQRQEUGG,r996muxKegTsY9wrOBQRQEUGG + zZyGA9bn5XRr9jgfysxKr5Kv5
1001335,8chelsea8howse8@gmail.com,paid,2025-11-29 03:31:47 +0000,fulfilled,2025-11-30 14:58:15 +0000,yes,GBP,17.82,11.38,0,29.2,,0,International Delivery,2025-11-29 03:31:47 +0000,1,Green Wavy Check on Clear Phone Case - iPhone 12 / Premium Bumper Case,17.82,,KD104230,fulfilled,Howsechelsea,34 Warren Avenue,34 Warren Avenue,,Grays Point,2232,NSW,AU,+61431880738,Howsechelsea,26 Robinson St,26 Robinson St,,Cronulla,2230,NSW,AU,+61431880738,Shopify Payments,0,0,7092883882313,Low,web,0,,,,rBE55LeaXmmQw3YJA35PbYSWy,rBE55LeaXmmQw3YJA35PbYSWy
1001334,helenbarnard@hotmail.co.uk,paid,2025-11-28 20:42:36 +0000,fulfilled,2025-11-30 14:20:44 +0000,yes,GBP,10.99,2.99,2.33,13.98,,0,UK Standard (FREE ON OVER £15),2025-11-28 20:42:36 +0000,1,Petite Navy Ribbon Bows Phone Case - iPhone 14 / Jelly Case,10.99,,KD107630,fulfilled,BarnardHelen,69 Shepperton Close,69 Shepperton Close,,Warrington,WA4 5JZ,ENG,GB,,BarnardHelen,69 Shepperton Close,69 Shepperton Close,,"Appleton, Warrington",WA4 5JZ,ENG,GB,,Shopify Payments,0,0,7092019528009,Low,web,0,GB VAT 20%,2.33,,rs0CYt3L0ITYFztbc2vY7lKn3,rs0CYt3L0ITYFztbc2vY7lKn3
1001333,katie.s.dewar@gmail.com,paid,2025-11-28 20:36:54 +0000,fulfilled,2025-11-30 14:19:18 +0000,yes,GBP,16.99,0,2.83,16.99,,0,UK Standard (FREE ON OVER £15),2025-11-28 20:36:54 +0000,1,KODDY's Cute Calio Cat Flower Tea Phone Case - iPhone 15 / Premium Bumper Case,16.99,,KD115404,fulfilled,DewarKatie,72 BAILIELANDS,72 BAILIELANDS,,LINLITHGOW,EH49 7TF,SCT,GB,,DewarKatie,"63/5 Montpellier Park, Edinburgh",63/5 Montpellier Park,Edinburgh,Edinburgh,EH10 4ND,SCT,GB,+447532206556,Shopify Payments,0,0,7091990659401,Low,web,0,GB VAT 20%,2.83,,rSHkXH4WOEfO7uS5MTfLng5Mr,rSHkXH4WOEfO7uS5MTfLng5Mr
1001332,m8patel@yahoo.com,paid,2025-11-28 18:44:46 +0000,fulfilled,2025-11-30 14:01:29 +0000,no,GBP,10.99,2.99,2.33,13.98,,0,UK Standard (FREE ON OVER £15),2025-11-28 18:44:46 +0000,1,Petite White Bows Phone Case - iPhone 14 / Jelly Case,10.99,,KD104756,fulfilled,PatelMilan,77 preston road,77 preston road,,London,HA9 8JZ,ENG,GB,,PatelMilan,77 preston road,77 preston road,,London,HA9 8JZ,ENG,GB,,Shopify Payments,0,0,7091449332041,Low,web,0,GB VAT 20%,2.33,,rmLVuS9bBp7TtsCbxDs9QZPXo,rmLVuS9bBp7TtsCbxDs9QZPXo
1001331,lvadams2024@icloud.com,paid,2025-11-28 07:27:13 +0000,fulfilled,2025-11-28 14:04:49 +0000,yes,GBP,6.95,2.99,1.66,9.94,,0,UK Standard (FREE ON OVER £15),2025-11-28 07:27:13 +0000,1,Daisy Phone Grip - Basic Phone Grip,6.95,,,fulfilled,AdamsLucy,Broadway,Broadway,,Stockport,SK8 1LD,ENG,GB,7830037929,AdamsLucy,Broadway,Broadway,,Stockport,SK8 1LD,ENG,GB,7830037929,Shopify Payments,0,0,7087364800841,Low,web,0,GB VAT 20%,1.66,,r2orF8UO7mGgCP3WZK2whzH5o,r2orF8UO7mGgCP3WZK2whzH5o
1001330,dafckia@yahoo.co.uk,paid,2025-11-27 22:13:33 +0000,fulfilled,2025-11-28 13:26:39 +0000,yes,GBP,9.95,2.99,2.16,12.94,,0,UK Standard (FREE ON OVER £15),2025-11-27 22:13:33 +0000,1,Broccoli Phone Grip - White Magnetic Phone Grip,9.95,,KD103740,fulfilled,JackAlastair,42 Kestrel Avenue,42 Kestrel Avenue,,Dunfermline,KY11 8JL,SCT,GB,,JackAlastair,42 Kestrel Avenue,42 Kestrel Avenue,,Dunfermline,KY11 8JL,SCT,GB,,Shopify Payments,0,0,7085178749257,Low,web,0,GB VAT 20%,2.16,,rWeneR8MC5TfP7HYSbyApIbcN,rWeneR8MC5TfP7HYSbyApIbcN
1001329,mjbird78@yahoo.co.uk,paid,2025-11-27 20:59:05 +0000,fulfilled,2025-11-28 12:40:39 +0000,yes,GBP,10.99,2.99,2.33,13.98,,0,UK Standard (FREE ON OVER £15),2025-11-27 20:59:05 +0000,1,Cute Capybara Phone Case - iPhone 16 Pro / Jelly Case,10.99,,KD101651,fulfilled,BurdenMichelle,"31 sandringham drive, Houghton regis",31 sandringham drive,Houghton regis,Dunstable,LU5 5UP,ENG,GB,+447821513082,BurdenMichelle,"31 sandringham drive, Houghton Regis",31 sandringham drive,Houghton Regis,Dunstable,LU5 5UP,ENG,GB,+447821513082,Shopify Payments,0,0,7083854332233,Low,web,0,GB VAT 20%,2.33,,rIv5y6upkwucHth8yngQEgxs6,rIv5y6upkwucHth8yngQEgxs6
1001328,zubiakhan97@gmail.com,paid,2025-11-27 03:14:29 +0000,fulfilled,2025-11-27 10:49:16 +0000,yes,GBP,27.93,0,4.66,27.93,,4.97,UK Standard (FREE ON OVER £15),2025-11-27 03:14:28 +0000,1,Magic 8-Ball Phone Grip - White Magnetic Phone Grip,9.95,,KD112306,fulfilled,KhanZubia,"Apartment 2, Gilbert House 2 Elmira Way, Salford","Apartment 2, Gilbert House 2 Elmira Way, Salford",,Manchester,M5 3DE,ENG,GB,,KhanZubia,"2 Elmira Way, Salford, Apartment 2, Gilbert House ","2 Elmira Way, Salford","Apartment 2, Gilbert House ",Manchester,M5 3DE,ENG,GB,,PayPal Express Checkout,0,0,7079625556297,Low,web,4.97,GB VAT 20%,4.66,,rA5u4U0QdoFw92qRRfFMAQ0CA,rA5u4U0QdoFw92qRRfFMAQ0CA
1001328,zubiakhan97@gmail.com,,,,,,,,,,,,,,2025-11-27 03:14:28 +0000,1,Petite Purple Ribbon Bows iPhone Case - iPhone 17 / Protective Magsafe Case,22.95,,PT100701,fulfilled,,,,,,,,,,,,,,,,,,,,,,,,,0,,,,,
1001327,daisyraffill31@yahoo.com,paid,2025-11-26 20:29:52 +0000,fulfilled,2025-11-27 10:43:32 +0000,yes,GBP,17,0,2.83,17,November15,2.99,UK Standard (FREE ON OVER £15),2025-11-26 20:29:52 +0000,1,Polka Dot with Love in White Phone Case - iPhone 16 Pro / Premium Bumper MagSafe Case,19.99,,KD102598,fulfilled,RaffillDaisy,16 Gascoigne Way,16 Gascoigne Way,,Bloxham,OX15 4TL,ENG,GB,,RaffillDaisy,16 Gascoigne Way,16 Gascoigne Way,,Bloxham,OX15 4TL,ENG,GB,,Shopify Payments,0,0,7079060570441,Low,web,0,GB VAT 20%,2.83,,revSzFfeeUD5eohkLjIGeBLib,revSzFfeeUD5eohkLjIGeBLib
1001326,sahnug@yahoo.co.uk,paid,2025-11-26 18:42:34 +0000,fulfilled,2025-11-27 08:20:21 +0000,yes,GBP,19.99,0,3.33,19.99,,0,UK Standard (FREE ON OVER £15),2025-11-26 18:42:34 +0000,1,Stylish Clear Protective Phone Case - iPhone 14 Pro / Premium Bumper MagSafe Case,19.99,,KD116652,fulfilled,NugentSarah,5 St James Rd,5 St James Rd,,Hereford,HR1 2QS,ENG,GB,+447946485951,NugentSarah,5 St James Rd,5 St James Rd,,Hereford,HR1 2QS,ENG,GB,+447946485951,Shopify Payments,0,0,7078686458185,Low,web,0,GB VAT 20%,3.33,,rVguDVqDM9lfmuR2K3W4RKSJr,rVguDVqDM9lfmuR2K3W4RKSJr
1001325,daverelliott@hotmail.co.uk,paid,2025-11-26 10:25:36 +0000,fulfilled,2025-11-26 10:30:45 +0000,yes,GBP,19.51,0,3.25,19.51,November15,3.44,UK Standard (FREE ON OVER £15),2025-11-26 10:25:36 +0000,1,Stylish Clear Protective Phone Case - iPhone 17 Pro Max / Premium Bumper MagSafe Case,22.95,,PT20012,fulfilled,ElliottDavid,"Ty Bryn, Wyatts Lane",Ty Bryn,Wyatts Lane,Wimbourne,BH21 3SQ,ENG,GB,,ElliottDavid,"Ty Bryn, Wyatts Lane",Ty Bryn,Wyatts Lane,Wimborne,BH21 3SQ,ENG,GB,7391643455,Shopify Payments,0,0,7077281235273,Low,web,0,GB VAT 20%,3.25,,rGYW4UkQySNEVkngK1BbPKorM,rGYW4UkQySNEVkngK1BbPKorM
1001324,mdt078@gmail.com,paid,2025-11-25 21:09:26 +0000,fulfilled,2025-11-26 12:34:07 +0000,yes,GBP,9.35,2.99,2.06,12.34,November15,1.64,UK Standard (FREE ON OVER £15),2025-11-25 21:09:25 +0000,1,Petite Navy Ribbon Bows Phone Case - iPhone 13 / Jelly Case,10.99,,KD107642,fulfilled,TaylorMichelle,4 Manor Road,4 Manor Road,,Burnley,BB12 8AN,ENG,GB,,TaylorMichelle,4 Manor Road,4 Manor Road,,Burnley,BB12 8AN,ENG,GB,,Shopify Payments,0,0,7076226072905,Low,web,0,GB VAT 20%,2.06,,rMtac0Ogw3nJf76zH5dntPvHl,rMtac0Ogw3nJf76zH5dntPvHl
1001323,dawn.allanson1@ntlworld.com,paid,2025-11-25 10:27:21 +0000,fulfilled,2025-11-25 12:39:55 +0000,yes,GBP,16.99,0,2.83,16.99,,0,UK Standard (FREE ON OVER £15),2025-11-25 10:27:21 +0000,1,Cherry Vine Tomatoes Phone Case - iPhone 15 / Premium Bumper Case,16.99,,KD109725,fulfilled,AllansonDawn,12 Rievaulx Avenue,12 Rievaulx Avenue,,Knaresborough,HG5 8LD,ENG,GB,7944093270,AllansonDawn,12 Rievaulx Avenue,12 Rievaulx Avenue,,Knaresborough,HG5 8LD,ENG,GB,7944093270,Shopify Payments,0,0,7074462237001,Low,web,0,GB VAT 20%,2.83,,r3Eqb6EmStvbiM7Rxer4CfXqp,r3Eqb6EmStvbiM7Rxer4CfXqp
1001322,towner.jennifer@gmail.com,paid,2025-11-24 21:06:24 +0000,fulfilled,2025-11-25 12:18:19 +0000,yes,GBP,8.96,2.99,1.99,11.95,HELLOKODDY10,0.99,UK Standard (FREE ON OVER £15),2025-11-24 21:06:24 +0000,1,Daisy Phone Grip - White Magnetic Phone Grip,9.95,,,fulfilled,TownerJenny,30 Chart Way,30 Chart Way,,Reigate,RH2 0NZ,ENG,GB,7803705625,TownerJenny,30 Chart Way,30 Chart Way,,Reigate,RH2 0NZ,ENG,GB,7803705625,Shopify Payments,0,0,7073446920521,Low,web,0,GB VAT 20%,1.99,,rIl80TF7PlG3ojBYXzhM7uoYa,rIl80TF7PlG3ojBYXzhM7uoYa
1001321,julmid77@hotmail.com,paid,2025-11-23 22:46:39 +0000,fulfilled,2025-11-24 11:49:51 +0000,no,GBP,29.99,0,5,29.99,,9.99,UK Standard (FREE ON OVER £15),2025-11-23 22:46:39 +0000,1,Petite Coral Pink Ribbon Bows phone case - iPhone 15 / Premium Bumper MagSafe Case,19.99,,KD101357,fulfilled,Berbillionjulia,5 Highlands,5 Highlands,,Tonyrefail,CF39 8YG,WLS,GB,,Berbillionjulia,5 Highlands,5 Highlands,,"Tonyrefail Community, Rhondda Cynon Taff",CF39 8YG,WLS,GB,,Shopify Payments,0,0,7070901567817,Low,web,9.99,GB VAT 20%,5,,rEn4UiO7bbQFkNEema6S8zBHz,rEn4UiO7bbQFkNEema6S8zBHz
1001321,julmid77@hotmail.com,,,,,,,,,,,,,,2025-11-23 22:46:39 +0000,1,Petite Navy Ribbon Bows Phone Case - iPhone 16 / Premium Bumper MagSafe Case,19.99,,KD107608,fulfilled,,,,,,,,,,,,,,,,,,,,,,,,,0,,,,,
1001320,lisaflem23@aol.com,paid,2025-11-23 14:21:09 +0000,fulfilled,2025-11-23 17:06:35 +0000,yes,GBP,10.99,2.99,2.33,13.98,,0,UK Standard (FREE ON OVER £15),2025-11-23 14:21:09 +0000,1,Petite Navy Ribbon Bows Phone Case - iPhone 14 / Jelly Case,10.99,,KD107630,fulfilled,FlemingLisa,6 Chatsworth Drive,6 Chatsworth Drive,,Whitehaven,CA28 6XU,ENG,GB,,FlemingLisa,6 Chatsworth Drive,6 Chatsworth Drive,,Whitehaven,CA28 6XU,ENG,GB,,Shopify Payments,0,0,7069249929545,Low,web,0,GB VAT 20%,2.33,,rbJ80bLoaDpiNRIqXRKJJW65Y,rbJ80bLoaDpiNRIqXRKJJW65Y
1001319,Maxwellotibu@hotmail.com,paid,2025-11-22 21:33:21 +0000,fulfilled,2025-11-23 14:35:26 +0000,yes,GBP,339.83,0,56.64,339.83,November15,259.87,UK EXPRESS (FREE ON OVER £30),2025-11-22 21:33:20 +0000,20,Blue Dream Cushion Phone Case - iPhone 13 / Premium Bumper MagSafe Case,19.99,,KD113269,fulfilled,OfosuMaxwell,22 Erickson Gardens,22 Erickson Gardens,,Bromley,BR2 9TJ,ENG,GB,+447507444589,OfosuMaxwell,22 Erickson Gardens,22 Erickson Gardens,,Bromley,BR2 9TJ,ENG,GB,+447507444589,Shopify Payments,0,0,7067684733257,Low,web,0,GB VAT 20%,56.64,+447507444589,r7NrMtcHLvRue54torIdnpgqJ,r7NrMtcHLvRue54torIdnpgqJ
1001319,Maxwellotibu@hotmail.com,,,,,,,,,,,,,,2025-11-22 21:33:20 +0000,10,Blue Dream Cushion Phone Case - iPhone 13 / Premium Bumper MagSafe Case,19.99,,KD113269,fulfilled,,,,,,,,,,,,,,,,,,,,,,,,,199.9,,,+447507444589,,
1001318,lizaejulian@outlook.com,paid,2025-11-22 18:40:00 +0000,fulfilled,2025-11-23 13:57:13 +0000,yes,GBP,16.99,0,2.83,16.99,,0,UK Standard (FREE ON OVER £15),2025-11-22 18:40:00 +0000,1,Cherry Vine Tomatoes Phone Case - iPhone 14 / Premium Bumper Case,16.99,,KD109737,fulfilled,JulianLiza,"80 Main Street, Foxton",80 Main Street,Foxton,Market Harborough,LE16 7RB,ENG,GB,,JulianLiza,"80 Main Street, Foxton",80 Main Street,Foxton,Market Harborough,LE16 7RB,ENG,GB,,Shopify Payments,0,0,7067298464073,Low,web,0,GB VAT 20%,2.83,,rsNJKVWxBg38mXJ7tP78qeVXI,rsNJKVWxBg38mXJ7tP78qeVXI
1001317,gemma.wright1982@talktalk.net,paid,2025-11-22 16:49:10 +0000,fulfilled,2025-11-22 17:22:37 +0000,yes,GBP,16.99,0,2.83,16.99,,0,UK Standard (FREE ON OVER £15),2025-11-22 16:49:10 +0000,1,Meow High-Five Phone Case - iPhone 15 / Premium Bumper Case,16.99,,KD109239,fulfilled,WrightGemma,"Skylark Cottage, Ashfield Road, norton",Skylark Cottage,"Ashfield Road, norton",BURY ST. EDMUNDS,IP31 3NF,ENG,GB,+447850649246,WrightGemma,"Skylark Cottage, Ashfield Road, norton",Skylark Cottage,"Ashfield Road, norton",BURY ST. EDMUNDS,IP31 3NF,ENG,GB,+447850649246,Shopify Payments,0,0,7067023737161,Low,web,0,GB VAT 20%,2.83,,reNQHOmWfcbAwADRTEONZJzod,r7evuIqYXyBnEgTvS5voWW9No + reNQHOmWfcbAwADRTEONZJzod
1001316,claresimmons3@gmail.com,paid,2025-11-20 16:45:28 +0000,fulfilled,2025-11-20 17:02:33 +0000,no,GBP,8.46,2.99,1.91,11.45,November15,1.49,UK Standard (FREE ON OVER £15),2025-11-20 16:45:28 +0000,1,Amethyst Gemstone Phone Grip - Pink Magnetic Phone Grip,9.95,,KD105711,fulfilled,SimmonsClare,"18 Rockingham Road, West Earlham",18 Rockingham Road,West Earlham,Norwich,NR5 8HZ,ENG,GB,+447999491956,SimmonsClare,"18 Rockingham Road, West Earlham",18 Rockingham Road,West Earlham,Norwich,NR5 8HZ,ENG,GB,+447999491956,Shopify Payments,0,0,7061994897737,Low,web,0,GB VAT 20%,1.91,+447999491956,rQtFR9mpcUQrV0Gn9hPtV7PbS,rQtFR9mpcUQrV0Gn9hPtV7PbS
1001315,hollie.deb10@icloud.com,paid,2025-11-19 22:43:26 +0000,fulfilled,2025-11-20 13:54:55 +0000,yes,GBP,22.95,0,3.83,22.95,HELLOKODDY10,11.03,UK Standard (FREE ON OVER £15),2025-11-19 22:43:26 +0000,1,Bows with Snowflakes Phone Case - iPhone 13 Pro / Premium Bumper Case,16.99,,KD107268,fulfilled,DebenhamHollie,65 Worcester Road,65 Worcester Road,,Ipswich,IP3 0RS,ENG,GB,,DebenhamHollie,"Worcester Road, 65",Worcester Road,65,Ipswich,IP3 0RS,ENG,GB,,Shopify Payments,0,0,7060418396489,Low,web,8.49,GB VAT 20%,3.83,,rA5EwnHN6HB6vYxQHf1BkXcea,rA5EwnHN6HB6vYxQHf1BkXcea
1001315,hollie.deb10@icloud.com,,,,,,,,,,,,,,2025-11-19 22:43:26 +0000,1,Violet Ribbon Bows Phone Case - iPhone 13 Pro / Premium Bumper Case,16.99,,KD102849,fulfilled,,,,,,,,,,,,,,,,,,,,,,,,,0,,,,,
1001314,k_sibbit@hotmail.com,paid,2025-11-19 20:30:13 +0000,fulfilled,2025-11-20 13:43:26 +0000,yes,GBP,25.5,0,4.25,25.5,November15,14.48,UK Standard (FREE ON OVER £15),2025-11-19 20:30:12 +0000,1,Petite Navy Ribbon Bows Phone Case - iPhone 15 / Premium Bumper MagSafe Case,19.99,,KD107620,fulfilled,PlattKatherine,20 Winton Avenue,20 Winton Avenue,,Wigan,WN5 9HQ,ENG,GB,,PlattKatherine,20 Winton Avenue,20 Winton Avenue,,Wigan,WN5 9HQ,ENG,GB,,PayPal Express Checkout,0,0,7060156055881,Low,web,9.99,GB VAT 20%,4.25,,rZG2tffHP81aJKPIiB5OTB7CW,rZG2tffHP81aJKPIiB5OTB7CW
1001314,k_sibbit@hotmail.com,,,,,,,,,,,,,,2025-11-19 20:30:12 +0000,1,Petite Purple Ribbon Bows Phone Case - iPhone 15 / Premium Bumper MagSafe Case,19.99,,KD101338,fulfilled,,,,,,,,,,,,,,,,,,,,,,,,,0,,,,,
1001313,davidhollowaycv@googlemail.com,paid,2025-11-19 11:24:32 +0000,fulfilled,2025-11-19 11:30:36 +0000,yes,GBP,16.99,0,2.83,16.99,,0,UK Standard (FREE ON OVER £15),2025-11-19 11:24:31 +0000,1,Petite Navy Ribbon Bows Phone Case - iPhone 12 Pro / Premium Bumper Case,16.99,,KD107655,fulfilled,HollowayDavid,"30 Harvesters Way, Martlesham",30 Harvesters Way,Martlesham,Ipswich,IP5 3UR,ENG,GB,+447754259708,HollowayDavid,"25 Thomas Crescent, Kesgrave",25 Thomas Crescent,Kesgrave,Ipswich,IP5 2HN,ENG,GB,+447754259708,Shopify Payments,0,0,7058957533513,Low,web,0,GB VAT 20%,2.83,,r7mgfmSG0181DXSPcJJYJ8OJk,r7mgfmSG0181DXSPcJJYJ8OJk
1001312,charlotte_brante@yahoo.com,paid,2025-11-18 22:42:03 +0000,fulfilled,2025-11-19 11:34:11 +0000,yes,GBP,16.99,0,2.83,16.99,,0,UK Standard (FREE ON OVER £15),2025-11-18 22:42:02 +0000,1,Petite Navy Ribbon Bows Phone Case - iPhone 12 / Premium Bumper Case,16.99,,KD107652,fulfilled,BURNANDCHARLOTTE,"Boreham Grange, 20 Grange Lane",Boreham Grange,20 Grange Lane,Warminster,BA12 9EY,ENG,GB,,BurnandCharlotte,"Boreham Grange, 20 Grange Lane",Boreham Grange,20 Grange Lane,Warminster,BA12 9EY,ENG,GB,,Shopify Payments,0,0,7058181521737,Low,web,0,GB VAT 20%,2.83,,rUvfZ1xAZuCddVMu17FDrpXMa,rvA00p6ODcG4gsFA7ZSikvlnK + rUvfZ1xAZuCddVMu17FDrpXMa
1001311,nominome@hotmail.co.uk,paid,2025-11-17 22:56:59 +0000,fulfilled,2025-11-18 12:24:06 +0000,yes,GBP,10.99,2.99,2.33,13.98,,0,UK Standard (FREE ON OVER £15),2025-11-17 22:56:58 +0000,1,Black Polka Dot Bold Phone Case - iPhone 13 / Jelly Case,10.99,,KD101213,fulfilled,MawdsleyNaomi,10 Constance Avenue,10 Constance Avenue,,Stoke-on-Trent,ST4 8XJ,ENG,GB,,MawdsleyNaomi,10 Constance Ave,10 Constance Ave,,Stoke-On-Trent,ST4 8XJ,ENG,GB,,Shopify Payments,0,0,7055999107401,Low,web,0,GB VAT 20%,2.33,,rX7QMTnKA350hxb0HaNn3u9U4,rX7QMTnKA350hxb0HaNn3u9U4
1001310,erc-online@outlook.com,paid,2025-11-17 18:06:21 +0000,fulfilled,2025-11-18 11:34:21 +0000,yes,GBP,21.67,0,3.61,21.67,November15,12.31,UK Standard (FREE ON OVER £15),2025-11-17 18:06:21 +0000,1,Petite Red Bows Phone Case - iPhone 16 Pro / Premium Bumper Case,16.99,,KD107448,fulfilled,CassidyEmily,5 Priory Mews,5 Priory Mews,,Wallingford,OX10 0BB,ENG,GB,,CassidyEmily,"416 Winchester Road, Flat 5",416 Winchester Road,Flat 5,Southampton,SO16 7DH,ENG,GB,7517638583,PayPal Express Checkout,0,0,7055368192329,Low,web,8.49,GB VAT 20%,3.61,,rWOr2FGjq5Pm4lqIH2khFRgvx,rWOr2FGjq5Pm4lqIH2khFRgvx
1001310,erc-online@outlook.com,,,,,,,,,,,,,,2025-11-17 18:06:21 +0000,1,Petite Navy Ribbon Bows Phone Case - iPhone 16 Pro / Premium Bumper Case,16.99,,KD107610,fulfilled,,,,,,,,,,,,,,,,,,,,,,,,,0,,,,,
1001309,amyjones2001@outlook.com,paid,2025-11-16 17:59:30 +0000,fulfilled,2025-11-17 12:33:04 +0000,yes,GBP,25.5,0,4.25,25.5,November15,14.48,UK Standard (FREE ON OVER £15),2025-11-16 17:59:29 +0000,1,Flowers with Ribbon Bows Phone Case - iPhone 15 / Premium Bumper MagSafe Case,19.99,,KD101465,fulfilled,JonesAmy,"8 Mackmurdo Avenue, Tadpole Garden Village",8 Mackmurdo Avenue,Tadpole Garden Village,Swindon,SN25 2TE,ENG,GB,,JonesAmy,8 Mackmurdo Ave,8 Mackmurdo Ave,,Swindon,SN25 2TE,ENG,GB,,Shopify Payments,0,0,7053080101193,Low,web,9.99,GB VAT 20%,4.25,,raWSmhNOV6SKYEcBliKduvlZX,raWSmhNOV6SKYEcBliKduvlZX
1001309,amyjones2001@outlook.com,,,,,,,,,,,,,,2025-11-16 17:59:29 +0000,1,Mini Blue Bubble Hearts Phone Case - iPhone 15 / Premium Bumper MagSafe Case,19.99,,KD110860,fulfilled,,,,,,,,,,,,,,,,,,,,,,,,,0,,,,,
1001308,jimmycricket81@live.co.uk,paid,2025-11-15 18:52:05 +0000,fulfilled,2025-11-16 13:10:13 +0000,yes,GBP,16.99,0,2.83,16.99,,0,UK Standard (FREE ON OVER £15),2025-11-15 18:52:04 +0000,1,Petite Navy Ribbon Bows Phone Case - iPhone 12 / Premium Bumper Case,16.99,,KD107652,fulfilled,WaltonChris,17 Masterson Street,17 Masterson Street,,Stoke on Trent,ST4 3QB,ENG,GB,+447894639663,WaltonChris,61 School Lane,61 School Lane,,Stoke-on-Trent,ST11 9EN,ENG,GB,+447894639663,Shopify Payments,0,0,7051077976393,Low,web,0,GB VAT 20%,2.83,,rNVhK3gvdQFU3horNrv2tmvFU,rNVhK3gvdQFU3horNrv2tmvFU
1001307,qeorgiee@gmail.com,paid,2025-11-14 10:03:04 +0000,fulfilled,2025-11-14 13:18:54 +0000,yes,GBP,24.76,11.45,0,36.21,November15,14.08,International Delivery,2025-11-14 10:03:03 +0000,1,Stylish Red Roses iPhone Case - iPhone 17 Pro Max / Protective Case,19.42,,PT100407,fulfilled,RogersGeorgia,3 Hensleigh Street,3 Hensleigh Street,,DELEGATE,2633,NSW,AU,423006647,RogersGeorgia,3 Hensleigh Street,3 Hensleigh Street,,DELEGATE,2633,NSW,AU,423006647,PayPal Express Checkout,0,0,7047978516809,Low,web,9.71,,,,r1eKWsBHLHPru0NRbKGIE7WWT,r1eKWsBHLHPru0NRbKGIE7WWT
1001307,qeorgiee@gmail.com,,,,,,,,,,,,,,2025-11-14 10:03:03 +0000,1,Small Cherry Ribbon iPhone Case - iPhone 17 Pro Max / Protective Case,19.42,,PT100447,fulfilled,,,,,,,,,,,,,,,,,,,,,,,,,0,,,,,
1001306,mecha@hotmail.co.uk,paid,2025-11-13 06:44:39 +0000,fulfilled,2025-11-13 12:15:58 +0000,yes,GBP,16.99,0,2.83,16.99,,0,UK Standard (FREE ON OVER £15),2025-11-13 06:44:39 +0000,1,Petite Navy Ribbon Bows Phone Case - iPhone 16 Pro Max / Premium Bumper Case,16.99,,KD107616,fulfilled,MullenMichelle,59 Livingstone Terrace,59 Livingstone Terrace,,Irvine,KA12 9DL,SCT,GB,+447956135355,MullenMichelle,59 Livingstone Terrace,59 Livingstone Terrace,,Irvine,KA12 9DL,SCT,GB,+447956135355,Shopify Payments,0,0,7045738529097,Low,web,0,GB VAT 20%,2.83,,rlrvqxrslVDnCbj7H8PnFvLva,rlrvqxrslVDnCbj7H8PnFvLva
1001305,erinaroan07@gmail.com,paid,2025-11-11 13:19:41 +0000,fulfilled,2025-11-11 13:28:46 +0000,no,GBP,14.45,4.99,3.24,19.44,November15,2.54,UK EXPRESS (FREE ON OVER £30),2025-11-11 13:19:41 +0000,1,Petite Navy Ribbon Bows Phone Case - iPhone 16 / Premium Bumper Case,16.99,,KD107607,fulfilled,RoanErin,Bale Close,Bale Close,,Colchester,CO3 9XP,ENG,GB,,RoanErin,9 Bale Close,9 Bale Close,,Colchester,CO3 9XP,ENG,GB,,Shopify Payments,0,0,7042317123913,Low,web,0,GB VAT 20%,3.24,,r7yHbgwL3VtJ9zm8xWuDZKDRl,r7yHbgwL3VtJ9zm8xWuDZKDRl
1001304,jacqueline.mirell@gmail.com,paid,2025-11-10 07:19:01 +0000,fulfilled,2025-11-10 12:01:04 +0000,yes,GBP,10.99,2.99,2.33,13.98,,0,UK Standard (FREE ON OVER £15),2025-11-10 07:19:01 +0000,1,Burgundy Lace Phone Case - iPhone 16 / Jelly Case,10.99,,KD101883,fulfilled,MirellJacqueline,38 Longfield Street,38 Longfield Street,,London,SW18 5RE,ENG,GB,,MirellJacqueline,38 Longfield Street,38 Longfield Street,,London,SW18 5RE,ENG,GB,,Shopify Payments,0,0,7039603310921,Low,web,0,GB VAT 20%,2.33,,rvubpnvhnOWHqL3rQtPN9po5J,rvubpnvhnOWHqL3rQtPN9po5J
1001303,robertr62001@yahoo.co.uk,paid,2025-11-06 16:58:48 +0000,fulfilled,2025-11-06 17:01:47 +0000,yes,GBP,6.95,2.99,1.66,9.94,,0,UK Standard (FREE ON OVER £15),2025-11-06 16:58:48 +0000,1,Pink Ribbon Phone Grip - Basic Phone Grip,6.95,,KD104670,fulfilled,r c maymr,18 astor close,18 astor close,,addlestone,KT15 2JE,ENG,GB,,MayRobert,"18 Astor Close, Addlestone",18 Astor Close,Addlestone,ADDLESTONE,KT15 2JE,ENG,GB,,Shopify Payments,0,0,7030329704777,Low,web,0,GB VAT 20%,1.66,,ri4pywf2ZhOAepdnqeIffQoQ4,ri4pywf2ZhOAepdnqeIffQoQ4
1001302,mecha@hotmail.co.uk,paid,2025-11-06 15:33:27 +0000,fulfilled,2025-11-06 15:50:46 +0000,yes,GBP,16.99,0,2.83,16.99,,0,UK Standard (FREE ON OVER £15),2025-11-06 15:33:26 +0000,1,Petite Navy Ribbon Bows Phone Case - iPhone 16 Pro / Premium Bumper Case,16.99,,KD107610,fulfilled,MullenMichelle,59 Livingstone Terrace,59 Livingstone Terrace,,Irvine,KA12 9DL,SCT,GB,+447956135355,MullenMichelle,59 Livingstone Terrace,59 Livingstone Terrace,,Irvine,KA12 9DL,SCT,GB,+447956135355,Shopify Payments,0,0,7030157476169,Low,web,0,GB VAT 20%,2.83,,rO92qoSbcj3ZsLHXnmnnOIOwh,rO92qoSbcj3ZsLHXnmnnOIOwh
1001301,demileighwebster53@gmail.com,paid,2025-11-05 22:29:40 +0000,fulfilled,2025-11-06 09:40:28 +0000,yes,GBP,10.99,2.99,2.33,13.98,,0,UK Standard (FREE ON OVER £15),2025-11-05 22:29:40 +0000,1,Petite Navy Ribbon Bows Phone Case - iPhone 16 / Jelly Case,10.99,,KD107606,fulfilled,WebsterDemi-leigh,2 Palmerston Close,2 Palmerston Close,,Blackpool,FY4 4ZG,ENG,GB,,WebsterDemi-leigh,2 Palmerston Close,2 Palmerston Close,,Blackpool,FY4 4ZG,ENG,GB,+447785781766,Shopify Payments,0,0,7029021442377,Low,web,0,GB VAT 20%,2.33,+447785781766,r5eflar2ZWHzOSkQN45c8ASNr,r5eflar2ZWHzOSkQN45c8ASNr
1001300,simpsonlouisa@hotmail.com,paid,2025-11-03 19:55:55 +0000,fulfilled,2025-11-04 11:43:05 +0000,yes,GBP,16.99,0,2.83,16.99,,0,UK Standard (FREE ON OVER £10),2025-11-03 19:55:54 +0000,1,Navy Bow Phone Case - iPhone 12 Pro / Premium Bumper Case,16.99,,KD107709,fulfilled,EdgarLouisa,"Park Farm, Brasted Road, Brasted Road","Park Farm, Brasted Road",Brasted Road,WESTERHAM,TN16 1LL,ENG,GB,7909510340,EdgarLouisa,"Park Farm, Brasted Road, Brasted Road","Park Farm, Brasted Road",Brasted Road,WESTERHAM,TN16 1LL,ENG,GB,7909510340,Shopify Payments,0,0,7023429583177,Low,web,0,GB VAT 20%,2.83,,rjwLkBuoQJ9N8dzBqtBKhnauq,rjwLkBuoQJ9N8dzBqtBKhnauq
1001299,mitchell_helene@yahoo.co.uk,paid,2025-11-03 18:39:07 +0000,fulfilled,2025-11-04 11:21:08 +0000,no,GBP,16.99,0,2.83,16.99,,0,UK Standard (FREE ON OVER £10),2025-11-03 18:39:06 +0000,1,Cherry Blossom Phone Case - iPhone 13 / Premium Bumper Case,16.99,,KD104823,fulfilled,HillierHelene,"85 Broad Street, Syston",85 Broad Street,Syston,Leicester,LE7 1GJ,ENG,GB,,HillierHelene,"85 Broad Street, Syston",85 Broad Street,Syston,Leicester,LE7 1GJ,ENG,GB,,Shopify Payments,0,0,7023200534857,Low,web,0,GB VAT 20%,2.83,,rCyzG5znPNLhn650QqkJzJeYr,rCyzG5znPNLhn650QqkJzJeYr
1001298,katie.s.dewar@gmail.com,paid,2025-11-03 16:03:20 +0000,fulfilled,2025-11-03 16:31:12 +0000,no,GBP,16.99,0,2.83,16.99,,0,UK Standard (FREE ON OVER £10),2025-11-03 16:03:20 +0000,1,KODDY's Cute Calio Cat Phone Case - iPhone 15 Pro / Premium Bumper Case,16.99,,KD115461,fulfilled,DewarKatie,72 BAILIELANDS,72 BAILIELANDS,,LINLITHGOW,EH49 7TF,SCT,GB,,MannKatie,"63/5, Montpelier Park",63/5,Montpelier Park,Edinburgh,EH10 4ND,SCT,GB,,Shopify Payments,0,0,7022747091273,Low,web,0,GB VAT 20%,2.83,,rJOZX6h7Vz3kdzuVEoSEeqMZ1,rJOZX6h7Vz3kdzuVEoSEeqMZ1
1001297,cloandharry@yahoo.co.uk,paid,2025-11-02 21:00:25 +0000,fulfilled,2025-11-03 11:23:11 +0000,yes,GBP,10.99,0,1.83,10.99,,0,UK Standard (FREE ON OVER £10),2025-11-02 21:00:24 +0000,1,Baby Pink Ribbon Bows Phone Case - iPhone 15 / Jelly Case,10.99,,KD114593,fulfilled,AndersonChloe,"7 Windram Place, Chirnside",7 Windram Place,Chirnside,Duns,TD11 3UR,SCT,GB,+447790329925,AndersonChloe,"7 Windram Place, Chirnside",7 Windram Place,Chirnside,Duns,TD11 3UR,SCT,GB,+447790329925,Shopify Payments,0,0,7021378011465,Low,web,0,GB VAT 20%,1.83,,rm69bOlwuMmweEgl2Yg2BWqhN,rm69bOlwuMmweEgl2Yg2BWqhN
1001296,bradleygoldenberg@mac.com,paid,2025-11-01 10:51:14 +0000,fulfilled,2025-11-02 14:11:12 +0000,yes,GBP,22.95,0,3.83,22.95,,0,UK Standard (FREE ON OVER £10),2025-11-01 10:51:13 +0000,1,Wild Flowers Clear iPhone Case - iPhone17 Pro / Protective Magsafe Case,22.95,,PT100046,fulfilled,GoldenbergBradley,31 Harman Drive,31 Harman Drive,,London,NW2 2ED,ENG,GB,,GoldenbergBradley,31 Harman Drive,31 Harman Drive,,London,NW2 2ED,ENG,GB,,Shopify Payments,0,0,7017821438281,Low,web,0,GB VAT 20%,3.83,,rdsQOv4swObZjCg6lnpeoP2YC,rdsQOv4swObZjCg6lnpeoP2YC
1001295,jadetombling@outlook.com,paid,2025-11-01 00:43:15 +0000,fulfilled,2025-11-02 13:39:28 +0000,yes,GBP,16.49,0,2.75,16.49,,5.49,UK Standard (FREE ON OVER £10),2025-11-01 00:43:14 +0000,1,Teddy Bears Phone Case - iPhone 16 / Jelly Case,10.99,,KD113663,fulfilled,YoungJade,12 Talmey Close,12 Talmey Close,,Basingstoke,RG24 8DT,ENG,GB,,JadeJade,12 Talmey Close,12 Talmey Close,,Basingstoke,RG24 8DT,ENG,GB,,Shopify Payments,0,0,7017245507913,Low,web,5.49,GB VAT 20%,2.75,,r7Iv3amqk4rpN3hDLCakldeiO,r7Iv3amqk4rpN3hDLCakldeiO
1001295,jadetombling@outlook.com,,,,,,,,,,,,,,2025-11-01 00:43:14 +0000,1,Halloween Skeleton Teddy Bear Phone Case - iPhone 16 / Jelly Case,10.99,,KD101486,fulfilled,,,,,,,,,,,,,,,,,,,,,,,,,0,,,,,
1001294,rachelharcus@hotmail.co.uk,paid,2025-10-29 21:24:49 +0000,fulfilled,2025-10-30 11:48:29 +0000,yes,GBP,16.49,0,2.75,16.49,,5.49,UK Standard,2025-10-29 21:24:49 +0000,1,Mini Tulip Phone Case - iPhone 14 / Jelly Case,10.99,,KD112387,fulfilled,HarcusRachel,Brekka,Brekka,,Finstown,KW17 2JX,SCT,GB,,HarcusRachel,"Glenisla, Maitland Place",Glenisla,Maitland Place,Finstown,KW17 2EQ,SCT,GB,,Shopify Payments,0,0,7012687315273,Low,web,5.49,GB VAT 20%,2.75,,rGKBUklbz3lkn8y2QedaBhQ40,rGKBUklbz3lkn8y2QedaBhQ40
1001294,rachelharcus@hotmail.co.uk,,,,,,,,,,,,,,2025-10-29 21:24:49 +0000,1,Flowers with Ribbon Bows Phone Case - iPhone 14 / Jelly Case,10.99,,KD101475,fulfilled,,,,,,,,,,,,,,,,,,,,,,,,,0,,,,,
1001293,fiona.kalkbrenner@icloud.com,paid,2025-10-29 16:23:04 +0000,fulfilled,2025-10-30 11:43:23 +0000,yes,GBP,19.99,0,3.33,19.99,,0,UK Standard,2025-10-29 16:23:03 +0000,1,Stylish Clear Protective Phone Case - iPhone 13 Pro Max / Premium Bumper MagSafe Case,19.99,,KD116667,fulfilled,KalkbrennerPrincess Fiona,13 Burlsdon way,13 Burlsdon way,,Bracknell,RG12 2PH,ENG,GB,,FionaFiona,13 Burlsdon way,13 Burlsdon way,,Bracknell,RG12 2PH,ENG,GB,,Shopify Payments,0,0,7012195533129,Low,web,0,GB VAT 20%,3.33,,rBEPH8YTBzadret89PMBscybS,rBEPH8YTBzadret89PMBscybS
1001292,hannahgiggles@outlook.com,paid,2025-10-29 14:19:25 +0000,fulfilled,2025-10-29 15:01:41 +0000,yes,GBP,18.4,11.36,0,29.76,HELLOKODDY10,2.04,International Delivery,2025-10-29 14:19:23 +0000,1,Small Apples Phone Case - iPhone 16 / Premium Bumper MagSafe Case,20.44,,KD106258,fulfilled,MoodyHannah,110 Oak Forest Dr,110 Oak Forest Dr,,Lafayette,70501,LA,US,+13374429175,MoodyHannah,110 Oak Forest Dr,110 Oak Forest Dr,,Lafayette,70501,LA,US,+13374429175,Shopify Payments,0,0,7011980116297,Low,web,0,,,,rcnmVQ5sp2kfKi4vsRYaB603W,rcnmVQ5sp2kfKi4vsRYaB603W + axJqjbGKmI2pkMtqoiHYsHCrZ
1001291,sabinejulia07@gmail.com,paid,2025-10-28 06:10:09 +0000,fulfilled,2025-10-28 12:40:59 +0000,yes,GBP,18.54,11.28,0,29.82,HELLOKODDY10,2.06,International Delivery,2025-10-28 06:10:09 +0000,1,Small Cherry Ribbon Phone Case - iPhone 16 / Premium Bumper MagSafe Case,20.6,,KD113989,fulfilled,BartelsSabine,"40, Barbigal",40,Barbigal,Stafford,4053,QLD,AU,,BartelsSabine,40 Barbigal Street,40 Barbigal Street,,Stafford,4053,QLD,AU,+61493417506,Shopify Payments,0,-0.01,7009274331465,Low,web,0,,,,rY3Z8sDzfVzOqs89ylahgukbe,rzAo0EAwiAtnFG6bCavVLkNVd + rY3Z8sDzfVzOqs89ylahgukbe
1001290,sp_73@hotmail.co.uk,paid,2025-10-26 15:28:01 +0000,fulfilled,2025-10-27 11:48:30 +0000,no,GBP,10.99,0,1.83,10.99,,0,UK Standard,2025-10-26 15:28:00 +0000,1,Petite Navy Ribbon Bows Phone Case - iPhone 13 / Jelly Case,10.99,,KD107642,fulfilled,PatelSeema,"26 Dene Terrace, Walbottle",26 Dene Terrace,Walbottle,Newcastle upon Tyne,NE15 8HX,ENG,GB,,PatelSeema,"26 Dene Terrace, Walbottle",26 Dene Terrace,Walbottle,Newcastle upon Tyne,NE15 8HX,ENG,GB,,Shopify Payments,0,0,7005720969545,Low,web,0,GB VAT 20%,1.83,,rAwK7GgyyNTzqkhSATsZbiwdu,rAwK7GgyyNTzqkhSATsZbiwdu
1001289,zazietuson@yahoo.com,paid,2025-10-23 13:17:36 +0100,fulfilled,2025-10-23 13:23:31 +0100,yes,GBP,30.93,0,5.16,30.93,,8.97,UK Standard,2025-10-23 13:17:35 +0100,1,Letter to Father Christmas Phone Case - iPhone 12 / Premium Bumper Case,17.95,,KD107976,fulfilled,TusonZazie,"64 Seething Fen, Seething",64 Seething Fen,Seething,Norwich,NR15 1DG,ENG,GB,,TusonZazie,"Flat 3, 2 Latimer Road","Flat 3, 2 Latimer Road",,Teddington,TW11 8QA,ENG,GB,,PayPal Express Checkout,0,0,6999349297481,Low,web,8.97,GB VAT 20%,5.16,,rQCRdII84rljho447wB9pWmFc,rQCRdII84rljho447wB9pWmFc
1001289,zazietuson@yahoo.com,,,,,,,,,,,,,,2025-10-23 13:17:35 +0100,1,Autumn Camping Tent Phone Case - iPhone 12 / Premium Bumper MagSafe Case,21.95,,KD110245,fulfilled,,,,,,,,,,,,,,,,,,,,,,,,,0,,,,,
1001288,madlizzie06@icloud.com,paid,2025-10-22 21:02:38 +0100,fulfilled,2025-10-23 11:00:47 +0100,yes,GBP,26.93,0,4.49,26.93,,8.97,UK Standard,2025-10-22 21:02:38 +0100,1,Cherry Blossom Phone Case - iPhone 13 / Premium Bumper Case,17.95,,KD104823,fulfilled,StreetMaddy,64 Althrop Grove,64 Althrop Grove,,Stoke-on-Trent,ST3 1UF,ENG,GB,,StreetMadison,64 Althrop Grove,64 Althrop Grove,,Stoke-on-Trent,ST3 1UF,ENG,GB,,Shopify Payments,0,0,6998227026249,Low,web,8.97,GB VAT 20%,4.49,,rtZmRzApnegjvlwOZyK5xVukL,rtZmRzApnegjvlwOZyK5xVukL
1001288,madlizzie06@icloud.com,,,,,,,,,,,,,,2025-10-22 21:02:38 +0100,1,Mini Purple Butterflies Phone Case - iPhone 14 / Premium Bumper Case,17.95,,KD108819,fulfilled,,,,,,,,,,,,,,,,,,,,,,,,,0,,,,,
1001287,davefallon30@gmail.com,paid,2025-10-18 18:29:08 +0100,fulfilled,2025-10-20 13:48:32 +0100,yes,GBP,14,2.99,2.83,16.99,,0,UK Standard,2025-10-18 18:29:07 +0100,1,Petite Navy Ribbon Bows Phone Case - iPhone 14 / Jelly Case,14,,KD107630,fulfilled,FallonD,14 Knowl Meadow,14 Knowl Meadow,,Rossendale,BB4 4LW,ENG,GB,,FallonDavid,14 Knowl Meadow,14 Knowl Meadow,,Rossendale,BB4 4LW,ENG,GB,,Shopify Payments,0,0,6978784395593,Low,web,0,GB VAT 20%,2.83,,r4PuId6dwaimajhQXfTyeLJcK,r4PuId6dwaimajhQXfTyeLJcK
1001286,laaibahum8r@outlook.com,paid,2025-10-13 21:21:48 +0100,fulfilled,2025-10-14 12:01:45 +0100,yes,GBP,12,2.99,2.5,14.99,,0,UK Standard,2025-10-13 21:21:47 +0100,1,Stylish Clear Protective Phone Case - iPhone 15 / Premium Bumper Case,12,19,KD116636,fulfilled,UmairLaaibah,Winvale,Winvale,,Slough,SL1 2JQ,ENG,GB,,UmairLaaibah,Secundus Vale Grove,Secundus Vale Grove,,Slough,SL1 2JE,ENG,GB,,Shopify Payments,0,0,6969269256521,Low,web,0,GB VAT 20%,2.5,,r6iMU3XO7tREILYnDLcLwJ2hV,r6iMU3XO7tREILYnDLcLwJ2hV
1001285,vcfranks@gmail.com,paid,2025-10-12 19:05:46 +0100,fulfilled,2025-10-13 13:44:41 +0100,yes,GBP,23,2.99,4.33,25.99,,0,UK Standard,2025-10-12 19:05:46 +0100,1,Purple Ribbon Football Gifts Phone Case - iPhone 15 / Premium Bumper MagSafe Case,23,,KD103309,fulfilled,GoldenbergVicki,31 Harman Drive,31 Harman Drive,,London,NW2 2ED,ENG,GB,,GoldenbergVicki,31 Harman Drive,31 Harman Drive,,London,NW2 2ED,ENG,GB,,Shopify Payments,0,0,6967124001097,Low,web,0,GB VAT 20%,4.33,,rIFrWC3SxuqPgC54Ex9sPLmwg,rIFrWC3SxuqPgC54Ex9sPLmwg
1001284,hollygoffe111@icloud.com,paid,2025-10-11 21:31:39 +0100,fulfilled,2025-10-13 13:24:49 +0100,yes,GBP,19,2.99,3.67,21.99,,0,UK Standard,2025-10-11 21:31:38 +0100,1,Stamp and Sticker Phone Case - iPhone 12 / Premium Bumper Case,19,,KD112737,fulfilled,GoffeHolly,37a Wycombe Road,37a Wycombe Road,,Princes Risborough,HP27 0EE,ENG,GB,,GoffeHolly,37a Wycombe Road,37a Wycombe Road,,Princes Risborough,HP27 0EE,ENG,GB,,Shopify Payments,0,0,6965579186505,Low,web,0,GB VAT 20%,3.67,,rjtLAK2znadRMaJ1xucnUpMPx,rjtLAK2znadRMaJ1xucnUpMPx
1001283,Williamsaroyan790@gmail.com,paid,2025-10-11 16:14:49 +0100,fulfilled,2025-10-13 13:09:15 +0100,yes,GBP,8.84,4.99,2.3,13.83,"COME20BACK, HELLOKODDY15",4.16,UK EXPRESS,2025-10-11 16:14:48 +0100,1,White Slim Hard Phone Case (>£200 multi-buy 50% sale) - iPhone 15 Pro Max,13,18,KD116618,fulfilled,SarogianOuiliam,14 Locarno Road,14 Locarno Road,,London,UB6 8SN,ENG,GB,+447555981439,SarogianOuiliam,14 Locarno Road,14 Locarno Road,,London,UB6 8SN,ENG,GB,+447555981439,Shopify Payments,0,0,6964688748873,Low,web,0,GB VAT 20%,2.3,,rOn0NoBMko71Sdasm4tLOR1Nx,rOn0NoBMko71Sdasm4tLOR1Nx
1001282,demelza@ingoldmells.org.uk,paid,2025-10-08 12:33:41 +0100,fulfilled,2025-10-08 12:53:20 +0100,yes,GBP,16.15,2.99,3.19,19.14,HELLOKODDY15,2.85,UK Standard,2025-10-08 12:33:41 +0100,1,Green Wavy Check on Clear Phone Case - iPhone 14 / Premium Bumper Case,19,,KD104209,fulfilled,petersdemelza,2 Bushy Plats Close,2 Bushy Plats Close,,Ash,GU12 6GG,ENG,GB,,PetersDemelza,"2 Bushy Plats Close, Ash",2 Bushy Plats Close,Ash,Aldershot,GU12 6GG,ENG,GB,,Shopify Payments,0,0,6958636433737,Low,web,0,GB VAT 20%,3.19,,rETwGfwnWnyHjpW4UPvkiLGo9,rETwGfwnWnyHjpW4UPvkiLGo9
1001281,aislinnritchie@yahoo.co.uk,paid,2025-10-08 07:27:29 +0100,fulfilled,2025-10-08 11:24:46 +0100,no,GBP,13,2.99,2.67,15.99,,0,UK Standard,2025-10-08 07:27:28 +0100,1,White Slim Hard Phone Case (>£200 multi-buy 50% sale) - iPhone 13 / 14,13,18,KD116619,fulfilled,RitchieAislinn,"Windyhill, Dungeith Avenue",Windyhill,Dungeith Avenue,Banchory,AB31 5UA,SCT,GB,,RitchieAislinn,"Windyhill, Dungeith Avenue","Windyhill, Dungeith Avenue",,"Banchory and Mid Deeside, Aberdeenshire",AB31 5UA,SCT,GB,,Shopify Payments,0,0,6958052639049,Low,web,0,GB VAT 20%,2.67,,r4sa3o5X49YPIoO9xMeclFpam,r4sa3o5X49YPIoO9xMeclFpam
1001280,bradburyizzy@gmail.com,paid,2025-10-07 00:20:42 +0100,fulfilled,2025-10-07 11:44:17 +0100,no,GBP,19,2.99,3.67,21.99,,6,UK Standard,2025-10-07 00:20:41 +0100,1,Yellow Smiles Phone Case - iPhone 16 / Jelly Case,13,,KD107120,fulfilled,BradburyIsobelle,39 Ramsey Rd,39 Ramsey Rd,,Sheffield,S10 1LR,ENG,GB,+447982970664,BradburyIsobelle,39 Ramsey Rd,39 Ramsey Rd,,Sheffield,S10 1LR,ENG,GB,+447982970664,Shopify Payments,0,0,6955995496777,Low,web,0,GB VAT 20%,3.67,,r2VSS2ytOoOpvmavzZZCGu5C3,r2VSS2ytOoOpvmavzZZCGu5C3
1001280,bradburyizzy@gmail.com,,,,,,,,,,,,,,2025-10-07 00:20:41 +0100,1,Galaxy Star Glow Phone Case - iPhone 16 / Jelly Case,12,,,fulfilled,,,,,,,,,,,,,,,,,,,,,,,,,6,,,,,
1001279,demelza@ingoldmells.org.uk,partially_refunded,2025-10-06 17:38:52 +0100,fulfilled,2025-10-07 11:03:04 +0100,yes,GBP,19,2.99,3.67,21.99,,0,UK Standard,2025-10-06 17:38:51 +0100,1,Green Wavy Check on Clear Phone Case - iPhone 12 / Premium Bumper Case,19,,KD104230,fulfilled,petersdemelza,2 Bushy Plats Close,2 Bushy Plats Close,,Ash,GU12 6GG,ENG,GB,,PetersDemelza,"2 Bushy Plats Close, Ash",2 Bushy Plats Close,Ash,Aldershot,GU12 6GG,ENG,GB,,Shopify Payments,19,0,6955393352009,Low,web,0,GB VAT 20%,3.67,,rawR8OeSVwO6BUVvRB1AYNyYc,rawR8OeSVwO6BUVvRB1AYNyYc + z840tEm23d04KF0TMDIPC1zx6
1001278,lucyspruce@outlook.com,paid,2025-10-05 11:48:10 +0100,fulfilled,2025-10-06 13:21:44 +0100,no,GBP,16.5,2.99,3.25,19.49,,4.5,UK Standard,2025-10-05 11:48:09 +0100,1,Stylish Clear Protective Phone Case - iPhone 15 / Premium Bumper Case,12,19,KD116636,fulfilled,SpruceLucy,4 Nashes Green,4 Nashes Green,,Herriard,RG25 2PE,ENG,GB,,SpruceLucy,4 Nashes Green,4 Nashes Green,,Herriard,RG25 2PE,ENG,GB,,Shopify Payments,0,0,6952648016201,Low,web,0,GB VAT 20%,3.25,,r17mnI14N5gT9HeoKBWmRrar5,r17mnI14N5gT9HeoKBWmRrar5
1001278,lucyspruce@outlook.com,,,,,,,,,,,,,,2025-10-05 11:48:09 +0100,1,Transparent 9H Premium Tempered Glass Pro Screen Protector For iPhone - iPhone 15,9,10,KD116527,fulfilled,,,,,,,,,,,,,,,,,,,,,,,,,4.5,,,,,
1001277,xmasturaa@gmail.com,paid,2025-10-04 02:29:37 +0100,fulfilled,2025-10-06 12:09:15 +0100,yes,GBP,20.03,11.87,0,31.9,,0,International Delivery,2025-10-04 02:29:36 +0100,1,Polka Dot with Love in Black Phone Case - iPhone 16 Pro / Premium Bumper Case,20.03,,KD102651,fulfilled,ZamanMastura,"32-25 69th St, Apt 2H",32-25 69th St,Apt 2H,Woodside,11377,NY,US,,ZamanMastura,31-11 58th St,31-11 58th St,,Woodside,11377,NY,US,,Shopify Payments,0,0,6950128124233,Low,web,0,,,,rwfdYR14B9OjEpWgMCRNKkMED,rwfdYR14B9OjEpWgMCRNKkMED
1001276,ameliat62@outlook.com,paid,2025-10-02 08:00:57 +0100,fulfilled,2025-10-02 09:55:01 +0100,yes,GBP,19,2.99,3.67,21.99,,0,UK Standard,2025-10-02 08:00:57 +0100,1,Stylish Black Superstars Phone Case - iPhone 14 Pro / Premium Bumper Case,19,,KD103136,fulfilled,tayloramelia,46,46,,Bromley,BR2 0TW,ENG,GB,+447702289002,tayloramelia,46 Pickhurst Park,46 Pickhurst Park,,Bromley,BR2 0TW,ENG,GB,+447702289002,Shopify Payments,0,0,6946332442953,Low,web,0,GB VAT 20%,3.67,,rMjz7ydn4UVebkqJeeJtaPxtU,rMjz7ydn4UVebkqJeeJtaPxtU
1001275,aeyeongk@gmail.com,paid,2025-09-29 14:47:31 +0100,fulfilled,2025-09-29 15:18:00 +0100,yes,GBP,16.15,2.99,3.19,19.14,HELLOKODDY15,21.85,UK Standard,2025-09-29 14:47:30 +0100,1,Bluebell Flower Phone Case - iPhone 16 Pro / Premium Bumper Case,19,,KD109608,fulfilled,KIMAeyeong,44 Foxhills,44 Foxhills,,Woking,GU21 3LT,ENG,GB,,KimAeyeong,44 Foxhills,44 Foxhills,,Woking,GU21 3LT,ENG,GB,,Shopify Payments,0,0,6929754423625,Low,web,19,GB VAT 20%,3.19,,rLdVFWganBcXbU2WcIGRaPg0O,rLdVFWganBcXbU2WcIGRaPg0O
1001275,aeyeongk@gmail.com,,,,,,,,,,,,,,2025-09-29 14:47:30 +0100,1,Burgundy Lace Phone Case - iPhone 16 Pro / Premium Bumper Case,19,,KD101887,fulfilled,,,,,,,,,,,,,,,,,,,,,,,,,0,,,,,
1001274,bethandavies11@outlook.com,paid,2025-09-28 18:16:20 +0100,fulfilled,2025-09-29 11:59:42 +0100,yes,GBP,16.15,2.99,3.19,19.14,HELLOKODDY15,11.85,UK Standard,2025-09-28 18:16:19 +0100,1,Transparent 9H Premium Tempered Glass Pro Screen Protector For iPhone - iPhone 16,9,10,KD116525,fulfilled,DaviesBethan,"3 Richards Street, Flat 2",3 Richards Street,Flat 2,Cardiff,CF24 4DA,WLS,GB,,DaviesBethan,"3 Richards Street, Flat 2",3 Richards Street,Flat 2,Cardiff,CF24 4DA,WLS,GB,,Shopify Payments,0,0,6928253714761,Low,web,9,GB VAT 20%,3.19,,rS38etezQot5iIz5wGv7l8eyg,rd4shnD0xDh9AKBwAq6sMDkcn + rhs6wkQaNRTwlXfhtrHKFIhZx + r8f2tPPtEWwJMDzkxLcjqKB8R + rS38etezQot5iIz5wGv7l8eyg
1001274,bethandavies11@outlook.com,,,,,,,,,,,,,,2025-09-28 18:16:19 +0100,1,Colourful Daisy Phone Case - iPhone 16 / Premium Bumper Case,19,,KD101398,fulfilled,,,,,,,,,,,,,,,,,,,,,,,,,0,,,,,
1001273,kimmyhewitt@live.co.uk,paid,2025-09-28 11:32:09 +0100,fulfilled,2025-09-29 11:47:42 +0100,yes,GBP,19,2.99,3.67,21.99,,0,UK Standard,2025-09-28 11:32:08 +0100,1,Autumn Flowers Phone Case - iPhone 13 Pro Max / Premium Bumper Case,19,,KD116136,fulfilled,HewittKim,45 Sheppard Road balby,45 Sheppard Road balby,,Doncaster,DN4 8EH,ENG,GB,,HewittKim,45 Sheppard Road balby,45 Sheppard Road balby,,Doncaster,DN4 8EH,ENG,GB,,Shopify Payments,0,0,6927369830729,Low,web,0,GB VAT 20%,3.67,,rhsW7tVYLsu7FyZc9uiOIoYhc,rhsW7tVYLsu7FyZc9uiOIoYhc
1001272,lilyh.9782@gmail.com,paid,2025-09-27 15:08:34 +0100,fulfilled,2025-09-29 11:40:02 +0100,yes,GBP,13,2.99,2.67,15.99,,13,UK Standard,2025-09-27 15:08:33 +0100,1,Blue Heart Balloons Phone Case - iPhone 16 / Jelly Case,13,,KD109064,fulfilled,HamiltonLily,16 Willow Sage Court,16 Willow Sage Court,,Stockton-on-tees,TS18 3UQ,ENG,GB,+447737816324,HamiltonLily,16 Willow Sage Court,16 Willow Sage Court,,Stockton-on-tees,TS18 3UQ,ENG,GB,+447737816324,Shopify Payments,0,0,6925950812489,Low,web,13,GB VAT 20%,2.67,,rjO2dFHWTjo0rVAcHeP4Re2fi,rjO2dFHWTjo0rVAcHeP4Re2fi
1001272,lilyh.9782@gmail.com,,,,,,,,,,,,,,2025-09-27 15:08:33 +0100,1,Mini Fruit Jam Phone Case - iPhone 16 / Jelly Case,13,,KD109928,fulfilled,,,,,,,,,,,,,,,,,,,,,,,,,0,,,,,
1001271,,paid,2025-09-27 10:48:06 +0100,fulfilled,2025-09-29 11:22:30 +0100,no,GBP,19,2.99,3.67,21.99,,0,UK Standard,2025-09-27 10:48:06 +0100,1,Vine Tomatoes Phone Case - iPhone 14 / Premium Bumper Case,19,,KD109791,fulfilled,HodkinsonPhoebe,138 chadderton park road,138 chadderton park road,,oldham,OL9 0QT,ENG,GB,,hodkinsonphoebe,"138 Chadderton Park Road, Chadderton",138 Chadderton Park Road,Chadderton,Oldham,OL9 0QT,ENG,GB,,Shopify Payments,0,0,6925416464713,Low,web,0,GB VAT 20%,3.67,+447399085546,rOfeo6tMGNo3lxzGYoDgGWo6P,rOfeo6tMGNo3lxzGYoDgGWo6P
1001270,gallagherl1229@gmail.com,paid,2025-09-24 16:36:53 +0100,fulfilled,2025-09-24 17:16:10 +0100,yes,GBP,13,2.99,2.67,15.99,,13,UK Standard,2025-09-24 16:36:53 +0100,1,Clear Phone Case - iPhone 16 Pro / Jelly Case,13,,KD116626,fulfilled,GallagherLauren,48 Seventh Ave,48 Seventh Ave,,Blyth,NE24 2TB,ENG,GB,,FlahertyLiam,48 seventh avenue,48 seventh avenue,,Blyth,NE24 2TB,ENG,GB,+447914675746,Shopify Payments,0,0,6915590521161,Low,web,13,GB VAT 20%,2.67,,rVlWINzeCgcC644LfydLfjuf5,rMaw0z22vfGIQ4bnP7sKPf5dZ + rM23i6uG6vy4znTUviCNs0Xc3 + rLldPUuCluPczhDfnluoGGzqc + rVlWINzeCgcC644LfydLfjuf5
1001270,gallagherl1229@gmail.com,,,,,,,,,,,,,,2025-09-24 16:36:53 +0100,1,Purple Ribbon Football Gifts Phone Case - iPhone 13 / Jelly Case,13,,KD103331,fulfilled,,,,,,,,,,,,,,,,,,,,,,,,,0,,,,,
1001269,lg101@hotmail.co.uk,paid,2025-09-20 21:51:11 +0100,fulfilled,2025-09-21 16:00:10 +0100,yes,GBP,19.55,2.99,3.76,22.54,HELLOKODDY15,26.45,UK Standard,2025-09-20 21:51:10 +0100,1,Christmas Tree Phone Case - iPhone 15 Pro / Premium Bumper MagSafe Case,23,,KD108055,fulfilled,ColdwellLorna,"The Chimes, Park Lane",The Chimes,Park Lane,High Wycombe,HP14 3LB,ENG,GB,,ColdwellLorna,"The Chimes, Park Lane",The Chimes,Park Lane,High Wycombe,HP14 3LB,ENG,GB,,Shopify Payments,0,0,6899835142473,Low,web,23,GB VAT 20%,3.76,,rhmBDG5vdcetSwWli3HtBwmli,rhmBDG5vdcetSwWli3HtBwmli
1001269,lg101@hotmail.co.uk,,,,,,,,,,,,,,2025-09-20 21:51:10 +0100,1,White Christmas Phone Case - iPhone 15 Pro / Premium Bumper MagSafe Case,23,,KD108271,fulfilled,,,,,,,,,,,,,,,,,,,,,,,,,0,,,,,
1001268,lod2712@gmail.com,paid,2025-09-19 16:32:59 +0100,fulfilled,2025-09-19 17:56:11 +0100,yes,GBP,26,0,4.34,26,,26,UK Standard,2025-09-19 16:32:58 +0100,1,Wild Flowers Phone Case - iPhone 16 / Jelly Case,13,,KD104840,fulfilled,O'DonnellLorna,"67 Portree Avenue, Broughty Ferry",67 Portree Avenue,Broughty Ferry,Dundee,DD5 3EG,SCT,GB,+447787737029,O'DonnellLorna,"67 Portree Avenue, Broughty Ferry",67 Portree Avenue,Broughty Ferry,Dundee,DD5 3EG,SCT,GB,7787737029,Shopify Payments,0,0,6897925849417,Low,web,13,GB VAT 20%,4.34,,rqgJAgg6aAYxWfciLSGPk3YyO,rqgJAgg6aAYxWfciLSGPk3YyO
1001268,lod2712@gmail.com,,,,,,,,,,,,,,2025-09-19 16:32:58 +0100,1,Daisy Dreams Phone Case - iPhone 15 / Jelly Case,13,,KD104358,fulfilled,,,,,,,,,,,,,,,,,,,,,,,,,13,,,,,
1001268,lod2712@gmail.com,,,,,,,,,,,,,,2025-09-19 16:32:58 +0100,1,Christmas Tree Phone Case - iPhone 16 / Jelly Case,13,,KD108038,fulfilled,,,,,,,,,,,,,,,,,,,,,,,,,0,,,,,
1001268,lod2712@gmail.com,,,,,,,,,,,,,,2025-09-19 16:32:58 +0100,1,Christmas Bears Phone Case - iPhone 15 / Jelly Case,13,,KD108104,fulfilled,,,,,,,,,,,,,,,,,,,,,,,,,0,,,,,
1001267,beccamarsmith1999@gmail.com,paid,2025-09-14 20:06:14 +0100,fulfilled,2025-09-15 12:43:32 +0100,yes,GBP,19.55,2.99,3.76,22.54,HELLOKODDY15,26.45,UK Standard,2025-09-14 20:06:14 +0100,1,Indigo Lace Phone Case - iPhone 16 / Premium Bumper MagSafe Case,23,,KD112253,fulfilled,SmithRebecca,6 Pasture Way,6 Pasture Way,,Leeds,LS25 6LQ,ENG,GB,,SmithRebecca,"Flyboat House, 73",Flyboat House,73,Leeds,LS10 1JJ,ENG,GB,7301571908,Shopify Payments,0,0,6878200529225,Low,web,23,GB VAT 20%,3.76,,reHhHA7aypU9pGKaUO86sij22,r1jkFlWJ2rghPKNxyW67ea9ml + reHhHA7aypU9pGKaUO86sij22
1001267,beccamarsmith1999@gmail.com,,,,,,,,,,,,,,2025-09-14 20:06:14 +0100,1,Pink Smiles Phone Case - iPhone 16 / Premium Bumper MagSafe Case,23,,KD107176,fulfilled,,,,,,,,,,,,,,,,,,,,,,,,,0,,,,,
1001266,skglynn@hotmail.co.uk,paid,2025-09-13 19:05:00 +0100,fulfilled,2025-09-15 11:44:31 +0100,yes,GBP,13,2.99,2.67,15.99,,13,UK Standard,2025-09-13 19:04:59 +0100,1,Meow High-Five Phone Case - iPhone 15 / Jelly Case,13,,KD109238,fulfilled,GlynnSarah,"17 Wesley Street, Royton",17 Wesley Street,Royton,Oldham,OL2 6ES,ENG,GB,,GlynnSarah,"17 Wesley Street, Royton",17 Wesley Street,Royton,Oldham,OL2 6ES,ENG,GB,,Shopify Payments,0,0,6876691267913,Low,web,13,GB VAT 20%,2.67,,rfJMTrSQeZXF9fcYWltgyl8Qw,rfJMTrSQeZXF9fcYWltgyl8Qw
1001266,skglynn@hotmail.co.uk,,,,,,,,,,,,,,2025-09-13 19:04:59 +0100,1,Indigo Lace Phone Case - iPhone 15 / Jelly Case,13,,KD112263,fulfilled,,,,,,,,,,,,,,,,,,,,,,,,,0,,,,,
1001265,laurabush701@hotmail.com,paid,2025-09-12 09:07:41 +0100,fulfilled,2025-09-12 13:24:04 +0100,yes,GBP,13,2.99,2.67,15.99,,13,UK Standard,2025-09-12 09:07:41 +0100,1,Mini Blue Bubble Hearts Phone Case - iPhone 14 / Jelly Case,13,,KD110870,fulfilled,WedlockLaura,"11 Ladymead, Portishead",11 Ladymead,Portishead,Bristol,BS20 7LJ,ENG,GB,,WedlockLaura,11 ladymead,11 ladymead,,"Portishead, North Somerset",BS20 7LJ,ENG,GB,,Shopify Payments,0,0,6874465272137,Low,web,13,GB VAT 20%,2.67,,rG7qmopKZDzfrPa9u7GrE90Ql,rG7qmopKZDzfrPa9u7GrE90Ql
1001265,laurabush701@hotmail.com,,,,,,,,,,,,,,2025-09-12 09:07:41 +0100,1,White Slim Hard Phone Case (>£200 multi-buy 50% sale) - iPhone 13 / 14,13,18,KD116619,fulfilled,,,,,,,,,,,,,,,,,,,,,,,,,0,,,,,
1001264,sappelbe09@gmail.com,paid,2025-09-11 20:26:35 +0100,fulfilled,2025-09-12 12:08:30 +0100,yes,GBP,19,2.99,3.67,21.99,,19,UK Standard,2025-09-11 20:26:34 +0100,1,Indigo Lace Phone Case - iPhone 13 / Premium Bumper Case,19,,KD112288,fulfilled,AppelbeShirley,33 Sisman Place,33 Sisman Place,,Falkirk,FK5 4XJ,SCT,GB,,AppelbeShirley,33 Sisman Place,33 Sisman Place,,Larbert,FK5 4XJ,SCT,GB,,Shopify Payments,0,0,6874007339337,Low,web,19,GB VAT 20%,3.67,,rAoqVpHHR9edUXTMo8eppSPB8,rAoqVpHHR9edUXTMo8eppSPB8
1001264,sappelbe09@gmail.com,,,,,,,,,,,,,,2025-09-11 20:26:34 +0100,1,Autumn Flowers Phone Case - iPhone 13 / Premium Bumper Case,19,,KD116130,fulfilled,,,,,,,,,,,,,,,,,,,,,,,,,0,,,,,
1001263,Jaycie.w@icloud.com,refunded,2025-09-10 17:32:58 +0100,unfulfilled,,yes,GBP,13,4.99,3,17.99,,0,UK EXPRESS,2025-09-10 17:32:57 +0100,1,Good Luck Clover Phone Case - iPhone 16 Plus / Jelly Case,13,,KD112040,pending,WisemanJaycie,"Scott Lidgett Crescent, Flat 6 Havisham House",Scott Lidgett Crescent,Flat 6 Havisham House,London,SE16 4UY,ENG,GB,,WisemanJaycie,"Flat 6 havisham house, Scott lidgett crescent",Flat 6 havisham house,Scott lidgett crescent,London,SE16 4UY,ENG,GB,7305063172,Shopify Payments,17.99,0,6872375951689,Low,web,0,GB VAT 20%,3,,rRoafDeehQaaDdiQNTFETh5yO,rRoafDeehQaaDdiQNTFETh5yO + 1001263.2
1001262,benjamin.wilkinson@mac.com,paid,2025-09-10 17:13:21 +0100,fulfilled,2025-09-11 10:42:49 +0100,yes,GBP,7,2.99,1.67,9.99,,0,UK Standard,2025-09-10 17:13:21 +0100,1,Cherry Blossom Phone Grip - Basic Phone Grip,7,,,fulfilled,WilkinsonBen,"Red Croft, Hedgerley Lane","Red Croft, Hedgerley Lane",,Beaconsfield,HP9 2JP,ENG,GB,+447950415872,WilkinsonBen,"Red Croft, Hedgerley Lane","Red Croft, Hedgerley Lane",,Beaconsfield,HP9 2JP,ENG,GB,+447950415872,Shopify Payments,0,0,6872348852553,Low,web,0,GB VAT 20%,1.67,,r0UgIXl6o4PjJeRb4kcb6HBGi,rq6exy0sxXK6wauAovddNJMfl + r0UgIXl6o4PjJeRb4kcb6HBGi
1001261,lauren.wright1@hotmail.co.uk,paid,2025-09-10 14:18:04 +0100,fulfilled,2025-09-10 14:38:32 +0100,no,GBP,11.9,4.99,2.81,16.89,HELLOKODDY15,2.1,UK EXPRESS,2025-09-10 14:18:04 +0100,1,Indigo Lace Phone Grip - Pink Magnetic Phone Grip,14,,KD105715,fulfilled,wrightlauren,"13 D westwood park, forest hill",13 D westwood park,forest hill,London,SE23 3QB,ENG,GB,,WrightLauren,"428 Antigallican, Woolwich Road, Flat 309","428 Antigallican, Woolwich Road",Flat 309,"Greenwich, London",SE7 8SU,ENG,GB,,Shopify Payments,0,0,6872096473417,Low,web,0,GB VAT 20%,2.81,+447816187939,rqttdHuzSrLTkR6IUen5l0yQo,rqttdHuzSrLTkR6IUen5l0yQo
1001260,agawoz1975@o2.pl,paid,2025-09-10 07:44:44 +0100,fulfilled,2025-09-10 11:59:12 +0100,yes,GBP,19,2.99,3.67,21.99,,19,UK Standard,2025-09-10 07:44:43 +0100,1,KODDY's Cute Grey Cat Lavender Coffee Phone Case - iPhone 15 / Premium Bumper Case,19,,KD115890,fulfilled,HaratymAgnieszka,36 St. Davids crescent,36 St. Davids crescent,,Bristol,BS4 4BU,ENG,GB,,HaratymAgnieszka,36 St Davids Crescent,36 St Davids Crescent,,Bristol,BS4 4BU,ENG,GB,,Shopify Payments,0,0,6871546003785,Low,web,19,GB VAT 20%,3.67,,rFpauAfwUaZXGPbhlYrqId7ky,rFpauAfwUaZXGPbhlYrqId7ky
1001260,agawoz1975@o2.pl,,,,,,,,,,,,,,2025-09-10 07:44:43 +0100,1,Indigo Lace Phone Case - iPhone 15 / Premium Bumper Case,19,,KD112264,fulfilled,,,,,,,,,,,,,,,,,,,,,,,,,0,,,,,
1001259,saradawson@outlook.com,paid,2025-09-08 14:57:12 +0100,fulfilled,2025-09-08 15:18:41 +0100,yes,GBP,13,2.99,2.67,15.99,,13,UK Standard,2025-09-08 14:57:11 +0100,1,Oil Painted Hearts Phone Case - iPhone 16 Pro Max / Jelly Case,13,,KD100970,fulfilled,DawsonSara,"Flat 1, 17 Ashley Road",Flat 1,17 Ashley Road,"WALTON-ON-THAMES, Surrey",KT12 1JA,ENG,GB,+447910839533,DawsonSara,"Flat 1, 17 Ashley Road",Flat 1,17 Ashley Road,"WALTON-ON-THAMES, Surrey",KT12 1JA,ENG,GB,+447910839533,Shopify Payments,0,0,6869094695241,Low,web,13,GB VAT 20%,2.67,,rnDkSAIhcyWHOKETB2xfOMChE,rnDkSAIhcyWHOKETB2xfOMChE
1001259,saradawson@outlook.com,,,,,,,,,,,,,,2025-09-08 14:57:11 +0100,1,Secret Flower Garden Phone Case - iPhone 16 Pro Max / Jelly Case,13,,KD102980,fulfilled,,,,,,,,,,,,,,,,,,,,,,,,,0,,,,,
1001258,alexoxo@live.com.au,paid,2025-09-06 23:22:10 +0100,fulfilled,2025-09-08 11:33:28 +0100,no,GBP,20.21,11.65,0,31.86,HELLOKODDY15,27.35,International Delivery,2025-09-06 23:22:09 +0100,1,KODDY's Cute Calio Cat Flower Tea Phone Case - iPhone 13 / Premium Bumper MagSafe Case,23.78,,KD115429,fulfilled,WhiteAlexandra,unit 4/411 Church Rd,unit 4/411 Church Rd,,Templestowe,3106,VIC,AU,+61425861449,WhiteAlex,98 Brown Boulevard,98 Brown Boulevard,,Donnybrook,3064,VIC,AU,+61425861449,Shopify Payments,0,-0.01,6866450776393,Low,web,23.78,,,,rIiToztQjo9PLWWfts1hzTRNx,rIiToztQjo9PLWWfts1hzTRNx
1001258,alexoxo@live.com.au,,,,,,,,,,,,,,2025-09-06 23:22:09 +0100,1,Petite Red Bows and Snowmen Phone Case - iPhone 13 / Premium Bumper MagSafe Case,23.78,,KD107428,fulfilled,,,,,,,,,,,,,,,,,,,,,,,,,0,,,,,
1001257,bellhuang1027@gmail.com,paid,2025-09-06 20:00:14 +0100,fulfilled,2025-09-08 10:55:51 +0100,yes,GBP,13,4.99,3,17.99,,13,UK EXPRESS,2025-09-06 20:00:14 +0100,1,Meow High-Five Phone Case - iPhone 16 / Jelly Case,13,,KD109226,fulfilled,HuangBell,"Oak House, Kings Road","Oak House, Kings Road",,Ascot,SL5 0AG,ENG,GB,,HuangBell,"Oak House, Kings Road","Oak House, Kings Road",,Ascot,SL5 0AG,ENG,GB,,Shopify Payments,0,0,6866209800521,Low,web,13,GB VAT 20%,3,,ruLl6tyhi6HGHGrvYAzSvENnO,ruLl6tyhi6HGHGrvYAzSvENnO
1001257,bellhuang1027@gmail.com,,,,,,,,,,,,,,2025-09-06 20:00:14 +0100,1,Chocolate Chip Cookies with Bows Phone Case - iPhone 16 / Jelly Case,13,,KD106364,fulfilled,,,,,,,,,,,,,,,,,,,,,,,,,0,,,,,
1001256,benjamin.wilkinson@mac.com,partially_refunded,2025-09-06 13:42:53 +0100,fulfilled,2025-09-08 10:19:31 +0100,yes,GBP,14,2.99,2.83,16.99,,0,UK Standard,2025-09-06 13:42:53 +0100,1,Cherry Blossom Phone Grip - White Magnetic Phone Grip,14,,,fulfilled,WilkinsonBen,"Red Croft, Hedgerley Lane","Red Croft, Hedgerley Lane",,"Beaconsfield, South Bucks",HP9 2JP,ENG,GB,,WilkinsonBen,"Red Croft, Hedgerley Lane",Red Croft,Hedgerley Lane,Beaconsfield,HP9 2JP,ENG,GB,,Shopify Payments,14,0,6865510793545,Low,web,0,GB VAT 20%,2.83,,rdB4MXH00E48VGhvA4lta7ear,rdB4MXH00E48VGhvA4lta7ear + 1001256.2
1001255,Rose.scahill@sky.com,partially_refunded,2025-09-05 09:19:33 +0100,fulfilled,2025-09-05 10:17:38 +0100,yes,GBP,23,2.99,4.33,25.99,,23,UK Standard,2025-09-05 09:19:32 +0100,1,Autumn Flowers Phone Case - iPhone 13 / Premium Bumper MagSafe Case,23,,KD116131,fulfilled,ScahillRose,"45, Danebower Road",45,Danebower Road,Stoke-On-Trent,ST4 8TJ,ENG,GB,+447702002065,ScahillRose,"45, Danebower Road",45,Danebower Road,Stoke-On-Trent,ST4 8TJ,ENG,GB,+447702002065,Shopify Payments,23,0,6863458206025,Low,web,23,GB VAT 20%,4.33,+447702002065,r2KB0qlqziy6wYLwthD28K1ra,r2KB0qlqziy6wYLwthD28K1ra + 1001255.2
1001255,Rose.scahill@sky.com,,,,,,,,,,,,,,2025-09-05 09:19:32 +0100,1,Snowman in Red Phone Case - iPhone 13 / Premium Bumper MagSafe Case,23,,KD107860,fulfilled,,,,,,,,,,,,,,,,,,,,,,,,,0,,,+447702002065,,
1001254,cathrees@hotmail.co.uk,paid,2025-09-04 10:09:44 +0100,fulfilled,2025-09-04 10:12:16 +0100,yes,GBP,13,4.99,3,17.99,,0,UK EXPRESS,2025-09-04 10:09:43 +0100,1,White Slim Hard Phone Case (>£200 multi-buy 50% sale) - iPhone 13 / 14,13,18,KD116619,fulfilled,ReesCath,60 Crown Street,60 Crown Street,,Swansea,SA6 8BD,WLS,GB,+447817537739,ReesCath,60 Crown Street,60 Crown Street,,Swansea,SA6 8BD,WLS,GB,07817 537739,Shopify Payments,0,0,6862086930761,Low,web,0,GB VAT 20%,3,,r9DVhF0EXzLbodnPMWBX6Cp86,r9DVhF0EXzLbodnPMWBX6Cp86
1001253,ashley-odonnell@hotmail.co.uk,paid,2025-09-01 22:33:40 +0100,fulfilled,2025-09-02 10:07:01 +0100,yes,GBP,25.5,0,4.25,25.5,,6.5,UK Standard,2025-09-01 22:33:39 +0100,1,Capybara Delight Phone Case - iPhone 14 / Jelly Case,13,,KD101965,fulfilled,O’DonnellAshley,3 mill road,3 mill road,,Bothwell,G71 8DQ,SCT,GB,+447958596989,O’DonnellAshley,3 mill road,3 mill road,,Bothwell,G71 8DQ,SCT,GB,+447958596989,Shopify Payments,0,0,6858705895753,Low,web,6.5,GB VAT 20%,4.25,,rCam2MRPHbvcaON4cSqctLSe6,rCam2MRPHbvcaON4cSqctLSe6
1001253,ashley-odonnell@hotmail.co.uk,,,,,,,,,,,,,,2025-09-01 22:33:39 +0100,1,Green Ribbon Football Gifts Phone Case - iPhone 14 / Premium Bumper Case,19,,KD103428,fulfilled,,,,,,,,,,,,,,,,,,,,,,,,,0,,,,,
1001252,Missymoo.08@outlook.com,paid,2025-08-29 13:54:22 +0100,fulfilled,2025-08-29 14:12:59 +0100,yes,GBP,13,2.99,2.67,15.99,,0,UK Standard,2025-08-29 13:54:21 +0100,1,Colorful Balloon Dog Phone Case - iPhone 15 Pro / Jelly Case,13,,KD100544,fulfilled,DuttonSavanna,7 Nessina Grove,7 Nessina Grove,,Crewe,CW2 8EL,ENG,GB,,SavannaSavanna,7 Nessina Grove,7 Nessina Grove,,Crewe,CW2 8EL,ENG,GB,,Shopify Payments,0,0,6853618336073,Low,web,0,GB VAT 20%,2.67,,rTaarq9hEDZvHqS6vdnGJBsXG,rTaarq9hEDZvHqS6vdnGJBsXG
1001251,robertr62001@yahoo.co.uk,paid,2025-08-22 20:40:51 +0100,fulfilled,2025-08-26 10:48:04 +0100,yes,GBP,7,3.99,1.84,10.99,,0,UK Standard,2025-08-22 20:40:51 +0100,1,Cherry Blossom Phone Grip - Basic Phone Grip,7,,,fulfilled,MayRobert,"18 Astor Close, Addlestone",18 Astor Close,Addlestone,Addlestone,KT15 2JE,ENG,GB,,MayRobert,"18 Astor Close, Addlestone",18 Astor Close,Addlestone,ADDLESTONE,KT15 2JE,ENG,GB,,Shopify Payments,0,0,6844163326281,Low,web,0,GB VAT 20%,1.84,,rBCWDw1bAOxGb6StT4iHmIief,rBCWDw1bAOxGb6StT4iHmIief
1001250,mageeizzy.11@gmail.com,paid,2025-08-22 10:29:59 +0100,fulfilled,2025-08-22 11:56:11 +0100,yes,GBP,20.7,3.99,4.12,24.69,WELCOME10,2.3,UK Standard,2025-08-22 10:29:58 +0100,1,Colourful Polka Dot Phone Case - iPhone 15 / Premium Bumper MagSafe Case,23,,KD101245,fulfilled,MageeIzzy,"23 Ashworth Crescent, Mapperley",23 Ashworth Crescent,Mapperley,NOTTINGHAM,NG3 6EZ,ENG,GB,,MageeIzzy,23 Ashworth Crescent,23 Ashworth Crescent,,Nottingham,NG3 6BX,ENG,GB,,Shopify Payments,0,0,6843374338377,Low,web,0,GB VAT 20%,4.12,,rlag7F49bVkDdACpGgenxwITi,rlag7F49bVkDdACpGgenxwITi
1001249,meelibowen1@gmail.com,paid,2025-08-21 23:52:00 +0100,fulfilled,2025-08-22 10:12:49 +0100,no,GBP,20.7,5.99,4.45,26.69,WELCOME10,2.3,UK EXPRESS,2025-08-21 23:52:00 +0100,1,Strawberry Shortcakes with Bows Phone Case - iPhone 16 Plus / Premium Bumper MagSafe Case,23,,KD106534,fulfilled,BowenRachel,"57 Long Line, South Yorkshire",57 Long Line,South Yorkshire,Sheffield,S11 7TX,ENG,GB,+447731694982,BowenMeeli,"57 Long Line, South Yorkshire",57 Long Line,South Yorkshire,Sheffield,S11 7TX,ENG,GB,+447731694982,Shopify Payments,0,0,6843006550345,Low,web,0,GB VAT 20%,4.45,,rOvosj3AXUH8ubahNXM060yai,rOvosj3AXUH8ubahNXM060yai
1001248,lilaclady13@aol.com,paid,2025-08-18 22:08:58 +0100,fulfilled,2025-08-19 11:38:16 +0100,yes,GBP,26,0,4.34,26,,7,UK Standard,2025-08-18 22:08:58 +0100,1,Blue Dream Cushion Phone Case - iPhone 14 Plus / Jelly Case,13,,JIM00441002,fulfilled,jonesjenna,"28, Beaconing Drive",28,Beaconing Drive,Milford haven,SA73 1HF,WLS,GB,+447891882426,jonesjenna,"28, Beaconing Drive",28,Beaconing Drive,Milford haven,SA73 1HF,WLS,GB,+447891882426,PayPal Express Checkout,0,0,6838794355017,Low,web,0,GB VAT 20%,4.34,,rearQY5zsjRQ8UIFFRLqYELlE,rearQY5zsjRQ8UIFFRLqYELlE
1001248,lilaclady13@aol.com,,,,,,,,,,,,,,2025-08-18 22:08:58 +0100,1,Baby Pink Ribbon Bows Phone Case - iPhone 14 Plus / Jelly Case,13,,JIM00440354,fulfilled,,,,,,,,,,,,,,,,,,,,,,,,,0,,,,,
1001248,lilaclady13@aol.com,,,,,,,,,,,,,,2025-08-18 22:08:58 +0100,1,Pink Ribbon Phone Grip - Basic Phone Grip,7,,5.07E+12,fulfilled,,,,,,,,,,,,,,,,,,,,,,,,,7,,,,,
1001247,,paid,2025-08-18 15:58:39 +0100,fulfilled,2025-08-18 16:18:30 +0100,no,GBP,17.1,3.99,3.52,21.09,WELCOME10,1.9,UK Standard,2025-08-18 15:58:39 +0100,1,Mini Tulip Phone Case - iPhone 15 / Premium Bumper Case,19,,JIM00445642,fulfilled,MageeIzzy,"23 Ashworth Crescent, Mapperley",23 Ashworth Crescent,Mapperley,NOTTINGHAM,NG3 6EZ,ENG,GB,,MageeIzzy,23 Ashworth Crescent,23 Ashworth Crescent,,Nottingham,NG3 6BX,ENG,GB,,Shopify Payments,0,0,6838301098313,Low,web,0,GB VAT 20%,3.52,+447949641579,rBmSgdQ8G72PyHNoYLIP3cA24,rBmSgdQ8G72PyHNoYLIP3cA24
1001246,niamh.rogers@icloud.com,paid,2025-08-18 01:50:56 +0100,fulfilled,2025-08-18 12:13:26 +0100,yes,GBP,19.5,3.99,3.92,23.49,,6.5,UK Standard,2025-08-18 01:50:55 +0100,1,Blue Marble Phone Case - iPhone 16 / Jelly Case,13,,,fulfilled,rogersniamh,41 Garland Ave,41 Garland Ave,,Belfast,BT8 6YH,NIR,GB,,rogersniamh,41 Garland Ave,41 Garland Ave,,Belfast,BT8 6YH,NIR,GB,,Shopify Payments,0,0,6837524496713,Low,web,6.5,GB VAT 20%,3.92,,raKwFgLczkzQYnBTLOuB0LCPM,raKwFgLczkzQYnBTLOuB0LCPM
1001246,niamh.rogers@icloud.com,,,,,,,,,,,,,,2025-08-18 01:50:55 +0100,1,Bluebell Flower Phone Case - iPhone 16 / Jelly Case,13,,JIM00441512,fulfilled,,,,,,,,,,,,,,,,,,,,,,,,,0,,,,,
1001245,vickysills82@gmail.com,paid,2025-08-16 08:02:48 +0100,fulfilled,2025-08-18 11:21:11 +0100,yes,GBP,28.5,0,4.75,28.5,,9.5,UK Standard,2025-08-16 08:02:48 +0100,1,Small Banana Phone Case - iPhone 16 / Premium Bumper Case,19,,JIM00440217,fulfilled,WhorlowVictoria,71 Duncan Road,71 Duncan Road,,Southsea,PO5 2QU,ENG,GB,,SillsVictoria,71 Duncan Road,71 Duncan Road,,Southsea,PO5 2QU,ENG,GB,7971397129,Shopify Payments,0,0,6834701435209,Low,web,9.5,GB VAT 20%,4.75,,rZZuy1ac7GpBJ3jE34hBe1uhO,rZZuy1ac7GpBJ3jE34hBe1uhO
1001245,vickysills82@gmail.com,,,,,,,,,,,,,,2025-08-16 08:02:48 +0100,1,Petite Navy Bows Phone Case - iPhone 16 / Premium Bumper Case,19,,,fulfilled,,,,,,,,,,,,,,,,,,,,,,,,,0,,,,,
1001244,pineapplediy10@gmail.com,paid,2025-08-15 15:07:25 +0100,fulfilled,2025-08-15 15:15:50 +0100,no,GBP,13,3.99,2.84,16.99,,0,UK Standard,2025-08-15 15:07:25 +0100,1,Petite Navy Bows Phone Case - iPhone 13 / Jelly Case,13,,,fulfilled,AdamsonIvanna,10 Almond Street,10 Almond Street,,Bolton,BL1 8QD,ENG,GB,,AdamsonIvanna,10 Almond Street,10 Almond Street,,Bolton,BL1 8QD,ENG,GB,,Shopify Payments,0,0,6833526538569,Low,web,0,GB VAT 20%,2.84,,rmisrgXGSmjUyJ58nqLqspQz7,rmisrgXGSmjUyJ58nqLqspQz7
1001243,paulsbird@hotmail.co.uk,paid,2025-08-12 00:26:16 +0100,fulfilled,2025-08-12 10:22:34 +0100,yes,GBP,14,3.99,3,17.99,,0,UK Standard,2025-08-12 00:26:16 +0100,1,Amethyst Gemstone Phone Grip - Pink Magnetic Phone Grip,14,,JIM00450371,fulfilled,GumersellLISA,"Apartment 8 velvet Mills, Lilycroft Road",Apartment 8 velvet Mills,Lilycroft Road,Bradford,BD9 5BQ,ENG,GB,+447542804351,GumersellLISA,"Apartment 8 velvet Mills, Lilycroft Road",Apartment 8 velvet Mills,Lilycroft Road,Bradford,BD9 5BQ,ENG,GB,+447542804351,Shopify Payments,0,0,6828584272201,Low,web,0,GB VAT 20%,3,,rlNz1WROEgKtD2c3UbpcZTSnm,rlNz1WROEgKtD2c3UbpcZTSnm
1001242,,paid,2025-08-10 22:11:53 +0100,fulfilled,2025-08-11 10:48:49 +0100,no,GBP,34.2,0,5.7,34.2,WELCOME10,22.8,UK Standard,2025-08-10 22:11:52 +0100,1,Meow High-Five Phone Case - iPhone 16 Pro / Premium Bumper Case,19,,JIM00444985,fulfilled,Ahwere-BafoJasmine,"Pandora, Ferry Avenue","Pandora, Ferry Avenue",,Staines-upon-Thames,TW18 3LP,ENG,GB,,Ahwere-BafoJasmine,"Pandora, Ferry Avenue","Pandora, Ferry Avenue",,Staines-upon-Thames,TW18 3LP,ENG,GB,,Klarna,0,0,6827092738377,Low,web,19,GB VAT 20%,5.7,+447447288138,rLN63XYz4whY72YqVF8CeefvQ,rLN63XYz4whY72YqVF8CeefvQ
1001242,,,,,,,,,,,,,,,2025-08-10 22:11:52 +0100,1,Pink Dream Cushion Phone Case - iPhone 16 Pro / Premium Bumper Case,19,,JIM00446231,fulfilled,,,,,,,,,,,,,,,,,,,,,,,,,0,,,+447447288138,,
1001242,,,,,,,,,,,,,,,2025-08-10 22:11:52 +0100,1,Indigo Lace Phone Case - iPhone 16 Pro / Premium Bumper Case,19,,JIM00443869,fulfilled,,,,,,,,,,,,,,,,,,,,,,,,,0,,,+447447288138,,
1001241,macymartin13@hotmail.com,paid,2025-08-10 18:25:37 +0100,fulfilled,2025-08-11 10:09:46 +0100,yes,GBP,14.85,3.99,3.15,18.84,WELCOME10,7.15,UK Standard,2025-08-10 18:25:36 +0100,1,Fruit Jam Phone Case - iPhone 15 / Jelly Case,11,,JIM00442894,fulfilled,MartinMacy,17 Bellevue Road,17 Bellevue Road,,Southend on Sea,SS2 4JE,ENG,GB,,MartinMacy,"34, Violet Road",34,Violet Road,Southampton,SO16 3HB,ENG,GB,,Shopify Payments,0,0,6826792452425,Low,web,5.5,GB VAT 20%,3.15,,rqcutApcRw5MW55SpWFYZ4JmG,rqcutApcRw5MW55SpWFYZ4JmG
1001241,macymartin13@hotmail.com,,,,,,,,,,,,,,2025-08-10 18:25:36 +0100,1,Autumn Embrace Vine Whisper Phone Case - iPhone 15 / Jelly Case,11,,JIM00440012,fulfilled,,,,,,,,,,,,,,,,,,,,,,,,,0,,,,,
1001240,karensgreen@btinternet.com,paid,2025-08-08 18:04:42 +0100,fulfilled,2025-08-10 10:57:20 +0100,yes,GBP,20.7,3.99,4.12,24.69,WELCOME10,2.3,UK Standard,2025-08-08 18:04:42 +0100,1,Colourful Floral Phone Case - iPhone 16 / Premium Bumper MagSafe Case,23,,,fulfilled,GreenKaren,"3 Wellingtonia Gardens, Hordle",3 Wellingtonia Gardens,Hordle,Lymington,SO41 0DD,ENG,GB,+447791186338,GreenKaren,"3 Wellingtonia Gardens, Hordle",3 Wellingtonia Gardens,Hordle,Lymington,SO41 0DD,ENG,GB,+447791186338,Klarna,0,0,6824021066057,Low,web,0,GB VAT 20%,4.12,+447791186338,r5QAuHG05rpFZie6koAXy3FFI,r5QAuHG05rpFZie6koAXy3FFI
1001239,cartaxo.ilda@gmail.com,paid,2025-08-04 20:22:11 +0100,fulfilled,2025-08-05 11:14:52 +0100,no,GBP,19,2.95,3.66,21.95,,0,UK Standard,2025-08-04 20:22:10 +0100,1,Bluebell Flower Phone Case - iPhone 12 / Premium Bumper Case,19,,JIM00441558,fulfilled,GoyardIlda,70 Marville Road,70 Marville Road,,London,SW6 7BD,ENG,GB,,GoyardIlda,70 Marville Road,70 Marville Road,,London,SW6 7BD,ENG,GB,,Shopify Payments,0,0,6795439014217,Low,web,0,GB VAT 20%,3.66,,rSXKDca282hSaGrkVUKSsd5hB,rSXKDca282hSaGrkVUKSsd5hB
1001238,andys2905@gmail.com,paid,2025-08-03 08:09:28 +0100,fulfilled,2025-08-04 12:46:52 +0100,yes,GBP,9.9,2.95,2.14,12.85,WELCOME10,1.1,UK Standard,2025-08-03 08:09:27 +0100,1,Petite Navy Bows Phone Case - iPhone 13 / Jelly Case,11,,,fulfilled,StephensAndy,"32, Bull Drive",32,Bull Drive,Kesgrave,IP5 2BS,ENG,GB,,StephensAndy,32 Bull Drive,32 Bull Drive,,Ipswich,IP5 2BS,ENG,GB,,Shopify Payments,0,0,6785244594505,Low,web,0,GB VAT 20%,2.14,,rAvUtVjL19Df2PgGHZmFJJ1yu,rAvUtVjL19Df2PgGHZmFJJ1yu
1001237,taliag1982@yahoo.com,partially_refunded,2025-07-31 16:42:57 +0100,fulfilled,2025-08-01 19:05:47 +0100,yes,GBP,21.5,2.95,4.07,24.45,,4.5,UK Standard,2025-07-31 16:42:57 +0100,1,Transparent 9H Premium Tempered Glass Pro Screen Protector For iPhone - iPhone 15,9,10,JIM00448104,fulfilled,AxcellTalia,137 Parkanaur Avenue,137 Parkanaur Avenue,,Southend-on-Sea,SS1 3JD,ENG,GB,,AxcellTalia,137 Parkanaur Avenue,137 Parkanaur Avenue,,Southend-on-Sea,SS1 3JD,ENG,GB,,Shopify Payments,21.5,0,6778067353929,Low,web,4.5,GB VAT 20%,4.07,,roX98jh8ENdu8A58APXGrznyq,roX98jh8ENdu8A58APXGrznyq + 1001237.2
1001237,taliag1982@yahoo.com,,,,,,,,,,,,,,2025-07-31 16:42:57 +0100,1,Clear Phone Case - iPhone 15 / Premium Bumper Case,17,,JIM00448061,fulfilled,,,,,,,,,,,,,,,,,,,,,,,,,0,,,,,
1001236,owbeone@outlook.com,paid,2025-07-31 12:56:12 +0100,fulfilled,2025-08-01 19:05:20 +0100,no,GBP,14,2.95,2.82,16.95,,0,UK Standard,2025-07-31 12:56:11 +0100,1,Chill Face Daisy Phone Grip - White Magnetic Phone Grip,14,,,fulfilled,HopkinsOwen,"Flat 3201, 68 Manilla Street",Flat 3201,68 Manilla Street,London,E14 8QW,ENG,GB,,HopkinsOwen,"Flat 3201, 68 Manilla Street",Flat 3201,68 Manilla Street,London,E14 8QW,ENG,GB,,Shopify Payments,0,0,6777341378889,Low,web,0,GB VAT 20%,2.82,,rpRfN9zaQrngc0kH8JdYZ9ww4,rpRfN9zaQrngc0kH8JdYZ9ww4
1001235,paigekay1096@gmail.com,paid,2025-07-30 22:28:41 +0100,fulfilled,2025-08-01 19:04:54 +0100,yes,GBP,11,2.95,2.32,13.95,,0,UK Standard,2025-07-30 22:28:40 +0100,1,Capybara Delight Phone Case - iPhone 15 Pro / Jelly Case,11,,,fulfilled,KayPaige,"52 Reform Street, Crowland",52 Reform Street,Crowland,Peterborough,PE6 0AN,ENG,GB,7368218741,KayPaige,"52 Reform Street, Crowland",52 Reform Street,Crowland,Peterborough,PE6 0AN,ENG,GB,7368218741,Shopify Payments,0,0,6776474861897,Low,web,0,GB VAT 20%,2.32,,ra7Jg3iTsCIzvRiTujytw1WDG,ra7Jg3iTsCIzvRiTujytw1WDG
1001234,bethanyduke@aol.com,paid,2025-07-30 22:11:58 +0100,fulfilled,2025-08-01 19:04:19 +0100,yes,GBP,21,2.95,3.99,23.95,,7,UK Standard,2025-07-30 22:11:58 +0100,1,Daisy Smile Phone Grip - Black Magnetic Phone Grip,14,,,fulfilled,DukeBeth,"Ground Floor Flat, 109 Oldfield Road",Ground Floor Flat,109 Oldfield Road,London,NW10 9UT,ENG,GB,,DukeBeth,Flat 3201  68 Manilla Street,Flat 3201  68 Manilla Street,,London,E14 8QW,ENG,GB,7851038759,Shopify Payments,0,0,6776455364937,Low,web,7,GB VAT 20%,3.99,,rRqOgY342fErnQ3xgH0blxNaY,rRqOgY342fErnQ3xgH0blxNaY
1001234,bethanyduke@aol.com,,,,,,,,,,,,,,2025-07-30 22:11:58 +0100,1,Yellow Smile Phone Grip - Pink Magnetic Phone Grip,14,,,fulfilled,,,,,,,,,,,,,,,,,,,,,,,,,0,,,,,
1001233,agusgargam@gmail.com,paid,2025-07-30 15:07:47 +0100,fulfilled,2025-08-01 19:03:33 +0100,yes,GBP,20.7,2.95,3.94,23.65,WELCOME10,2.3,UK Standard,2025-07-30 15:07:47 +0100,1,Colourful Daisy Phone Case - iPhone 14 / Premium Bumper MagSafe Case,23,,,fulfilled,Garcia GamboaAgustina,"Cwrt Mawr block k, flat 55, Penglais","Cwrt Mawr block k, flat 55",Penglais,Aberystwyth,SY23 3AN,WLS,GB,+447459554497,Garcia GamboaAgustina,"Cwrt Mawr block k, flat 55, Penglais","Cwrt Mawr block k, flat 55",Penglais,Aberystwyth,SY23 3AN,WLS,GB,+447459554497,Shopify Payments + PayPal Express Checkout,0,0,6775718904137,Low,web,0,GB VAT 20%,3.94,,rsPhuIIghn2zr9LSfiuovV8Yf,rn5dpmgRI5KvTiLE0BTqsnK5F + rfsORUvaRDnaGpaQ8vW0e2K8N + rsPhuIIghn2zr9LSfiuovV8Yf
1001232,karwankurdish02@gmail.com,paid,2025-07-29 11:37:15 +0100,fulfilled,2025-07-29 12:09:06 +0100,yes,GBP,11,2.95,2.32,13.95,,0,UK Standard,2025-07-29 11:37:14 +0100,1,Big Carrot Phone Case - iPhone 15 / Jelly Case,11,,,fulfilled,02karwan,232 Bowerham Road,232 Bowerham Road,,Lancaster,LA1 4JP,ENG,GB,,02karwan,232 Bowerham Road,232 Bowerham Road,,Lancaster,LA1 4JP,ENG,GB,,Shopify Payments,0,0,6772400095561,Low,web,0,GB VAT 20%,2.32,,rATKNAtYmZG6Miarb1lthYwab,rATKNAtYmZG6Miarb1lthYwab
1001231,jennylondon1122@gmail.com,paid,2025-07-28 21:19:39 +0100,fulfilled,2025-07-29 07:50:05 +0100,no,GBP,30,0,5,30,,11,UK Standard,2025-07-28 21:19:39 +0100,1,Flowers with Ribbon Bows Phone Case - iPhone 12 Pro / Premium Bumper Case,19,,,fulfilled,JiangHe,"Flat 8 Roman Apartments, 1 Silesia Buildings","Flat 8 Roman Apartments, 1 Silesia Buildings",,London,E8 3PX,ENG,GB,+447477886859,JiangHe,"Flat 8 Roman Apartments, 1 Silesia Buildings",Flat 8 Roman Apartments,1 Silesia Buildings,London,E8 3PX,ENG,GB,+447477886859,Shopify Payments,0,0,6771593773385,Low,web,0,GB VAT 20%,5,,rx9DJKF7v3vzV3MC8dZyqkIsv,rx9DJKF7v3vzV3MC8dZyqkIsv
1001231,jennylondon1122@gmail.com,,,,,,,,,,,,,,2025-07-28 21:19:39 +0100,1,Grape Jelly Phone Case - iPhone 16 Pro / Jelly Case,11,,,fulfilled,,,,,,,,,,,,,,,,,,,,,,,,,11,,,,,
1001231,jennylondon1122@gmail.com,,,,,,,,,,,,,,2025-07-28 21:19:39 +0100,1,Flowers with Ribbon Bows Phone Case - iPhone 16 Pro / Jelly Case,11,,,fulfilled,,,,,,,,,,,,,,,,,,,,,,,,,0,,,,,
1001230,sinyicindyng@outlook.com,refunded,2025-07-27 15:53:42 +0100,unfulfilled,,yes,GBP,14.85,2.95,2.97,17.8,WELCOME10,7.15,UK Standard,2025-07-27 15:53:42 +0100,1,Big Cookie Bear Phone Case - iPhone 14 / Jelly Case,11,,JIM00440510,pending,Sin YiCindy,"Room 536,201 Isledon Road, Highbury","Room 536,201 Isledon Road, Highbury",,London,N7 7JR,ENG,GB,+447462094481,Sin YiCindy,"Room 536,201 Isledon Road, Highbury","Room 536,201 Isledon Road, Highbury",,London,N7 7JR,ENG,GB,+447462094481,Shopify Payments,17.8,0,6769278386505,Low,web,5.5,GB VAT 20%,2.97,,rlmZrdIctnfaApqWleO3fT5oR,rNnd7lrWBkTEpk7v5l9glUHNq + r9yJkTIWAa9K2dYIhSZEw39qn + rlmZrdIctnfaApqWleO3fT5oR + 1001230.2
1001230,sinyicindyng@outlook.com,,,,,,,,,,,,,,2025-07-27 15:53:42 +0100,1,Big banana Phone Case - iPhone 14 / Jelly Case,11,,JIM00440240,pending,,,,,,,,,,,,,,,,,,,,,,,,,0,,,,,
1001229,amber.rose.moon1698@gmail.com,paid,2025-07-27 01:48:14 +0100,fulfilled,2025-07-28 11:40:18 +0100,yes,GBP,46,0,7.66,46,,14,UK Standard,2025-07-27 01:48:13 +0100,1,Magic 8-Ball Phone Grip - Black Magnetic Phone Grip,14,,GIM00102002,fulfilled,MoonAmber,10 Neile Close,10 Neile Close,,Lincoln,LN2 4RT,ENG,GB,,MoonAmber,10 Neile Close,10 Neile Close,,Lincoln,LN2 4RT,ENG,GB,,PayPal Express Checkout,0,0,6768339321161,Low,web,14,GB VAT 20%,7.66,,rX3nhinoUprRtRyICRacaCR9Z,rX3nhinoUprRtRyICRacaCR9Z
1001229,amber.rose.moon1698@gmail.com,,,,,,,,,,,,,,2025-07-27 01:48:13 +0100,1,Ivy Vine Phone Case - iPhone 16 Pro / Premium Bumper MagSafe Case,23,,JIM00443924,fulfilled,,,,,,,,,,,,,,,,,,,,,,,,,0,,,,,
1001229,amber.rose.moon1698@gmail.com,,,,,,,,,,,,,,2025-07-27 01:48:13 +0100,1,Solar System Planets Phone Case - iPhone 16 Pro / Premium Bumper MagSafe Case,23,,,fulfilled,,,,,,,,,,,,,,,,,,,,,,,,,0,,,,,
1001228,rosiecluskey16@gmail.com,paid,2025-07-26 11:23:30 +0100,fulfilled,2025-07-28 11:22:19 +0100,yes,GBP,9.9,2.95,2.14,12.85,WELCOME10,1.1,UK Standard,2025-07-26 11:23:30 +0100,1,Cherry Vine Tomatoes Phone Case - iPhone 14 / Jelly Case,11,,JIM00441814,fulfilled,CluskeyRosie,"The Britannia, 94 Ironmonger Row",The Britannia,94 Ironmonger Row,London,EC1V 3QR,ENG,GB,+447403711575,CluskeyRosie,"The Britannia, 94 Ironmonger Row",The Britannia,94 Ironmonger Row,London,EC1V 3QR,ENG,GB,+447403711575,Shopify Payments,0,0,6767225897289,Low,web,0,GB VAT 20%,2.14,,rOQLFPXpa15xqQ4Yh1Utvnlif,rOQLFPXpa15xqQ4Yh1Utvnlif
1001227,daisyjames1307@gmail.com,paid,2025-07-23 12:21:02 +0100,fulfilled,2025-07-23 12:27:24 +0100,yes,GBP,19,2.95,3.66,21.95,,0,UK Standard,2025-07-23 12:21:01 +0100,1,Polka Dot with Love in Black Phone Case - iPhone 13 / Premium Bumper Case,19,,,fulfilled,jamesdaisy,1 Lower Coxs Close,1 Lower Coxs Close,,Bedfordshire,MK43 0YF,ENG,GB,+447359180397,jamesdaisy,1 Lower Coxs Close,1 Lower Coxs Close,,Bedfordshire,MK43 0YF,ENG,GB,+447359180397,Shopify Payments,0,0,6762030006601,Low,web,0,GB VAT 20%,3.66,,rNWenYDPpwGrj6tzKRu1BvOpl,rNWenYDPpwGrj6tzKRu1BvOpl
1001226,jasminwescott@gmail.com,paid,2025-07-19 13:30:31 +0100,fulfilled,2025-07-21 11:38:54 +0100,no,GBP,11,2.95,2.32,13.95,,0,UK Standard,2025-07-19 13:30:30 +0100,1,White Slim Hard Phone Case (>£200 multi-buy 50% sale) - iPhone 14 Pro Max,11,18,JIM00448335,fulfilled,wescottjasmin,83 Gilda Crescent,83 Gilda Crescent,,Bristol,BS14 9LE,ENG,GB,,x jas xjas,83 Gilda cresent,83 Gilda cresent,,Bristol,BS14 9LE,ENG,GB,,Shopify Payments,0,0,6753806123337,Low,web,0,GB VAT 20%,2.32,,rc9h7TYFls7BgwG9IGseCw0IR,rc9h7TYFls7BgwG9IGseCw0IR
1001225,autumn_f@hotmail.co.uk,paid,2025-07-13 15:56:20 +0100,fulfilled,2025-07-14 12:28:17 +0100,yes,GBP,11,2.95,2.32,13.95,,0,UK Standard,2025-07-13 15:56:20 +0100,1,Yellow Smiles Phone Case - iPhone 16 Plus / Jelly Case,11,,,fulfilled,FarrellAutumn,"0/1 14 Springfield Gardens, Calton",0/1 14 Springfield Gardens,Calton,Glasgow,G31 4JD,SCT,GB,+447863989799,FarrellAutumn,7 Ferndale Place,7 Ferndale Place,,Glasgow,G23 5BW,SCT,GB,+447863989799,Shopify Payments,0,0,6743177691465,Low,web,0,GB VAT 20%,2.32,,rSCLnPVxXAMw0eMBDcJVCdpv8,rSCLnPVxXAMw0eMBDcJVCdpv8
1001224,ysub23@naver.com,refunded,2025-07-08 16:04:29 +0100,unfulfilled,,yes,GBP,11,2.95,2.32,13.95,,0,UK Standard,2025-07-08 16:04:29 +0100,1,Mini Tulip Phone Case - iPhone 15 Pro / Jelly Case,11,,JIM00445644,pending,KANGYoungsub,"UK LINKERS LTD, UNIT 242, KINGSPARK BUSINESS CENTRE",UK LINKERS LTD,"UNIT 242, KINGSPARK BUSINESS CENTRE",New Malden,KT3 3ST,ENG,GB,+447761508518,KANGYoungsub,"UK LINKERS LTD, UNIT 242, KINGSPARK BUSINESS CENTRE",UK LINKERS LTD,"UNIT 242, KINGSPARK BUSINESS CENTRE",New Malden,KT3 3ST,ENG,GB,+447761508518,Shopify Payments,13.95,0,6735747809609,Low,web,0,GB VAT 20%,2.32,+447761508518,rDUquUfIxg0RpPkspgEemlBmA,rDUquUfIxg0RpPkspgEemlBmA + 1001224.2
1001223,aliciakatethompson@icloud.com,paid,2025-07-03 13:46:00 +0100,fulfilled,2025-07-03 17:35:24 +0100,no,GBP,23,2.95,4.32,25.95,,0,UK Standard,2025-07-03 13:45:59 +0100,1,Pool Balls Phone Case - iPhone 15 Pro Max / Premium Bumper MagSafe Case,23,,,fulfilled,ThompsonAlicia,7 The Links,7 The Links,,Wakefield,WF4 3QP,ENG,GB,,ThompsonAlicia,7 The Links,7 The Links,,Wakefield,WF4 3QP,ENG,GB,,Shopify Payments,0,0,6728315371849,Low,web,0,GB VAT 20%,4.32,,rWgL5Yo1tMndj4vXosEnlHgEJ,rWgL5Yo1tMndj4vXosEnlHgEJ
1001222,chalkie2777@gmail.com,partially_refunded,2025-07-01 09:52:09 +0100,fulfilled,2025-07-04 17:02:54 +0100,yes,GBP,44,4.95,8.16,48.95,,2,UK Express,2025-07-01 09:52:09 +0100,1,Petite Navy Bows Phone Case - iPhone 16 Pro / Premium Bumper MagSafe Case,23,,,fulfilled,WakenshawDonna,18 carthorpe drive,18 carthorpe drive,,Billingham,TS23 3DJ,ENG,GB,,WakenshawDonna,18 carthorpe drive,18 carthorpe drive,,Billingham,TS23 3DJ,ENG,GB,,PayPal Express Checkout,2,21,6723864330569,Low,web,0,GB VAT 20%,8.16,,rZK6NrNHCrRwAem1sIyEkdMG4,rZK6NrNHCrRwAem1sIyEkdMG4 + 1001222.2
1001222,chalkie2777@gmail.com,,,,,,,,,,,,,,2025-07-01 09:52:09 +0100,1,Petite Navy Bows and Snowmen Phone Case - iPhone 16 Pro / Premium Bumper MagSafe Case,23,0,,fulfilled,,,,,,,,,,,,,,,,,,,,,,,,,2,,,,,
1001221,bellamarren@icloud.com,paid,2025-06-30 20:18:42 +0100,fulfilled,2025-07-01 12:41:52 +0100,yes,GBP,11,2.95,2.32,13.95,,0,UK Standard,2025-06-30 20:18:41 +0100,1,Petite Navy Bows Phone Case - iPhone 13 / Jelly Case,11,,,fulfilled,MarrenBella,19 Unity Close,19 Unity Close,,Wollaston,NN29 7SU,ENG,GB,,MarrenBella,19 Unity Close,19 Unity Close,,Wollaston,NN29 7SU,ENG,GB,,Shopify Payments,0,0,6723037167945,Low,web,0,GB VAT 20%,2.32,,r1grV5peBApcdoWg3Okbp15Nn,r1grV5peBApcdoWg3Okbp15Nn
1001220,eveyjflynn@icloud.com,paid,2025-06-30 00:30:15 +0100,fulfilled,2025-06-30 12:03:27 +0100,yes,GBP,11.66,11.66,0,23.32,,0,International Delivery,2025-06-30 00:30:12 +0100,1,Stamp Mix Phone Case - iPhone 13 / Jelly Case,11.66,,JIM00447799,fulfilled,FlynnEvey,1410 Westover Rd,1410 Westover Rd,,Austin,78703,TX,US,+15122022898,FlynnEvey,63 Peaks View Ct,63 Peaks View Ct,,Breckenridge,80424,CO,US,+15122022898,Shopify Payments,0,0.01,6721814626633,Low,web,0,,,,rtKkSktl0ezc0MEf0jSPkTS3p,rtKkSktl0ezc0MEf0jSPkTS3p + 1001220.2
1001219,eleanorburns@live.co.uk,paid,2025-06-28 22:36:01 +0100,fulfilled,2025-06-30 11:57:59 +0100,yes,GBP,18.9,2.95,3.64,21.85,WELCOME10,9.1,UK Standard,2025-06-28 22:36:00 +0100,1,Cherry Blossom Phone Grip - White Magnetic Phone Grip,14,,,fulfilled,BurnsEleanor,"Arlan, Stepaside Mochdre","Arlan, Stepaside Mochdre",,"Newtown, Powys",SY16 4JL,WLS,GB,,BurnsEleanor,"Arlan, Stepaside Mochdre","Arlan, Stepaside Mochdre",,"Newtown, Powys",SY16 4JL,WLS,GB,,Shopify Payments,0,0,6720147292489,Low,web,7,GB VAT 20%,3.64,,rBZOOuwvmD0DyyLQRcJ7AJtUO,rBZOOuwvmD0DyyLQRcJ7AJtUO
1001219,eleanorburns@live.co.uk,,,,,,,,,,,,,,2025-06-28 22:36:00 +0100,1,Daisy Phone Grip - White Magnetic Phone Grip,14,,,fulfilled,,,,,,,,,,,,,,,,,,,,,,,,,0,,,,,
1001218,tieganw02@icloud.com,paid,2025-06-26 19:32:51 +0100,fulfilled,2025-06-27 13:28:19 +0100,no,GBP,25.65,0,4.28,25.65,WELCOME10,12.35,UK Standard,2025-06-26 19:32:51 +0100,1,Blue Dream Cushion Phone Case - iPhone 15 / Premium Bumper Case,19,,JIM00440985,fulfilled,WebbTiegan,9 Kingston Close,9 Kingston Close,,Street,BA16 0DD,ENG,GB,,HedleyTiegan,9 Kingston Close,9 Kingston Close,,Street,BA16 0DD,ENG,GB,7873989863,Shopify Payments,0,0,6716615885129,Low,web,9.5,GB VAT 20%,4.28,,rywn22uCoffAhIlEXNnq8Z8jl,rywn22uCoffAhIlEXNnq8Z8jl
1001218,tieganw02@icloud.com,,,,,,,,,,,,,,2025-06-26 19:32:51 +0100,1,Petite White Bows Phone Case - iPhone 15 / Premium Bumper Case,19,,,fulfilled,,,,,,,,,,,,,,,,,,,,,,,,,0,,,,,
1001217,laura.kent@outlook.com,paid,2025-06-25 20:21:44 +0100,fulfilled,2025-06-26 10:18:43 +0100,yes,GBP,11,2.95,2.32,13.95,,0,UK Standard,2025-06-25 20:21:43 +0100,1,Tiny Navy Bows Phone Case - iPhone 15 Pro / Jelly Case,11,,,fulfilled,KentLaura,1 Staverton Drive,1 Staverton Drive,,Derby,DE3 0RY,ENG,GB,+447812373621,KentLaura,1 Staverton Drive,1 Staverton Drive,,Derby,DE3 0RY,ENG,GB,07812 373621,Shopify Payments,0,0,6714840514889,Low,web,0,GB VAT 20%,2.32,,rGG0u66gUfrfTA8eXTjqbAzV5,rGG0u66gUfrfTA8eXTjqbAzV5
1001216,gillymcneill@gmail.com,paid,2025-06-25 17:14:38 +0100,fulfilled,2025-06-26 10:08:00 +0100,no,GBP,23,2.95,4.32,25.95,,0,UK Standard,2025-06-25 17:14:37 +0100,1,Wild Flowers Phone Case - iPhone 16 Pro / Premium Bumper MagSafe Case,23,,,fulfilled,McneillGillian,141 Park Ave,141 Park Ave,,Belfast,BT4 1JJ,NIR,GB,,RoyGillian,141 Park Ave,141 Park Ave,,Belfast,BT4 1JJ,NIR,GB,,Shopify Payments,0,0,6714538000713,Low,web,0,GB VAT 20%,4.32,,r9AAdBxTXgPxBkdebMGuMeCUQ,r9AAdBxTXgPxBkdebMGuMeCUQ
1001215,charliejohnkerr2008@icloud.com,paid,2025-06-24 12:17:01 +0100,fulfilled,2025-06-24 12:45:10 +0100,yes,GBP,11,4.95,2.66,15.95,,0,UK Express,2025-06-24 12:17:01 +0100,1,Pool Balls Phone Case - iPhone 14 Pro / Jelly Case,11,,,fulfilled,KerrCharlie,33 Hillman Crescent,33 Hillman Crescent,,Linwood,PA3 3FD,SCT,GB,,KerrCharlie,"9 Douglas Street, North Coast and Cumbraes Ward",9 Douglas Street,North Coast and Cumbraes Ward,North Ayrshire,KA30 8PS,SCT,GB,,Shopify Payments,0,0,6712448090441,Low,web,0,GB VAT 20%,2.66,,r61mhyxFJ2cYeRLXJ3Fel14fC,r61mhyxFJ2cYeRLXJ3Fel14fC
1001214,kiannesullivan04@gmail.com,paid,2025-06-22 21:02:04 +0100,fulfilled,2025-06-23 15:32:47 +0100,yes,GBP,16.5,2.95,3.24,19.45,,5.5,UK Standard,2025-06-22 21:02:04 +0100,1,Purple Rose Phone Case - iPhone 15 Pro Max / Jelly Case,11,,JIM00446692,fulfilled,SullivanKianne,6 Headlands,6 Headlands,,"Huntingdon, Huntingdonshire",PE29 6GS,ENG,GB,,SullivanKianne,6 Headlands,6 Headlands,,"Huntingdon, Huntingdonshire",PE29 6GS,ENG,GB,,Shopify Payments,0,0,6710223405385,Low,web,5.5,GB VAT 20%,3.24,,rnZQ9ed7h6wfJpoRc0CGZpVeX,rnZQ9ed7h6wfJpoRc0CGZpVeX
1001214,kiannesullivan04@gmail.com,,,,,,,,,,,,,,2025-06-22 21:02:04 +0100,1,Petite Navy Bows Phone Case - iPhone 15 Pro Max / Jelly Case,11,,,fulfilled,,,,,,,,,,,,,,,,,,,,,,,,,0,,,,,
1001213,surplusextinguisherworld@gmail.com,paid,2025-06-21 14:15:43 +0100,fulfilled,2025-06-23 13:40:50 +0100,yes,GBP,34.57,11.9,0,46.47,,10.78,International Delivery,2025-06-21 14:15:41 +0100,1,Orange And Green Buttons Phone Case - iPhone 16 / Premium Bumper MagSafe Case,21.56,,JIM00445847,fulfilled,GregoryEric,31708 Wixson Drive,31708 Wixson Drive,,Warren,48092,MI,US,+12488500564,GregoryEric,31708 Wixson Drive,31708 Wixson Drive,,Warren,48092,MI,US,+12488500564,Shopify Payments,0,0,6708006322505,Low,web,10.78,,,,rY7sZ5BJN46Kv2qoq8EgLN3aq,rY7sZ5BJN46Kv2qoq8EgLN3aq + 1001213.2
1001213,surplusextinguisherworld@gmail.com,,,,,,,,,,,,,,2025-06-21 14:15:41 +0100,1,Moss Green Lace Phone Case - iPhone 16 / Premium Bumper MagSafe Case,23.79,,JIM00445793,fulfilled,,,,,,,,,,,,,,,,,,,,,,,,,0,,,,,
1001212,,paid,2025-06-20 21:22:07 +0100,fulfilled,2025-06-23 12:43:53 +0100,no,GBP,11,2.95,2.32,13.95,,0,UK Standard,2025-06-20 21:22:07 +0100,1,Petite Navy Bows Phone Case - iPhone 15 / Jelly Case,11,,,fulfilled,McClellandEmily,34 Waterloo Road,34 Waterloo Road,,Lisburn,BT27 5NW,NIR,GB,7940469560,McClellandEmily,34 Waterloo Road,34 Waterloo Road,,Lisburn,BT27 5NW,NIR,GB,7940469560,Shopify Payments,0,0,6707153699145,Low,web,0,GB VAT 20%,2.32,+447940469560,rxKj0T1JE6Xe0CryZrDQ5MfH3,rxKj0T1JE6Xe0CryZrDQ5MfH3
1001211,sandra.crichton.sc@googlemail.com,paid,2025-06-18 14:25:46 +0100,fulfilled,2025-06-18 15:06:11 +0100,yes,GBP,34.5,0,5.75,34.5,,11.5,UK Standard,2025-06-18 14:25:45 +0100,1,Daisy Faces Phone Case - iPhone 16 / Premium Bumper MagSafe Case,23,,,fulfilled,CrichtonSandra,11 Strathcarron Drive,11 Strathcarron Drive,,Paisley,PA2 7AW,SCT,GB,,CrichtonSandra,"11 Strathcarron Dr, Dykebar",11 Strathcarron Dr,Dykebar,Paisley,PA2 7AW,SCT,GB,,Shopify Payments,0,0,6702253572425,Low,web,11.5,GB VAT 20%,5.75,,rRwhFYPSmuz95KS5fzdFUXVpx,rRwhFYPSmuz95KS5fzdFUXVpx
1001211,sandra.crichton.sc@googlemail.com,,,,,,,,,,,,,,2025-06-18 14:25:45 +0100,1,Green Ribbon Bows Phone Case - iPhone 16 / Premium Bumper MagSafe Case,23,,,fulfilled,,,,,,,,,,,,,,,,,,,,,,,,,0,,,,,
1001210,dnvnisabella@gmail.com,paid,2025-06-17 09:18:02 +0100,fulfilled,2025-06-17 10:37:00 +0100,yes,GBP,11.8,11.8,0,23.6,,0,International Delivery,2025-06-17 09:18:00 +0100,1,White Slim Hard Phone Case (>£200 multi-buy 50% sale) - iPhone 13 / 14,11.8,18.43,JIM00448332,fulfilled,IsabellaDonovan,430 San Servando Avenue Southwest,430 San Servando Avenue Southwest,,Palm Bay,32908,FL,US,+13213619037,IsabellaDonovan,430 San Servando Avenue Southwest,430 San Servando Avenue Southwest,,Palm Bay,32908,FL,US,+13213619037,Shopify Payments,0,0.01,6700136431945,Low,3890849,0,,,,rwBVvWHuTG4aKbtQXPHifb1ii,rwBVvWHuTG4aKbtQXPHifb1ii + 1001210.2
1001209,kirstivaisto@hotmail.com,paid,2025-06-15 12:30:00 +0100,fulfilled,2025-06-16 12:05:17 +0100,no,GBP,11,2.95,2.32,13.95,,0,UK Standard,2025-06-15 12:29:59 +0100,1,Petite Navy Bows Phone Case - iPhone 13 / Jelly Case,11,,,fulfilled,JordanKirsti,"Caldwell Hall, Berry Lane","Caldwell Hall, Berry Lane",,Bromsgrove,B61 9EW,ENG,GB,,JordanKirsti,"Caldwell Hall, Berry Lane",Caldwell Hall,Berry Lane,"Upton Warren, Wychavon",B61 9EW,ENG,GB,,Shopify Payments,0,0,6697497887049,Low,web,0,GB VAT 20%,2.32,,rcrcmc8BrmrI3sbUxfUjXRdd8,rcrcmc8BrmrI3sbUxfUjXRdd8
1001208,helenadavina@icloud.com,paid,2025-06-13 10:49:51 +0100,fulfilled,2025-06-13 11:48:28 +0100,no,GBP,16.5,4.95,3.58,21.45,,5.5,UK Express,2025-06-13 10:49:50 +0100,1,Pool Balls Phone Case - iPhone 14 / Jelly Case,11,,,fulfilled,HodgkinsonHelena,7 coronation terrace,7 coronation terrace,,Chester,CW6 0AU,ENG,GB,+447514429344,HodgkinsonHelena,7 coronation terrace,7 coronation terrace,,Tarporley,CW6 0AU,ENG,GB,+447514429344,Shopify Payments,0,0,6694663192905,Low,web,5.5,GB VAT 20%,3.58,,rKus0WAAfdCZ0Qu6kuesatRaI,rKus0WAAfdCZ0Qu6kuesatRaI
1001208,helenadavina@icloud.com,,,,,,,,,,,,,,2025-06-13 10:49:50 +0100,1,Petite Navy Bows Phone Case - iPhone 14 / Jelly Case,11,,,fulfilled,,,,,,,,,,,,,,,,,,,,,,,,,0,,,,,
1001207,suebowen007@gmail.com,paid,2025-06-10 20:24:39 +0100,fulfilled,2025-06-11 12:07:29 +0100,yes,GBP,19,2.95,3.66,21.95,,0,UK Standard,2025-06-10 20:24:38 +0100,1,Petite Navy Bows Phone Case - iPhone 14 / Premium Bumper Case,19,,,fulfilled,BowenSue,3 Riverside Cottages,3 Riverside Cottages,,Doune,FK16 6AH,SCT,GB,,BowenSue,3 Riverside Cottages,3 Riverside Cottages,,Doune,FK16 6AH,SCT,GB,,PayPal Express Checkout,0,0,6690831696201,Low,web,0,GB VAT 20%,3.66,,rtg27HUeSbhawC1TszvBLrKch,rtg27HUeSbhawC1TszvBLrKch
1001206,helenadavina@icloud.com,partially_refunded,2025-06-08 21:37:53 +0100,fulfilled,2025-06-09 15:10:57 +0100,no,GBP,9.9,2.95,2.14,12.85,WELCOME10,1.1,UK Standard,2025-06-08 21:37:52 +0100,1,Petite Navy Bows Phone Case - iPhone 14 Pro / Jelly Case,11,,,fulfilled,HodgkinsonHelena,7 coronation terrace,7 coronation terrace,,Chester,CW6 0AU,ENG,GB,+447514429344,HodgkinsonHelena,7 coronation terrace,7 coronation terrace,,Tarporley,CW6 0AU,ENG,GB,+447514429344,Shopify Payments,9.9,0,6688061194569,Low,web,0,GB VAT 20%,2.14,,rmZv9sPEmKUSX92XXVfdISMjZ,rmZv9sPEmKUSX92XXVfdISMjZ + 1001206.2
1001205,florine.feugier31@gmail.com,refunded,2025-06-08 12:32:01 +0100,fulfilled,2025-06-27 15:03:35 +0100,no,GBP,31.99,9.23,0,41.22,WELCOME10,15.39,European Delivery,2025-06-08 12:32:00 +0100,1,Garden Bouquet Phone Case - iPhone 15 Pro / Jelly Case,11.76,,JIM00442951,fulfilled,FeugierFlorine,30 Impasse Route de Lyon,30 Impasse Route de Lyon,,Chevrières,38160,,FR,,FeugierFlorine,30 Impasse Route de Lyon,30 Impasse Route de Lyon,,Chevrières,38160,,FR,,Shopify Payments,25.83,16.12,6687358222665,Low,web,5.87,,,,rczCyEmDGya9YTPWOSTbND0V1,rczCyEmDGya9YTPWOSTbND0V1 + 1001205.2 + 1001205.3
1001205,florine.feugier31@gmail.com,,,,,,,,,,,,,,2025-06-08 12:32:00 +0100,1,World Travel Stickers Phone Case - iPhone 15 Pro / Jelly Case,11.76,,,fulfilled,,,,,,,,,,,,,,,,,,,,,,,,,0,,,,,
1001205,florine.feugier31@gmail.com,,,,,,,,,,,,,,2025-06-08 12:32:00 +0100,1,World Travel Stickers Phone Case - iPhone 15 Pro / Jelly Case,11.93,0,,fulfilled,,,,,,,,,,,,,,,,,,,,,,,,,0,,,,,
1001205,florine.feugier31@gmail.com,,,,,,,,,,,,,,2025-06-08 12:32:00 +0100,1,Garden Bouquet Phone Case - iPhone 15 Pro / Jelly Case,11.93,0,JIM00442951,fulfilled,,,,,,,,,,,,,,,,,,,,,,,,,7.75,,,,,
1001204,stephaniewestern@hotmail.com,paid,2025-06-02 22:20:02 +0100,fulfilled,2025-06-03 09:15:12 +0100,no,GBP,19,2.95,3.66,21.95,,0,UK Standard,2025-06-02 22:20:01 +0100,1,Petite Navy Bows Phone Case - iPhone 12 Pro Max / Premium Bumper Case,19,,,fulfilled,ColesStephanie,"51 Walston Way, Brampton","51 Walston Way, Brampton",,Huntingdon,PE28 4GT,ENG,GB,,ColesStephanie,"51 Walston Way, Brampton",51 Walston Way,Brampton,Huntingdon,PE28 4GT,ENG,GB,,Shopify Payments,0,0,6679881253193,Low,web,0,GB VAT 20%,3.66,,r9kPI00N1A0pBbdF00GvOTTcA,r9kPI00N1A0pBbdF00GvOTTcA
1001203,emilyrpaul1235@icloud.com,paid,2025-06-02 14:03:23 +0100,fulfilled,2025-06-02 14:29:00 +0100,yes,GBP,24.5,4.95,4.92,29.45,,5.5,UK Express,2025-06-02 14:03:23 +0100,1,Small Lemons Phone Case - iPhone 16 / Jelly Case,11,,,fulfilled,PaulEmily,19 Ashville,19 Ashville,,Tredegar,NP22 4LN,WLS,GB,+447485508776,PaulEmily,19 Ashville,19 Ashville,,Tredegar,NP22 4LN,WLS,GB,+447485508776,Shopify Payments,0,0,6679186080073,Low,3890849,5.5,GB VAT 20%,4.92,,ryamsx7nAfksWzeVvadKNU99G,ryamsx7nAfksWzeVvadKNU99G
1001203,emilyrpaul1235@icloud.com,,,,,,,,,,,,,,2025-06-02 14:03:23 +0100,1,KODDY's Cute White Cat Flower Coffee Time Phone Case - iPhone 16 / Premium Bumper Case,19,,JIM00444472,fulfilled,,,,,,,,,,,,,,,,,,,,,,,,,0,,,,,
1001202,robynmurdie@gmail.com,paid,2025-05-28 16:53:36 +0100,fulfilled,2025-05-28 17:06:01 +0100,yes,GBP,11,2.95,2.32,13.95,,0,UK Standard,2025-05-28 16:53:35 +0100,1,Petite White Bows Phone Case - iPhone 16 Plus / Jelly Case,11,,,fulfilled,MurdochRobyn,20 Cameron Way,20 Cameron Way,,Prestonpans,EH32 9FH,SCT,GB,,MurdochRobyn,20 Cameron Way,20 Cameron Way,,Prestonpans,EH32 9FH,SCT,GB,,Shopify Payments,0,0,6670469333321,Low,web,0,GB VAT 20%,2.32,,rOyORePBpBgPQsImwT2kRiZTC,rOyORePBpBgPQsImwT2kRiZTC
1001201,kaylarebeccaspence@gmail.com,partially_refunded,2025-05-27 14:06:23 +0100,fulfilled,2025-05-27 16:00:54 +0100,yes,GBP,11,2.95,2.32,13.95,,0,UK Standard,2025-05-27 14:06:22 +0100,1,Tiny Navy Bows Phone Case - iPhone 16 Pro Max / Jelly Case,11,,,fulfilled,SpenceKayla,3 Tuscany Gardens,3 Tuscany Gardens,,Aberdeen,AB21 0NB,SCT,GB,7802749128,SpenceKayla,3 Tuscany Gardens,3 Tuscany Gardens,,Aberdeen,AB21 0NB,SCT,GB,7802749128,Shopify Payments,11,0,6668809797961,Low,web,0,GB VAT 20%,2.32,,rvqHCkVDHNOaE0OS6EJ5e7yOm,rvqHCkVDHNOaE0OS6EJ5e7yOm + 1001201.2
1001200,,paid,2025-05-25 18:29:22 +0100,fulfilled,2025-05-27 11:57:48 +0100,no,GBP,11.71,9.19,0,20.9,,0,European Delivery,2025-05-25 18:29:14 +0100,1,Petite White Bows Phone Case - iPhone 13 / Jelly Case,11.71,,,fulfilled,De PesterVanessa,Witherenstraat 24,Witherenstraat 24,,Ninove,9400,,BE,,De PesterVanessa,Witherenstraat 24,Witherenstraat 24,,Ninove,9400,,BE,,Shopify Payments,0,0,6665267151177,Low,web,0,,,+32476646376,rf2qZyMjtcPYp9bEikMxSwWAy,rf2qZyMjtcPYp9bEikMxSwWAy
1001199,boufy2002@hotmail.com,paid,2025-05-22 18:25:32 +0100,fulfilled,2025-05-23 10:36:38 +0100,no,GBP,11,2.95,2.32,13.95,,0,UK Standard,2025-05-22 18:25:31 +0100,1,Transparent Clear Phone Case - iPhone 16 Pro / Jelly Case,11,,JIM00448051,fulfilled,TzoumakiVaia,7 Tiltman Place,7 Tiltman Place,,London,N7 7EL,ENG,GB,,TzoumakiVaia,"7 Tiltman Place , Apartment 21, Apartment 21","7 Tiltman Place , Apartment 21",Apartment 21,London,N7 7EL,ENG,GB,,Shopify Payments,0,0,6657777271113,Low,web,0,GB VAT 20%,2.32,,r0n8vHocQP7UWhCDdVHv51rgd,r0n8vHocQP7UWhCDdVHv51rgd
1001198,nick@exodusventures.co.uk,paid,2025-05-21 14:39:27 +0100,fulfilled,2025-05-21 17:10:39 +0100,yes,GBP,31.05,0,5.18,31.05,WELCOME10,14.95,UK Standard,2025-05-21 14:39:26 +0100,1,Red Pom-Pom Hats Phone Case - iPhone 15 Pro Max / Premium Bumper MagSafe Case,23,,JIM00447126,fulfilled,D BeareN,84 Bruce Avenue,84 Bruce Avenue,,Worthing,BN11 5LA,ENG,GB,,D BeareN,84 Bruce Avenue,84 Bruce Avenue,,Worthing,BN11 5LA,ENG,GB,,Shopify Payments,0,0,6655432261961,Low,web,11.5,GB VAT 20%,5.18,,rXzEpcFvFcwJ8PzgCgswHBRdK,rXzEpcFvFcwJ8PzgCgswHBRdK
1001198,nick@exodusventures.co.uk,,,,,,,,,,,,,,2025-05-21 14:39:26 +0100,1,Petite Navy Bows Phone Case - iPhone 15 Pro Max / Premium Bumper MagSafe Case,23,,,fulfilled,,,,,,,,,,,,,,,,,,,,,,,,,0,,,,,
1001197,moonshaun5@aol.com,paid,2025-05-20 18:52:50 +0100,fulfilled,2025-05-21 11:01:51 +0100,yes,GBP,9.9,2.95,2.14,12.85,WELCOME10,1.1,UK Standard,2025-05-20 18:52:49 +0100,1,Good Luck Clover Phone Case - iPhone 14 Pro / Jelly Case,11,,JIM00443288,fulfilled,moonjenny,"1 Southview Close, South Woodham Ferrers",1 Southview Close,South Woodham Ferrers,Chelmsford,CM3 5PE,ENG,GB,,moonjenny,"1 Southview Close, South Woodham Ferrers",1 Southview Close,South Woodham Ferrers,Chelmsford,CM3 5PE,ENG,GB,,Shopify Payments,0,0,6651156463945,Low,web,0,GB VAT 20%,2.14,,rOJwpD6iO0hsr4jRIKEOd1u04,rOJwpD6iO0hsr4jRIKEOd1u04
1001196,polonskaya.jane@gmail.com,paid,2025-05-20 15:59:34 +0100,fulfilled,2025-05-20 18:26:57 +0100,no,GBP,9.9,2.95,2.14,12.85,WELCOME10,1.1,UK Standard,2025-05-20 15:59:33 +0100,1,Ash Rose Ribbons Phone Case - iPhone 15 Plus / Jelly Case,11,,,fulfilled,PolonskayaEvgeniya,52 Stanhope Street,52 Stanhope Street,,London,NW1 3EX,ENG,GB,+447888497938,PolonskayaEvgeniya,"193 Caledonian Road, Flat 3",193 Caledonian Road,Flat 3,London,N1 0SL,ENG,GB,+447888497938,Shopify Payments,0,0,6650923385161,Low,web,0,GB VAT 20%,2.14,,r4mOmzKAti30Cpv9jLnTX5vmH,rBS1qydTb6IazKO88CTSBE5Gi + rj0WiKIAH7js8qlMeFuQug33P + r4mOmzKAti30Cpv9jLnTX5vmH
1001195,amlind96@hotmail.com,paid,2025-05-18 14:33:42 +0100,fulfilled,2025-05-19 08:33:25 +0100,yes,GBP,27,0,4.5,27,WELCOME10,10,UK Standard,2025-05-18 14:33:41 +0100,1,Pink Ribbon Phone Grip - Black Magnetic Phone Grip,14,,5065021321467,fulfilled,LindAlexandria,"3 Poplar Grove, Seaforth",3 Poplar Grove,Seaforth,Liverpool,L21 1BR,ENG,GB,7445225692,LindAlexandria,"3 Poplar Grove, Seaforth",3 Poplar Grove,Seaforth,Liverpool,L21 1BR,ENG,GB,7445225692,Klarna,0,0,6647085793609,Low,web,7,GB VAT 20%,4.5,,rxdv5KTzbyYitMpRm7Y5ISgFK,rxdv5KTzbyYitMpRm7Y5ISgFK
1001195,amlind96@hotmail.com,,,,,,,,,,,,,,2025-05-18 14:33:41 +0100,1,Blue Pink Ribbon Bows Phone Case - iPhone 16 Pro / Premium Bumper MagSafe Case,23,,JIM00441193,fulfilled,,,,,,,,,,,,,,,,,,,,,,,,,0,,,,,
1001194,pink_108@hotmail.co.uk,paid,2025-05-17 15:16:44 +0100,fulfilled,2025-05-18 11:14:41 +0100,yes,GBP,25.65,0,4.28,25.65,WELCOME10,12.35,UK Standard,2025-05-17 15:16:44 +0100,1,Bluebell Flower Phone Case - iPhone 12 / Premium Bumper Case,19,,JIM00441558,fulfilled,JoyceHannah,"12, Francis Street",12,Francis Street,Brightlingsea,CO7 0DG,ENG,GB,,JoyceHannah,"12, Francis Street",12,Francis Street,Brightlingsea,CO7 0DG,ENG,GB,,Shopify Payments,0,0,6646028730697,Low,web,9.5,GB VAT 20%,4.28,,rSzAPpQM6oF0S2EeHXaUEWtTN,rSzAPpQM6oF0S2EeHXaUEWtTN
1001194,pink_108@hotmail.co.uk,,,,,,,,,,,,,,2025-05-17 15:16:44 +0100,1,Petite Navy Bows Phone Case - iPhone 12 / Premium Bumper Case,19,,,fulfilled,,,,,,,,,,,,,,,,,,,,,,,,,0,,,,,
1001193,njgriffiths75@gmail.com,paid,2025-05-16 21:05:41 +0100,fulfilled,2025-05-18 10:55:44 +0100,yes,GBP,28.5,4.95,5.58,33.45,,9.5,UK Express,2025-05-16 21:05:41 +0100,1,Wild Flowers Phone Case - iPhone 16 / Premium Bumper Case,19,,,fulfilled,GriffithsNicholas,"Brentwood, Chequers Road","Brentwood, Chequers Road",,Goudhurst,TN17 1DL,ENG,GB,+447957775465,GriffithsNicholas,"Brentwood, Chequers Road","Brentwood, Chequers Road",,Goudhurst,TN17 1DL,ENG,GB,07957 775465,Shopify Payments,0,0,6645235384649,Low,web,9.5,GB VAT 20%,5.58,,rxQxJIeq5ZB4xmcaqNpLRkJ3M,rxQxJIeq5ZB4xmcaqNpLRkJ3M
1001193,njgriffiths75@gmail.com,,,,,,,,,,,,,,2025-05-16 21:05:41 +0100,1,Petite Navy Bows Phone Case - iPhone 16 Pro / Premium Bumper Case,19,,,fulfilled,,,,,,,,,,,,,,,,,,,,,,,,,0,,,,,
1001192,asmiiullengal@gmail.com,paid,2025-05-15 21:12:05 +0100,fulfilled,2025-05-16 10:10:46 +0100,yes,GBP,19,2.95,3.66,21.95,,0,UK Standard,2025-05-15 21:12:04 +0100,1,Petite Navy Bows Phone Case - iPhone 16 / Premium Bumper Case,19,,,fulfilled,UllengalAsmii,"Flat 52 Bucklebury, Stanhope Street","Flat 52 Bucklebury, Stanhope Street",,"Camden, London",NW1 3LB,ENG,GB,,UllengalAsmii,"Flat 52 Bucklebury, Stanhope Street","Flat 52 Bucklebury, Stanhope Street",,"Camden, London",NW1 3LB,ENG,GB,,Shopify Payments,0,0,6644086571337,Low,web,0,GB VAT 20%,3.66,,rvroVOYI2BBTG1R8s9PWM2Dkr,rvroVOYI2BBTG1R8s9PWM2Dkr
1001191,sara-anne1@hotmail.co.uk,paid,2025-05-11 23:15:50 +0100,fulfilled,2025-05-12 10:51:50 +0100,yes,GBP,14,4.95,3.16,18.95,,0,UK Express,2025-05-11 23:15:50 +0100,1,Daisy Phone Grip - Pink Magnetic Phone Grip,14,,,fulfilled,MassonSara-anne,"RMB Chivenor, Chivenor, Braunton",RMB Chivenor,"Chivenor, Braunton",Barnstaple,EX31 4AZ,ENG,GB,,MassonSara-anne,"RMB Chivenor, Chivenor, Braunton",RMB Chivenor,"Chivenor, Braunton",Barnstaple,EX31 4AZ,ENG,GB,,Shopify Payments,0,0,6639301820745,Low,web,0,GB VAT 20%,3.16,,rTRGdIqCzfBN7yJu1jusKNHjy,rTRGdIqCzfBN7yJu1jusKNHjy
1001190,jademwatson@outlook.com,paid,2025-05-11 18:29:10 +0100,fulfilled,2025-05-12 10:51:12 +0100,yes,GBP,20.7,4.95,4.28,25.65,WELCOME10,2.3,UK Express,2025-05-11 18:29:10 +0100,1,Mini Pool Balls Phone Case - iPhone 16 Pro Max / Premium Bumper MagSafe Case,23,,,fulfilled,WatsonJade,180 Hazlebarrow Crescent,180 Hazlebarrow Crescent,,Sheffield,S8 8AR,ENG,GB,7944854982,WatsonJade,180 Hazlebarrow Crescent,180 Hazlebarrow Crescent,,Sheffield,S8 8AR,ENG,GB,7944854982,Shopify Payments,0,0,6638445330761,Low,web,0,GB VAT 20%,4.28,,ryanRJkiGHCCQm44VZDAXrUHJ,ryanRJkiGHCCQm44VZDAXrUHJ
1001189,shelly_lou_83@hotmail.co.uk,paid,2025-05-11 11:27:04 +0100,fulfilled,2025-05-12 10:50:37 +0100,yes,GBP,7,4.95,2,11.95,,0,UK Express,2025-05-11 11:27:03 +0100,1,Cherry Blossom Phone Grip - Basic Phone Grip,7,,,fulfilled,LathamMichelle,36 Browning Avenue,36 Browning Avenue,,Birkenhead,CH42 2DF,ENG,GB,7518437553,LathamMichelle,36 Browning Avenue,36 Browning Avenue,,Birkenhead,CH42 2DF,ENG,GB,7518437553,Shopify Payments,0,0,6637929562441,Low,web,0,GB VAT 20%,2,,rghSV3MTbQQPcDQfzCOPPzXfp,rghSV3MTbQQPcDQfzCOPPzXfp
1001188,,paid,2025-05-10 18:29:42 +0100,fulfilled,2025-05-12 12:35:38 +0100,no,GBP,19,2.95,3.66,21.95,,0,UK Standard,2025-05-10 18:29:42 +0100,1,Petite White Bows Phone Case - iPhone 15 / Premium Bumper Case,19,,,fulfilled,HollandsErin,Coombe Drive,Coombe Drive,,Sittingbourne,ME10 3DA,ENG,GB,,HollandsErin,55 Coombe Drive,55 Coombe Drive,,Sittingbourne,ME10 3DA,ENG,GB,,Shopify Payments,0,0,6637307298121,Low,web,0,GB VAT 20%,3.66,+447936628091,rqXxv0uO7waSCIuTVUNBE6j1S,rqXxv0uO7waSCIuTVUNBE6j1S
1001187,andos83@yahoo.co.uk,paid,2025-05-10 09:02:35 +0100,fulfilled,2025-05-12 12:35:38 +0100,no,GBP,11,2.95,2.32,13.95,,0,UK Standard,2025-05-10 09:02:35 +0100,1,Petite Navy Bows Phone Case - iPhone 16 Pro / Jelly Case,11,,,fulfilled,McNaughtonAndrew,"Flat 9, 93 Milton Road East",Flat 9,93 Milton Road East,Edinburgh,EH15 2NL,SCT,GB,,McNaughtonAndrew,"Flat 9, 93 Milton Road East",Flat 9,93 Milton Road East,Edinburgh,EH15 2NL,SCT,GB,,Shopify Payments,0,0,6636602917193,Low,web,0,GB VAT 20%,2.32,,rh53n7eEtbXTTKa8QoBspiN65,rh53n7eEtbXTTKa8QoBspiN65
1001186,Rodabereket83@gmail.com,paid,2025-05-09 18:06:18 +0100,fulfilled,2025-05-12 12:35:38 +0100,yes,GBP,14.85,2.95,2.97,17.8,WELCOME10,7.15,UK Standard,2025-05-09 18:06:18 +0100,1,White Slim Hard Phone Case (>£200 multi-buy 50% sale) - iPhone 14 Pro,11,18,JIM00448333,fulfilled,BereketRoda,"Apartment 16, 32 Wells Terrace","Apartment 16, 32 Wells Terrace",,London,N4 3FP,ENG,GB,+447908961422,BereketRoda,"NE2 4BB, Flat 3, Park Terrace",NE2 4BB,"Flat 3, Park Terrace",Newcastle upon Tyne,NE2 4BB,ENG,GB,+447908961422,Shopify Payments,0,0,6636094685513,Low,web,5.5,GB VAT 20%,2.97,,rj8nmMMIzNuoEfpXKEftlvGRB,rj8nmMMIzNuoEfpXKEftlvGRB
1001186,Rodabereket83@gmail.com,,,,,,,,,,,,,,2025-05-09 18:06:18 +0100,1,Wild Flowers Phone Case - iPhone 14 Pro / Jelly Case,11,,,fulfilled,,,,,,,,,,,,,,,,,,,,,,,,,0,,,,,
1001185,lesley0766@outlook.com,paid,2025-05-09 07:22:22 +0100,fulfilled,2025-05-09 11:31:06 +0100,yes,GBP,11,2.95,2.32,13.95,,0,UK Standard,2025-05-09 07:22:21 +0100,1,Autumn Flowers Phone Case - iPhone 15 / Jelly Case,11,,JIM00440066,fulfilled,StickingsKevin,4 David Henderson Court,4 David Henderson Court,,Dunfermline,KY12 9DN,SCT,GB,,StickingsKevin,4 David Henderson Court,4 David Henderson Court,,Dunfermline,KY12 9DN,SCT,GB,,Shopify Payments,0,0,6635333419337,Low,web,0,GB VAT 20%,2.32,,rdoJ955V74qXjSvg0L6XWdSDi,rdoJ955V74qXjSvg0L6XWdSDi
1001184,bwashington07@icloud.com,paid,2025-05-08 23:15:04 +0100,fulfilled,2025-05-09 10:53:18 +0100,yes,GBP,23,2.95,4.32,25.95,,0,UK Standard,2025-05-08 23:15:03 +0100,1,Mini Pool Balls Phone Case - iPhone 16 Plus / Premium Bumper MagSafe Case,23,,,fulfilled,WashingtonBethany,199UN Vincent Road,199UN Vincent Road,,Aylesbury,HP19 9UN,ENG,GB,,WashingtonBethany,19 Vincent Road,19 Vincent Road,,Aylesbury,HP19 9UN,ENG,GB,+447553979553,Shopify Payments,0,0,6635198447945,Low,3890849,0,GB VAT 20%,4.32,,rMSvrUuZeosMlircw25vPrRNq,rMSvrUuZeosMlircw25vPrRNq
1001183,scarlett.hawkins22@elthamhill.com,paid,2025-05-08 23:12:02 +0100,fulfilled,2025-05-09 10:23:06 +0100,yes,GBP,9.9,4.95,2.48,14.85,WELCOME10,1.1,UK Express,2025-05-08 23:12:01 +0100,1,Indigo Lace Phone Case - iPhone 14 / Jelly Case,11,,JIM00443889,fulfilled,hawkinsscarlett,26 Frensham Road,26 Frensham Road,,London,SE9 3RQ,ENG,GB,+447377546211,hawkinsscarlett,26 Frensham Road,26 Frensham Road,,London,SE9 3RQ,ENG,GB,+447377546211,Shopify Payments,0,0,6635196842313,Low,web,0,GB VAT 20%,2.48,,rUaoaTxkQsoAYcmc7O6VPt3L8,rUaoaTxkQsoAYcmc7O6VPt3L8
1001182,sophiekelly95@hotmail.co.uk,paid,2025-05-07 22:03:40 +0100,fulfilled,2025-05-15 12:05:15 +0100,yes,GBP,55.8,0,9.3,55.8,WELCOME10,26.2,UK Standard,2025-05-07 22:03:39 +0100,1,Daisy Dreams Phone Case - iPhone 15 / Premium Bumper Case,18,,,fulfilled,KellySophie,4 Cragside Court,4 Cragside Court,,Consett,DH8 8TG,ENG,GB,7498721119,KellySophie,4 Cragside Court,4 Cragside Court,,Consett,DH8 8TG,ENG,GB,7498721119,PayPal Express Checkout,0,27.9,6633786671433,Low,web,9,GB VAT 20%,9.3,,rX5fegsCdKa6Jl0kKNip6DlJ4,rX5fegsCdKa6Jl0kKNip6DlJ4
1001182,sophiekelly95@hotmail.co.uk,,,,,,,,,,,,,,2025-05-07 22:03:39 +0100,1,Mini Tulip Phone Case - iPhone 15 Pro / Premium Bumper MagSafe Case,22,,JIM00445646,fulfilled,,,,,,,,,,,,,,,,,,,,,,,,,0,,,,,
1001182,sophiekelly95@hotmail.co.uk,,,,,,,,,,,,,,2025-05-07 22:03:39 +0100,1,Daisy Dreams Phone Case - iPhone 15 / Premium Bumper Case,19,0,,fulfilled,,,,,,,,,,,,,,,,,,,,,,,,,10,,,,,
1001182,sophiekelly95@hotmail.co.uk,,,,,,,,,,,,,,2025-05-07 22:03:39 +0100,1,Mini Tulip Phone Case - iPhone 15 Pro / Premium Bumper MagSafe Case,23,0,JIM00445646,fulfilled,,,,,,,,,,,,,,,,,,,,,,,,,4.1,,,,,
1001181,katelynfoster05kf@gmail.com,paid,2025-05-05 19:18:17 +0100,fulfilled,2025-05-06 10:01:35 +0100,yes,GBP,29.7,0,4.95,29.7,WELCOME10,14.3,UK Standard,2025-05-05 19:18:16 +0100,1,Dainty Wild Flower Phone Case - iPhone 15 / Premium Bumper MagSafe Case,22,,JIM00442722,fulfilled,FosterKatelyn,"23, Nairn way",23,Nairn way,CARLISLE,CA2 6RU,ENG,GB,+447951321745,FosterKatelyn,"23, Nairn way",23,Nairn way,CARLISLE,CA2 6RU,ENG,GB,+447951321745,Shopify Payments,0,0,6630102729033,Low,web,11,GB VAT 20%,4.95,,rB6YEY5LpVl4bk3aDsiSPehbu,rw2tgmVfpQo7RvYfm46yuH2Ln + rGy2VQFvXIozvbxcIWsi4rmRB + rB6YEY5LpVl4bk3aDsiSPehbu
1001181,katelynfoster05kf@gmail.com,,,,,,,,,,,,,,2025-05-05 19:18:16 +0100,1,Tiny Navy Bows Phone Case - iPhone 15 / Premium Bumper MagSafe Case,22,,,fulfilled,,,,,,,,,,,,,,,,,,,,,,,,,0,,,,,
1001180,richardgilmore25@hotmail.co.uk,paid,2025-05-04 21:14:06 +0100,fulfilled,2025-05-06 10:05:20 +0100,no,GBP,27,0,4.5,27,,9,UK Standard,2025-05-04 21:14:05 +0100,1,Petite Navy Bows Phone Case - iPhone 14 / Premium Bumper Case,18,,,fulfilled,GilmoreRicard,"Dromore Road, Lurgan",Dromore Road,Lurgan,Craigavon,BT66 7LD,NIR,GB,,GilmoreRichard,28 Dromore Road,28 Dromore Road,,Lurgan,BT66 7LD,NIR,GB,,Shopify Payments,0,0,6628709368137,Low,web,0,GB VAT 20%,4.5,,r8GbEJjoZAWAZ5gCTmJiZ32av,r8GbEJjoZAWAZ5gCTmJiZ32av
1001180,richardgilmore25@hotmail.co.uk,,,,,,,,,,,,,,2025-05-04 21:14:05 +0100,1,Petite Navy Bows Phone Case - iPhone 14 / Premium Bumper Case,18,,,fulfilled,,,,,,,,,,,,,,,,,,,,,,,,,9,,,,,
1001179,bluee.w97@icloud.com,paid,2025-05-04 20:39:44 +0100,fulfilled,2025-05-06 09:57:05 +0100,yes,GBP,18,0,3,18,,0,UK Standard,2025-05-04 20:39:43 +0100,1,Blue Heart Balloons Phone Case - iPhone 15 / Premium Bumper Case,18,,JIM00441093,fulfilled,GraffBlue,"Well Cottage, Pylle",Well Cottage,Pylle,Shepton Mallet,BA4 6TA,ENG,GB,,GraffBlue,"Well Cottage, Pylle",Well Cottage,Pylle,Shepton Mallet,BA4 6TA,ENG,GB,,Shopify Payments,0,0,6628654317897,Low,web,0,GB VAT 20%,3,,rZqCPVUP5JM1nuGIN2GFqj5Cs,rxKgbID4PWbJ9bzOfeetNjLxl + rZqCPVUP5JM1nuGIN2GFqj5Cs
1001178,laaiqah.mohomed@yahoo.com,paid,2025-05-03 12:53:10 +0100,fulfilled,2025-05-06 09:56:17 +0100,yes,GBP,16,0,2.66,16,,8,UK Standard,2025-05-03 12:53:09 +0100,1,White Spider Web Phone Case - iPhone 15 / Jelly Case,8,,,fulfilled,MohomedLaaiqah,"14 Wembley Park Boulevard, Flat beton 412",14 Wembley Park Boulevard,Flat beton 412,Wembley,HA9 0SL,ENG,GB,,MohomedLaaiqah,"14 Wembley Park Boulevard, Flat beton 412",14 Wembley Park Boulevard,Flat beton 412,Wembley,HA9 0SL,ENG,GB,,Shopify Payments,0,0,6626372190537,Low,web,8,GB VAT 20%,2.66,+447459505559,rWoOXzIWlSoTDjQlJmHw8eyso,rWoOXzIWlSoTDjQlJmHw8eyso
1001178,laaiqah.mohomed@yahoo.com,,,,,,,,,,,,,,2025-05-03 12:53:09 +0100,1,Tiny Navy Bows Phone Case - iPhone 15 / Jelly Case,8,,,fulfilled,,,,,,,,,,,,,,,,,,,,,,,,,0,,,+447459505559,,
1001178,laaiqah.mohomed@yahoo.com,,,,,,,,,,,,,,2025-05-03 12:53:09 +0100,1,Transparent Clear Phone Case - iPhone 15 / Jelly Case,8,,JIM00448060,fulfilled,,,,,,,,,,,,,,,,,,,,,,,,,0,,,+447459505559,,
1001177,k2qf1lk11h@knmcadibav.com,paid,2025-05-01 01:59:33 +0100,fulfilled,2025-05-01 11:22:38 +0100,yes,GBP,8.26,12.76,0,21.02,,0,International Delivery,2025-05-01 01:59:31 +0100,1,Pure White Hearts Phone Case - iPhone 16 Pro Max / Jelly Case,8.26,,,fulfilled,FigueroaJose,10 W Ruby Ave,10 W Ruby Ave,,Palisades Park,7650,NJ,US,,FigueroaJose,10 W Ruby Ave,10 W Ruby Ave,,Palisades Park,7650,NJ,US,,Shopify Payments,0,0,6622743462217,High,web,0,,,,rb0uuF3PpWT5qF9V75H1ln2zo,rb0uuF3PpWT5qF9V75H1ln2zo + 1001177.2